event_id,user_id,event_type,m2_behavior_score,ml_attack_probability,ml_attack_prediction,isolation_risk_score,isolation_forest_prediction,off_hours_flag,weekend_activity_flag,event_velocity_score,transaction_ratio_to_user_average,transaction_spike_score,attack_stage_score,sequence_progression_score,contextual_risk_score,m2_risk_normalized,ml_risk_normalized,isolation_risk_normalized,contextual_risk_normalized,sequence_risk_normalized,attack_stage_normalized,contextual_signal_count,m12_risk_score,m12_risk_level,m12_attack_prediction,model_agreement,m12_security_alert,m12_detection_explanation
E000669,U002,transaction,55.0,99.0,1,98.6134080237774,1,1,0,6.83,100.0,100.0,20.0,70.02,41.05,0.55,0.99,0.9861340802377739,0.4105,0.7001999999999999,1.0,4,77.05,HIGH,1,BOTH MODELS,HIGH PRIORITY SECURITY ALERT,High behavioural deviation; Random Forest detection; Isolation Forest anomaly; Elevated contextual risk; Suspicious sequence progression; Attack-stage activity detected; Off-hours activity
E000591,U001,transaction,55.0,98.75,1,98.6134080237774,1,1,0,6.83,30.77,100.0,20.0,70.02,41.05,0.55,0.9875,0.9861340802377739,0.4105,0.7001999999999999,1.0,4,76.96,HIGH,1,BOTH MODELS,HIGH PRIORITY SECURITY ALERT,High behavioural deviation; Random Forest detection; Isolation Forest anomaly; Elevated contextual risk; Suspicious sequence progression; Attack-stage activity detected; Off-hours activity
E000590,U001,beneficiary_change,40.2,100.0,1,100.0,1,1,0,6.0,0.0,0.0,20.0,44.9,20.8,0.402,1.0,1.0,0.20800000000000002,0.449,1.0,3,68.63,HIGH,1,BOTH MODELS,HIGH PRIORITY SECURITY ALERT,High behavioural deviation; Random Forest detection; Isolation Forest anomaly; Elevated contextual risk; Suspicious sequence progression; Attack-stage activity detected; Off-hours activity
E000667,U002,beneficiary_change,40.2,100.0,1,100.0,1,1,0,6.0,0.0,0.0,20.0,44.9,20.8,0.402,1.0,1.0,0.20800000000000002,0.449,1.0,3,68.63,HIGH,1,BOTH MODELS,HIGH PRIORITY SECURITY ALERT,High behavioural deviation; Random Forest detection; Isolation Forest anomaly; Elevated contextual risk; Suspicious sequence progression; Attack-stage activity detected; Off-hours activity
E000588,U001,file_access,33.0,96.5,1,83.10241956040129,1,1,0,5.17,0.0,0.0,20.0,44.78,20.55,0.33,0.965,0.8310241956040129,0.20550000000000002,0.44780000000000003,1.0,3,62.67,HIGH,1,BOTH MODELS,HIGH PRIORITY SECURITY ALERT,High behavioural deviation; Random Forest detection; Isolation Forest anomaly; Elevated contextual risk; Suspicious sequence progression; Attack-stage activity detected; Off-hours activity
E000666,U002,file_access,33.0,96.5,1,83.10241956040129,1,1,0,5.17,0.0,0.0,20.0,44.78,20.55,0.33,0.965,0.8310241956040129,0.20550000000000002,0.44780000000000003,1.0,3,62.67,HIGH,1,BOTH MODELS,HIGH PRIORITY SECURITY ALERT,High behavioural deviation; Random Forest detection; Isolation Forest anomaly; Elevated contextual risk; Suspicious sequence progression; Attack-stage activity detected; Off-hours activity
E000586,U001,permission_change,33.2,86.75,1,97.14581573723414,1,1,0,2.58,0.0,0.0,20.0,34.39,19.77,0.332,0.8675,0.9714581573723414,0.1977,0.3439,1.0,3,60.31,HIGH,1,BOTH MODELS,HIGH PRIORITY SECURITY ALERT,High behavioural deviation; Random Forest detection; Isolation Forest anomaly; Elevated contextual risk; Suspicious sequence progression; Attack-stage activity detected; Off-hours activity
E000664,U002,permission_change,33.2,86.75,1,97.14581573723414,1,1,0,2.58,0.0,0.0,20.0,34.39,19.77,0.332,0.8675,0.9714581573723414,0.1977,0.3439,1.0,3,60.31,HIGH,1,BOTH MODELS,HIGH PRIORITY SECURITY ALERT,High behavioural deviation; Random Forest detection; Isolation Forest anomaly; Elevated contextual risk; Suspicious sequence progression; Attack-stage activity detected; Off-hours activity
E000585,U001,login,29.1,77.75,1,90.80383560384166,1,1,0,0.0,0.0,0.0,20.0,4.0,34.0,0.29100000000000004,0.7775,0.9080383560384166,0.34,0.04,1.0,4,53.36,MEDIUM,1,BOTH MODELS,SECURITY REVIEW RECOMMENDED,Random Forest detection; Isolation Forest anomaly; Elevated contextual risk; Attack-stage activity detected; Off-hours activity
E000663,U002,login,29.1,77.75,1,90.80383560384166,1,1,0,0.0,0.0,0.0,20.0,4.0,34.0,0.29100000000000004,0.7775,0.9080383560384166,0.34,0.04,1.0,4,53.36,MEDIUM,1,BOTH MODELS,SECURITY REVIEW RECOMMENDED,Random Forest detection; Isolation Forest anomaly; Elevated contextual risk; Attack-stage activity detected; Off-hours activity
E000508,U013,login,24.2,4.25,0,82.46080534402634,0,1,0,0.0,0.0,0.0,0.0,0.0,15.0,0.242,0.0425,0.8246080534402634,0.15,0.0,0.0,1,22.62,LOW-MODERATE,0,NO MODEL DETECTION,MONITOR USER ACTIVITY,Elevated contextual risk; Off-hours activity
E000580,U019,login,22.1,3.25,0,72.23617204668587,0,1,0,0.0,0.0,0.0,0.0,0.0,15.0,0.221,0.0325,0.7223617204668586,0.15,0.0,0.0,1,20.1,LOW-MODERATE,0,NO MODEL DETECTION,MONITOR USER ACTIVITY,Elevated contextual risk; Off-hours activity
E000582,U019,transaction,9.0,0.0,0,69.67966914271835,0,1,0,0.0,3.05,30.5,20.0,8.57,25.1,0.09,0.0,0.6967966914271835,0.251,0.0857,1.0,4,16.52,LOW,0,NO MODEL DETECTION,NO IMMEDIATE ACTION,Elevated contextual risk; Attack-stage activity detected; Off-hours activity
E000275,U005,login,20.0,0.5,0,68.92555769387717,0,0,0,0.0,0.0,0.0,0.0,0.0,0.0,0.2,0.005,0.6892555769387717,0.0,0.0,0.0,0,16.51,LOW,0,NO MODEL DETECTION,NO IMMEDIATE ACTION,No significant security indicators
E000679,U012,transaction,9.0,0.0,0,69.67966914271835,0,1,0,0.0,2.16,21.6,20.0,7.24,23.32,0.09,0.0,0.6967966914271835,0.2332,0.0724,1.0,4,16.21,LOW,0,NO MODEL DETECTION,NO IMMEDIATE ACTION,Elevated contextual risk; Attack-stage activity detected; Off-hours activity
E000426,U003,transaction,9.0,0.0,0,69.67966914271835,0,0,1,6.58,0.42,4.2,20.0,5.62,6.81,0.09,0.0,0.6967966914271835,0.0681,0.0562,1.0,3,14.39,LOW,0,NO MODEL DETECTION,NO IMMEDIATE ACTION,Attack-stage activity detected; Weekend activity
E000211,U020,transaction,9.0,0.0,0,69.67966914271835,0,0,0,0.0,0.65,6.5,20.0,4.97,5.3,0.09,0.0,0.6967966914271835,0.053,0.049699999999999994,1.0,2,14.18,LOW,0,NO MODEL DETECTION,NO IMMEDIATE ACTION,Attack-stage activity detected
E000045,U018,transaction,9.0,0.0,0,69.67966914271835,0,0,0,0.0,0.41,4.1,20.0,4.62,4.82,0.09,0.0,0.6967966914271835,0.0482,0.0462,1.0,2,14.1,LOW,0,NO MODEL DETECTION,NO IMMEDIATE ACTION,Attack-stage activity detected
E000335,U011,transaction,7.5,0.0,0,67.05270608141142,0,0,0,0.0,0.33,3.3,20.0,4.5,4.66,0.075,0.0,0.6705270608141142,0.0466,0.045,1.0,2,13.22,LOW,0,NO MODEL DETECTION,NO IMMEDIATE ACTION,Attack-stage activity detected
E000629,U017,transaction,6.0,2.0,0,63.06681830964928,0,0,0,0.83,0.93,9.3,20.0,5.52,6.11,0.06,0.02,0.6306681830964928,0.0611,0.0552,1.0,2,13.12,LOW,0,NO MODEL DETECTION,NO IMMEDIATE ACTION,Attack-stage activity detected
E000300,U012,login,14.1,0.0,0,46.2256638048616,0,1,0,0.0,0.0,0.0,0.0,0.0,15.0,0.141,0.0,0.46225663804861594,0.15,0.0,0.0,1,12.66,LOW,0,NO MODEL DETECTION,NO IMMEDIATE ACTION,Elevated contextual risk; Off-hours activity
E000154,U015,login,14.1,0.0,0,46.2256638048616,0,1,0,0.0,0.0,0.0,0.0,0.0,15.0,0.141,0.0,0.46225663804861594,0.15,0.0,0.0,1,12.66,LOW,0,NO MODEL DETECTION,NO IMMEDIATE ACTION,Elevated contextual risk; Off-hours activity
E000583,U006,login,14.1,0.0,0,46.2256638048616,0,1,0,0.0,0.0,0.0,0.0,0.0,15.0,0.141,0.0,0.46225663804861594,0.15,0.0,0.0,1,12.66,LOW,0,NO MODEL DETECTION,NO IMMEDIATE ACTION,Elevated contextual risk; Off-hours activity
E000162,U012,login,14.1,0.0,0,46.2256638048616,0,1,0,0.0,0.0,0.0,0.0,0.0,15.0,0.141,0.0,0.46225663804861594,0.15,0.0,0.0,1,12.66,LOW,0,NO MODEL DETECTION,NO IMMEDIATE ACTION,Elevated contextual risk; Off-hours activity
E000365,U006,login,14.1,0.0,0,46.2256638048616,0,1,1,0.0,0.0,0.0,0.0,0.0,15.0,0.141,0.0,0.46225663804861594,0.15,0.0,0.0,2,12.66,LOW,0,NO MODEL DETECTION,NO IMMEDIATE ACTION,Elevated contextual risk; Off-hours activity; Weekend activity
E000003,U015,login,14.1,0.0,0,46.2256638048616,0,1,0,0.0,0.0,0.0,0.0,0.0,15.0,0.141,0.0,0.46225663804861594,0.15,0.0,0.0,1,12.66,LOW,0,NO MODEL DETECTION,NO IMMEDIATE ACTION,Elevated contextual risk; Off-hours activity
E000658,U019,login,14.1,0.0,0,46.2256638048616,0,1,0,0.0,0.0,0.0,0.0,0.0,15.0,0.141,0.0,0.46225663804861594,0.15,0.0,0.0,1,12.66,LOW,0,NO MODEL DETECTION,NO IMMEDIATE ACTION,Elevated contextual risk; Off-hours activity
E000001,U006,login,14.1,0.0,0,46.2256638048616,0,1,0,0.0,0.0,0.0,0.0,0.0,15.0,0.141,0.0,0.46225663804861594,0.15,0.0,0.0,1,12.66,LOW,0,NO MODEL DETECTION,NO IMMEDIATE ACTION,Elevated contextual risk; Off-hours activity
E000438,U006,login,14.1,0.0,0,46.2256638048616,0,1,1,0.0,0.0,0.0,0.0,0.0,15.0,0.141,0.0,0.46225663804861594,0.15,0.0,0.0,2,12.66,LOW,0,NO MODEL DETECTION,NO IMMEDIATE ACTION,Elevated contextual risk; Off-hours activity; Weekend activity
E000367,U019,login,14.1,0.0,0,46.2256638048616,0,1,1,0.0,0.0,0.0,0.0,0.0,15.0,0.141,0.0,0.46225663804861594,0.15,0.0,0.0,2,12.66,LOW,0,NO MODEL DETECTION,NO IMMEDIATE ACTION,Elevated contextual risk; Off-hours activity; Weekend activity
E000509,U006,login,14.1,0.0,0,46.2256638048616,0,1,0,0.0,0.0,0.0,0.0,0.0,15.0,0.141,0.0,0.46225663804861594,0.15,0.0,0.0,1,12.66,LOW,0,NO MODEL DETECTION,NO IMMEDIATE ACTION,Elevated contextual risk; Off-hours activity
E000670,U012,login,14.1,0.0,0,46.2256638048616,0,1,0,0.0,0.0,0.0,0.0,0.0,15.0,0.141,0.0,0.46225663804861594,0.15,0.0,0.0,1,12.66,LOW,0,NO MODEL DETECTION,NO IMMEDIATE ACTION,Elevated contextual risk; Off-hours activity
E000079,U013,login,14.1,0.0,0,46.2256638048616,0,1,0,0.0,0.0,0.0,0.0,0.0,15.0,0.141,0.0,0.46225663804861594,0.15,0.0,0.0,1,12.66,LOW,0,NO MODEL DETECTION,NO IMMEDIATE ACTION,Elevated contextual risk; Off-hours activity
E000366,U013,login,14.1,0.0,0,46.2256638048616,0,1,1,0.0,0.0,0.0,0.0,0.0,15.0,0.141,0.0,0.46225663804861594,0.15,0.0,0.0,2,12.66,LOW,0,NO MODEL DETECTION,NO IMMEDIATE ACTION,Elevated contextual risk; Off-hours activity; Weekend activity
E000153,U013,login,14.1,0.0,0,46.2256638048616,0,1,0,0.0,0.0,0.0,0.0,0.0,15.0,0.141,0.0,0.46225663804861594,0.15,0.0,0.0,1,12.66,LOW,0,NO MODEL DETECTION,NO IMMEDIATE ACTION,Elevated contextual risk; Off-hours activity
E000440,U013,login,14.1,0.0,0,46.2256638048616,0,1,1,0.0,0.0,0.0,0.0,0.0,15.0,0.141,0.0,0.46225663804861594,0.15,0.0,0.0,2,12.66,LOW,0,NO MODEL DETECTION,NO IMMEDIATE ACTION,Elevated contextual risk; Off-hours activity; Weekend activity
E000657,U013,login,14.1,0.0,0,46.2256638048616,0,1,0,0.0,0.0,0.0,0.0,0.0,15.0,0.141,0.0,0.46225663804861594,0.15,0.0,0.0,1,12.66,LOW,0,NO MODEL DETECTION,NO IMMEDIATE ACTION,Elevated contextual risk; Off-hours activity
E000226,U015,login,14.1,0.0,0,46.2256638048616,0,1,0,0.0,0.0,0.0,0.0,0.0,15.0,0.141,0.0,0.46225663804861594,0.15,0.0,0.0,1,12.66,LOW,0,NO MODEL DETECTION,NO IMMEDIATE ACTION,Elevated contextual risk; Off-hours activity
E000002,U019,login,14.1,0.0,0,46.2256638048616,0,1,0,0.0,0.0,0.0,0.0,0.0,15.0,0.141,0.0,0.46225663804861594,0.15,0.0,0.0,1,12.66,LOW,0,NO MODEL DETECTION,NO IMMEDIATE ACTION,Elevated contextual risk; Off-hours activity
E000155,U019,login,14.1,0.0,0,46.2256638048616,0,1,0,0.0,0.0,0.0,0.0,0.0,15.0,0.141,0.0,0.46225663804861594,0.15,0.0,0.0,1,12.66,LOW,0,NO MODEL DETECTION,NO IMMEDIATE ACTION,Elevated contextual risk; Off-hours activity
E000514,U015,login,14.1,0.0,0,46.2256638048616,0,1,0,0.0,0.0,0.0,0.0,0.0,15.0,0.141,0.0,0.46225663804861594,0.15,0.0,0.0,1,12.66,LOW,0,NO MODEL DETECTION,NO IMMEDIATE ACTION,Elevated contextual risk; Off-hours activity
E000442,U019,login,14.1,0.0,0,46.2256638048616,0,1,1,0.0,0.0,0.0,0.0,0.0,15.0,0.141,0.0,0.46225663804861594,0.15,0.0,0.0,2,12.66,LOW,0,NO MODEL DETECTION,NO IMMEDIATE ACTION,Elevated contextual risk; Off-hours activity; Weekend activity
E000511,U019,login,14.1,0.0,0,46.2256638048616,0,1,0,0.0,0.0,0.0,0.0,0.0,15.0,0.141,0.0,0.46225663804861594,0.15,0.0,0.0,1,12.66,LOW,0,NO MODEL DETECTION,NO IMMEDIATE ACTION,Elevated contextual risk; Off-hours activity
E000005,U012,login,14.1,0.0,0,46.2256638048616,0,1,0,0.0,0.0,0.0,0.0,0.0,15.0,0.141,0.0,0.46225663804861594,0.15,0.0,0.0,1,12.66,LOW,0,NO MODEL DETECTION,NO IMMEDIATE ACTION,Elevated contextual risk; Off-hours activity
E000225,U013,login,14.1,0.0,0,46.2256638048616,0,1,0,0.0,0.0,0.0,0.0,0.0,15.0,0.141,0.0,0.46225663804861594,0.15,0.0,0.0,1,12.66,LOW,0,NO MODEL DETECTION,NO IMMEDIATE ACTION,Elevated contextual risk; Off-hours activity
E000228,U012,login,14.1,0.0,0,46.2256638048616,0,1,0,0.0,0.0,0.0,0.0,0.0,15.0,0.141,0.0,0.46225663804861594,0.15,0.0,0.0,1,12.66,LOW,0,NO MODEL DETECTION,NO IMMEDIATE ACTION,Elevated contextual risk; Off-hours activity
E000296,U006,login,14.1,0.0,0,46.2256638048616,0,1,0,0.0,0.0,0.0,0.0,0.0,15.0,0.141,0.0,0.46225663804861594,0.15,0.0,0.0,1,12.66,LOW,0,NO MODEL DETECTION,NO IMMEDIATE ACTION,Elevated contextual risk; Off-hours activity
E000297,U015,login,14.1,0.0,0,46.2256638048616,0,1,0,0.0,0.0,0.0,0.0,0.0,15.0,0.141,0.0,0.46225663804861594,0.15,0.0,0.0,1,12.66,LOW,0,NO MODEL DETECTION,NO IMMEDIATE ACTION,Elevated contextual risk; Off-hours activity
E000526,U004,login,12.0,0.0,0,47.78415697259156,0,1,0,0.0,0.0,0.0,0.0,0.0,15.0,0.12,0.0,0.4778415697259156,0.15,0.0,0.0,1,12.27,LOW,0,NO MODEL DETECTION,NO IMMEDIATE ACTION,Elevated contextual risk; Off-hours activity
E000528,U007,login,12.0,0.0,0,47.78415697259156,0,1,0,0.0,0.0,0.0,0.0,0.0,15.0,0.12,0.0,0.4778415697259156,0.15,0.0,0.0,1,12.27,LOW,0,NO MODEL DETECTION,NO IMMEDIATE ACTION,Elevated contextual risk; Off-hours activity
E000680,U001,login,12.0,0.0,0,47.78415697259156,0,1,0,0.0,0.0,0.0,0.0,0.0,15.0,0.12,0.0,0.4778415697259156,0.15,0.0,0.0,1,12.27,LOW,0,NO MODEL DETECTION,NO IMMEDIATE ACTION,Elevated contextual risk; Off-hours activity
E000706,U009,transaction,4.5,2.25,0,34.06114428205439,0,0,0,0.0,14.2,100.0,20.0,19.0,24.0,0.045,0.0225,0.34061144282054395,0.24,0.19,1.0,3,11.55,LOW,0,NO MODEL DETECTION,NO IMMEDIATE ACTION,Elevated contextual risk; Attack-stage activity detected
E000065,U020,login,14.1,0.0,0,46.2256638048616,0,0,0,0.0,0.0,0.0,0.0,0.0,0.0,0.141,0.0,0.46225663804861594,0.0,0.0,0.0,0,11.16,LOW,0,NO MODEL DETECTION,NO IMMEDIATE ACTION,No significant security indicators
E000343,U003,login,14.1,0.0,0,46.2256638048616,0,0,0,0.0,0.0,0.0,0.0,0.0,0.0,0.141,0.0,0.46225663804861594,0.0,0.0,0.0,0,11.16,LOW,0,NO MODEL DETECTION,NO IMMEDIATE ACTION,No significant security indicators
E000053,U003,login,14.1,0.0,0,46.2256638048616,0,0,0,0.0,0.0,0.0,0.0,0.0,0.0,0.141,0.0,0.46225663804861594,0.0,0.0,0.0,0,11.16,LOW,0,NO MODEL DETECTION,NO IMMEDIATE ACTION,No significant security indicators
E000420,U003,login,14.1,0.0,0,46.2256638048616,0,0,1,0.0,0.0,0.0,0.0,0.0,0.0,0.141,0.0,0.46225663804861594,0.0,0.0,0.0,1,11.16,LOW,0,NO MODEL DETECTION,NO IMMEDIATE ACTION,Weekend activity
E000146,U003,login,14.1,0.0,0,46.2256638048616,0,0,0,0.0,0.0,0.0,0.0,0.0,0.0,0.141,0.0,0.46225663804861594,0.0,0.0,0.0,0,11.16,LOW,0,NO MODEL DETECTION,NO IMMEDIATE ACTION,No significant security indicators
E000205,U003,login,14.1,0.0,0,46.2256638048616,0,0,0,0.0,0.0,0.0,0.0,0.0,0.0,0.141,0.0,0.46225663804861594,0.0,0.0,0.0,0,11.16,LOW,0,NO MODEL DETECTION,NO IMMEDIATE ACTION,No significant security indicators
E000641,U003,login,14.1,0.0,0,46.2256638048616,0,0,0,0.0,0.0,0.0,0.0,0.0,0.0,0.141,0.0,0.46225663804861594,0.0,0.0,0.0,0,11.16,LOW,0,NO MODEL DETECTION,NO IMMEDIATE ACTION,No significant security indicators
E000462,U017,login,12.0,0.0,0,47.78415697259156,0,0,1,0.0,0.0,0.0,0.0,0.0,0.0,0.12,0.0,0.4778415697259156,0.0,0.0,0.0,1,10.77,LOW,0,NO MODEL DETECTION,NO IMMEDIATE ACTION,Weekend activity
E000020,U017,login,12.0,0.0,0,47.78415697259156,0,0,0,0.0,0.0,0.0,0.0,0.0,0.0,0.12,0.0,0.4778415697259156,0.0,0.0,0.0,0,10.77,LOW,0,NO MODEL DETECTION,NO IMMEDIATE ACTION,No significant security indicators
E000491,U005,login,12.0,0.0,0,47.78415697259156,0,0,1,0.0,0.0,0.0,0.0,0.0,0.0,0.12,0.0,0.4778415697259156,0.0,0.0,0.0,1,10.77,LOW,0,NO MODEL DETECTION,NO IMMEDIATE ACTION,Weekend activity
E000642,U008,login,12.0,0.0,0,47.78415697259156,0,0,0,0.0,0.0,0.0,0.0,0.0,0.0,0.12,0.0,0.4778415697259156,0.0,0.0,0.0,0,10.77,LOW,0,NO MODEL DETECTION,NO IMMEDIATE ACTION,No significant security indicators
E000422,U005,login,12.0,0.0,0,47.78415697259156,0,0,1,0.0,0.0,0.0,0.0,0.0,0.0,0.12,0.0,0.4778415697259156,0.0,0.0,0.0,1,10.77,LOW,0,NO MODEL DETECTION,NO IMMEDIATE ACTION,Weekend activity
E000207,U020,login,12.0,0.0,0,47.78415697259156,0,0,0,0.0,0.0,0.0,0.0,0.0,0.0,0.12,0.0,0.4778415697259156,0.0,0.0,0.0,0,10.77,LOW,0,NO MODEL DETECTION,NO IMMEDIATE ACTION,No significant security indicators
E000558,U020,login,12.0,0.0,0,47.78415697259156,0,0,0,0.0,0.0,0.0,0.0,0.0,0.0,0.12,0.0,0.4778415697259156,0.0,0.0,0.0,0,10.77,LOW,0,NO MODEL DETECTION,NO IMMEDIATE ACTION,No significant security indicators
E000204,U008,login,12.0,0.0,0,47.78415697259156,0,0,0,0.0,0.0,0.0,0.0,0.0,0.0,0.12,0.0,0.4778415697259156,0.0,0.0,0.0,0,10.77,LOW,0,NO MODEL DETECTION,NO IMMEDIATE ACTION,No significant security indicators
E000640,U010,login,12.0,0.0,0,47.78415697259156,0,0,0,0.0,0.0,0.0,0.0,0.0,0.0,0.12,0.0,0.4778415697259156,0.0,0.0,0.0,0,10.77,LOW,0,NO MODEL DETECTION,NO IMMEDIATE ACTION,No significant security indicators
E000559,U010,login,12.0,0.0,0,47.78415697259156,0,0,0,0.0,0.0,0.0,0.0,0.0,0.0,0.12,0.0,0.4778415697259156,0.0,0.0,0.0,0,10.77,LOW,0,NO MODEL DETECTION,NO IMMEDIATE ACTION,No significant security indicators
E000419,U020,login,12.0,0.0,0,47.78415697259156,0,0,1,0.0,0.0,0.0,0.0,0.0,0.0,0.12,0.0,0.4778415697259156,0.0,0.0,0.0,1,10.77,LOW,0,NO MODEL DETECTION,NO IMMEDIATE ACTION,Weekend activity
E000135,U005,login,12.0,0.0,0,47.78415697259156,0,0,0,0.0,0.0,0.0,0.0,0.0,0.0,0.12,0.0,0.4778415697259156,0.0,0.0,0.0,0,10.77,LOW,0,NO MODEL DETECTION,NO IMMEDIATE ACTION,No significant security indicators
E000339,U005,login,12.0,0.0,0,47.78415697259156,0,0,0,0.0,0.0,0.0,0.0,0.0,0.0,0.12,0.0,0.4778415697259156,0.0,0.0,0.0,0,10.77,LOW,0,NO MODEL DETECTION,NO IMMEDIATE ACTION,No significant security indicators
E000134,U008,login,12.0,0.0,0,47.78415697259156,0,0,0,0.0,0.0,0.0,0.0,0.0,0.0,0.12,0.0,0.4778415697259156,0.0,0.0,0.0,0,10.77,LOW,0,NO MODEL DETECTION,NO IMMEDIATE ACTION,No significant security indicators
E000643,U005,login,12.0,0.0,0,47.78415697259156,0,0,0,0.0,0.0,0.0,0.0,0.0,0.0,0.12,0.0,0.4778415697259156,0.0,0.0,0.0,0,10.77,LOW,0,NO MODEL DETECTION,NO IMMEDIATE ACTION,No significant security indicators
E000717,U008,login,12.0,0.0,0,47.78415697259156,0,0,0,0.0,0.0,0.0,0.0,0.0,0.0,0.12,0.0,0.4778415697259156,0.0,0.0,0.0,0,10.77,LOW,0,NO MODEL DETECTION,NO IMMEDIATE ACTION,No significant security indicators
E000489,U010,login,12.0,0.0,0,47.78415697259156,0,0,1,0.0,0.0,0.0,0.0,0.0,0.0,0.12,0.0,0.4778415697259156,0.0,0.0,0.0,1,10.77,LOW,0,NO MODEL DETECTION,NO IMMEDIATE ACTION,Weekend activity
E000337,U009,login,12.0,0.0,0,47.78415697259156,0,0,0,0.0,0.0,0.0,0.0,0.0,0.0,0.12,0.0,0.4778415697259156,0.0,0.0,0.0,0,10.77,LOW,0,NO MODEL DETECTION,NO IMMEDIATE ACTION,No significant security indicators
E000520,U015,transaction,4.5,0.25,0,34.06114428205439,0,1,0,6.58,2.5,25.0,20.0,8.74,25.97,0.045,0.0025,0.34061144282054395,0.2597,0.0874,1.0,4,10.02,LOW,0,NO MODEL DETECTION,NO IMMEDIATE ACTION,Elevated contextual risk; Attack-stage activity detected; Off-hours activity
E000480,U014,transaction,4.5,0.0,0,34.06114428205439,0,0,1,2.58,7.12,71.2,20.0,15.07,19.01,0.045,0.0,0.34061144282054395,0.19010000000000002,0.1507,1.0,4,9.87,LOW,0,NO MODEL DETECTION,NO IMMEDIATE ACTION,Elevated contextual risk; Attack-stage activity detected; Weekend activity
E000099,U002,transaction,4.5,0.0,0,34.06114428205439,0,0,0,0.83,6.26,62.6,20.0,13.51,16.77,0.045,0.0,0.34061144282054395,0.1677,0.1351,1.0,3,9.49,LOW,0,NO MODEL DETECTION,NO IMMEDIATE ACTION,Elevated contextual risk; Attack-stage activity detected
E000452,U013,transaction,4.5,0.0,0,34.06114428205439,0,1,1,0.0,1.91,19.1,20.0,6.86,22.82,0.045,0.0,0.34061144282054395,0.22820000000000001,0.06860000000000001,1.0,5,9.43,LOW,0,NO MODEL DETECTION,NO IMMEDIATE ACTION,Elevated contextual risk; Attack-stage activity detected; Off-hours activity; Weekend activity
E000304,U012,transaction,4.5,0.0,0,34.06114428205439,0,1,0,0.0,1.88,18.8,20.0,6.82,22.76,0.045,0.0,0.34061144282054395,0.22760000000000002,0.0682,1.0,4,9.42,LOW,0,NO MODEL DETECTION,NO IMMEDIATE ACTION,Elevated contextual risk; Attack-stage activity detected; Off-hours activity
E000312,U013,transaction,4.5,0.0,0,34.06114428205439,0,1,0,0.83,1.72,17.2,20.0,6.7,22.69,0.045,0.0,0.34061144282054395,0.22690000000000002,0.067,1.0,4,9.4,LOW,0,NO MODEL DETECTION,NO IMMEDIATE ACTION,Elevated contextual risk; Attack-stage activity detected; Off-hours activity
E000014,U012,transaction,4.5,0.0,0,34.06114428205439,0,1,0,0.0,1.79,17.9,20.0,6.68,22.58,0.045,0.0,0.34061144282054395,0.22579999999999997,0.0668,1.0,4,9.39,LOW,0,NO MODEL DETECTION,NO IMMEDIATE ACTION,Elevated contextual risk; Attack-stage activity detected; Off-hours activity
E000190,U002,transaction,4.5,0.0,0,34.06114428205439,0,0,0,0.0,6.04,60.4,20.0,13.06,16.08,0.045,0.0,0.34061144282054395,0.16079999999999997,0.1306,1.0,3,9.37,LOW,0,NO MODEL DETECTION,NO IMMEDIATE ACTION,Elevated contextual risk; Attack-stage activity detected
E000458,U004,transaction,4.5,0.0,0,34.06114428205439,0,1,1,2.58,1.16,11.6,20.0,6.13,22.09,0.045,0.0,0.34061144282054395,0.22089999999999999,0.0613,1.0,5,9.28,LOW,0,NO MODEL DETECTION,NO IMMEDIATE ACTION,Elevated contextual risk; Attack-stage activity detected; Off-hours activity; Weekend activity
E000375,U015,login,2.1,0.0,0,47.529471395831344,0,1,1,0.0,0.0,0.0,0.0,0.0,15.0,0.021,0.0,0.47529471395831346,0.15,0.0,0.0,2,9.26,LOW,0,NO MODEL DETECTION,NO IMMEDIATE ACTION,Elevated contextual risk; Off-hours activity; Weekend activity
E000661,U006,login,2.1,0.0,0,47.529471395831344,0,1,0,0.0,0.0,0.0,0.0,0.0,15.0,0.021,0.0,0.47529471395831346,0.15,0.0,0.0,1,9.26,LOW,0,NO MODEL DETECTION,NO IMMEDIATE ACTION,Elevated contextual risk; Off-hours activity
E000164,U006,login,2.1,0.0,0,47.529471395831344,0,1,0,0.0,0.0,0.0,0.0,0.0,15.0,0.021,0.0,0.47529471395831346,0.15,0.0,0.0,1,9.26,LOW,0,NO MODEL DETECTION,NO IMMEDIATE ACTION,Elevated contextual risk; Off-hours activity
E000303,U013,login,2.1,0.0,0,47.529471395831344,0,1,0,0.0,0.0,0.0,0.0,0.0,15.0,0.021,0.0,0.47529471395831346,0.15,0.0,0.0,1,9.26,LOW,0,NO MODEL DETECTION,NO IMMEDIATE ACTION,Elevated contextual risk; Off-hours activity
E000518,U012,login,2.1,0.0,0,47.529471395831344,0,1,0,0.0,0.0,0.0,0.0,0.0,15.0,0.021,0.0,0.47529471395831346,0.15,0.0,0.0,1,9.26,LOW,0,NO MODEL DETECTION,NO IMMEDIATE ACTION,Elevated contextual risk; Off-hours activity
E000592,U012,login,2.1,0.0,0,47.529471395831344,0,1,0,0.0,0.0,0.0,0.0,0.0,15.0,0.021,0.0,0.47529471395831346,0.15,0.0,0.0,1,9.26,LOW,0,NO MODEL DETECTION,NO IMMEDIATE ACTION,Elevated contextual risk; Off-hours activity
E000007,U013,login,2.1,0.0,0,47.529471395831344,0,1,0,0.0,0.0,0.0,0.0,0.0,15.0,0.021,0.0,0.47529471395831346,0.15,0.0,0.0,1,9.26,LOW,0,NO MODEL DETECTION,NO IMMEDIATE ACTION,Elevated contextual risk; Off-hours activity
E000073,U019,login,2.1,0.0,0,47.529471395831344,0,1,0,0.0,0.0,0.0,0.0,0.0,15.0,0.021,0.0,0.47529471395831346,0.15,0.0,0.0,1,9.26,LOW,0,NO MODEL DETECTION,NO IMMEDIATE ACTION,Elevated contextual risk; Off-hours activity
E000587,U013,login,2.1,0.0,0,47.529471395831344,0,1,0,0.0,0.0,0.0,0.0,0.0,15.0,0.021,0.0,0.47529471395831346,0.15,0.0,0.0,1,9.26,LOW,0,NO MODEL DETECTION,NO IMMEDIATE ACTION,Elevated contextual risk; Off-hours activity
E000074,U015,login,2.1,0.0,0,47.529471395831344,0,1,0,0.0,0.0,0.0,0.0,0.0,15.0,0.021,0.0,0.47529471395831346,0.15,0.0,0.0,1,9.26,LOW,0,NO MODEL DETECTION,NO IMMEDIATE ACTION,Elevated contextual risk; Off-hours activity
E000443,U015,login,2.1,0.0,0,47.529471395831344,0,1,1,0.0,0.0,0.0,0.0,0.0,15.0,0.021,0.0,0.47529471395831346,0.15,0.0,0.0,2,9.26,LOW,0,NO MODEL DETECTION,NO IMMEDIATE ACTION,Elevated contextual risk; Off-hours activity; Weekend activity
E000227,U019,login,2.1,0.0,0,47.529471395831344,0,1,0,0.0,0.0,0.0,0.0,0.0,15.0,0.021,0.0,0.47529471395831346,0.15,0.0,0.0,1,9.26,LOW,0,NO MODEL DETECTION,NO IMMEDIATE ACTION,Elevated contextual risk; Off-hours activity
E000662,U015,login,2.1,0.0,0,47.529471395831344,0,1,0,0.0,0.0,0.0,0.0,0.0,15.0,0.021,0.0,0.47529471395831346,0.15,0.0,0.0,1,9.26,LOW,0,NO MODEL DETECTION,NO IMMEDIATE ACTION,Elevated contextual risk; Off-hours activity
E000589,U015,login,2.1,0.0,0,47.529471395831344,0,1,0,0.0,0.0,0.0,0.0,0.0,15.0,0.021,0.0,0.47529471395831346,0.15,0.0,0.0,1,9.26,LOW,0,NO MODEL DETECTION,NO IMMEDIATE ACTION,Elevated contextual risk; Off-hours activity
E000298,U019,login,2.1,0.0,0,47.529471395831344,0,1,0,0.0,0.0,0.0,0.0,0.0,15.0,0.021,0.0,0.47529471395831346,0.15,0.0,0.0,1,9.26,LOW,0,NO MODEL DETECTION,NO IMMEDIATE ACTION,Elevated contextual risk; Off-hours activity
E000377,U012,login,2.1,0.0,0,47.529471395831344,0,1,1,0.0,0.0,0.0,0.0,0.0,15.0,0.021,0.0,0.47529471395831346,0.15,0.0,0.0,2,9.26,LOW,0,NO MODEL DETECTION,NO IMMEDIATE ACTION,Elevated contextual risk; Off-hours activity; Weekend activity
E000451,U012,login,2.1,0.0,0,47.529471395831344,0,1,1,0.0,0.0,0.0,0.0,0.0,15.0,0.021,0.0,0.47529471395831346,0.15,0.0,0.0,2,9.26,LOW,0,NO MODEL DETECTION,NO IMMEDIATE ACTION,Elevated contextual risk; Off-hours activity; Weekend activity
E000078,U012,login,2.1,0.0,0,47.529471395831344,0,1,0,0.0,0.0,0.0,0.0,0.0,15.0,0.021,0.0,0.47529471395831346,0.15,0.0,0.0,1,9.26,LOW,0,NO MODEL DETECTION,NO IMMEDIATE ACTION,Elevated contextual risk; Off-hours activity
E000075,U006,login,2.1,0.0,0,47.529471395831344,0,1,0,0.0,0.0,0.0,0.0,0.0,15.0,0.021,0.0,0.47529471395831346,0.15,0.0,0.0,1,9.26,LOW,0,NO MODEL DETECTION,NO IMMEDIATE ACTION,Elevated contextual risk; Off-hours activity
E000229,U006,login,2.1,0.0,0,47.529471395831344,0,1,0,0.0,0.0,0.0,0.0,0.0,15.0,0.021,0.0,0.47529471395831346,0.15,0.0,0.0,1,9.26,LOW,0,NO MODEL DETECTION,NO IMMEDIATE ACTION,Elevated contextual risk; Off-hours activity
E000182,U011,transaction,3.0,0.0,0,48.42236583867139,0,0,0,0.0,0.6,6.0,20.0,4.9,5.2,0.03,0.0,0.4842236583867139,0.052000000000000005,0.049,1.0,2,9.17,LOW,0,NO MODEL DETECTION,NO IMMEDIATE ACTION,Attack-stage activity detected
E000547,U014,transaction,4.5,0.0,0,34.06114428205439,0,0,0,2.58,4.91,49.1,20.0,11.75,14.59,0.045,0.0,0.34061144282054395,0.1459,0.1175,1.0,3,9.09,LOW,0,NO MODEL DETECTION,NO IMMEDIATE ACTION,Attack-stage activity detected
E000634,U002,transaction,4.5,0.0,0,34.06114428205439,0,0,0,0.0,4.88,48.8,20.0,11.32,13.76,0.045,0.0,0.34061144282054395,0.1376,0.11320000000000001,1.0,3,8.97,LOW,0,NO MODEL DETECTION,NO IMMEDIATE ACTION,Attack-stage activity detected
E000016,U013,transaction,4.5,0.0,0,34.06114428205439,0,1,0,0.0,0.3,3.0,20.0,4.45,19.6,0.045,0.0,0.34061144282054395,0.196,0.044500000000000005,1.0,3,8.86,LOW,0,NO MODEL DETECTION,NO IMMEDIATE ACTION,Elevated contextual risk; Attack-stage activity detected; Off-hours activity
E000173,U002,login,6.0,0.0,0,36.87150867763505,0,1,0,0.0,0.0,0.0,0.0,0.0,15.0,0.06,0.0,0.3687150867763505,0.15,0.0,0.0,1,8.83,LOW,0,NO MODEL DETECTION,NO IMMEDIATE ACTION,Elevated contextual risk; Off-hours activity
E000602,U004,login,6.0,0.0,0,36.87150867763505,0,1,0,0.0,0.0,0.0,0.0,0.0,15.0,0.06,0.0,0.3687150867763505,0.15,0.0,0.0,1,8.83,LOW,0,NO MODEL DETECTION,NO IMMEDIATE ACTION,Elevated contextual risk; Off-hours activity
E000313,U002,login,6.0,0.0,0,36.87150867763505,0,1,0,0.0,0.0,0.0,0.0,0.0,15.0,0.06,0.0,0.3687150867763505,0.15,0.0,0.0,1,8.83,LOW,0,NO MODEL DETECTION,NO IMMEDIATE ACTION,Elevated contextual risk; Off-hours activity
E000175,U004,login,6.0,0.0,0,36.87150867763505,0,1,0,0.0,0.0,0.0,0.0,0.0,15.0,0.06,0.0,0.3687150867763505,0.15,0.0,0.0,1,8.83,LOW,0,NO MODEL DETECTION,NO IMMEDIATE ACTION,Elevated contextual risk; Off-hours activity
E000246,U011,login,6.0,0.0,0,36.87150867763505,0,1,0,0.0,0.0,0.0,0.0,0.0,15.0,0.06,0.0,0.3687150867763505,0.15,0.0,0.0,1,8.83,LOW,0,NO MODEL DETECTION,NO IMMEDIATE ACTION,Elevated contextual risk; Off-hours activity
E000603,U002,login,6.0,0.0,0,36.87150867763505,0,1,0,0.0,0.0,0.0,0.0,0.0,15.0,0.06,0.0,0.3687150867763505,0.15,0.0,0.0,1,8.83,LOW,0,NO MODEL DETECTION,NO IMMEDIATE ACTION,Elevated contextual risk; Off-hours activity
E000459,U001,login,6.0,0.0,0,36.87150867763505,0,1,1,0.0,0.0,0.0,0.0,0.0,15.0,0.06,0.0,0.3687150867763505,0.15,0.0,0.0,2,8.83,LOW,0,NO MODEL DETECTION,NO IMMEDIATE ACTION,Elevated contextual risk; Off-hours activity; Weekend activity
E000457,U002,login,6.0,0.0,0,36.87150867763505,0,1,1,0.0,0.0,0.0,0.0,0.0,15.0,0.06,0.0,0.3687150867763505,0.15,0.0,0.0,2,8.83,LOW,0,NO MODEL DETECTION,NO IMMEDIATE ACTION,Elevated contextual risk; Off-hours activity; Weekend activity
E000527,U011,login,6.0,0.0,0,36.87150867763505,0,1,0,0.0,0.0,0.0,0.0,0.0,15.0,0.06,0.0,0.3687150867763505,0.15,0.0,0.0,1,8.83,LOW,0,NO MODEL DETECTION,NO IMMEDIATE ACTION,Elevated contextual risk; Off-hours activity
E000456,U004,login,6.0,0.0,0,36.87150867763505,0,1,1,0.0,0.0,0.0,0.0,0.0,15.0,0.06,0.0,0.3687150867763505,0.15,0.0,0.0,2,8.83,LOW,0,NO MODEL DETECTION,NO IMMEDIATE ACTION,Elevated contextual risk; Off-hours activity; Weekend activity
E000174,U011,login,6.0,0.0,0,36.87150867763505,0,1,0,0.0,0.0,0.0,0.0,0.0,15.0,0.06,0.0,0.3687150867763505,0.15,0.0,0.0,1,8.83,LOW,0,NO MODEL DETECTION,NO IMMEDIATE ACTION,Elevated contextual risk; Off-hours activity
E000094,U012,transaction,4.5,0.0,0,34.06114428205439,0,1,0,0.0,0.09,0.9,20.0,4.14,19.18,0.045,0.0,0.34061144282054395,0.1918,0.0414,1.0,3,8.79,LOW,0,NO MODEL DETECTION,NO IMMEDIATE ACTION,Elevated contextual risk; Attack-stage activity detected; Off-hours activity
E000539,U007,transaction,4.5,0.0,0,34.06114428205439,0,0,0,6.58,3.06,30.6,20.0,9.58,12.09,0.045,0.0,0.34061144282054395,0.1209,0.0958,1.0,3,8.63,LOW,0,NO MODEL DETECTION,NO IMMEDIATE ACTION,Attack-stage activity detected
E000196,U007,transaction,4.5,0.0,0,34.06114428205439,0,0,0,0.83,3.49,34.9,20.0,9.36,11.23,0.045,0.0,0.34061144282054395,0.11230000000000001,0.09359999999999999,1.0,3,8.52,LOW,0,NO MODEL DETECTION,NO IMMEDIATE ACTION,Attack-stage activity detected
E000052,U007,transaction,4.5,0.0,0,34.06114428205439,0,0,0,0.0,2.93,29.3,20.0,8.4,9.86,0.045,0.0,0.34061144282054395,0.0986,0.084,1.0,3,8.29,LOW,0,NO MODEL DETECTION,NO IMMEDIATE ACTION,Attack-stage activity detected
E000088,U019,transaction,4.5,0.0,0,34.06114428205439,0,1,0,2.58,0.0,0.0,0.0,0.39,15.77,0.045,0.0,0.34061144282054395,0.1577,0.0039000000000000003,0.0,2,8.08,LOW,0,NO MODEL DETECTION,NO IMMEDIATE ACTION,Elevated contextual risk; Off-hours activity
E000210,U003,transaction,4.5,0.25,0,34.06114428205439,0,0,0,3.42,1.37,13.7,20.0,6.57,7.77,0.045,0.0025,0.34061144282054395,0.07769999999999999,0.06570000000000001,1.0,3,7.98,LOW,0,NO MODEL DETECTION,NO IMMEDIATE ACTION,Attack-stage activity detected
E000573,U008,transaction,4.5,0.0,0,34.06114428205439,0,0,0,2.58,1.33,13.3,20.0,6.38,7.43,0.045,0.0,0.34061144282054395,0.07429999999999999,0.0638,1.0,3,7.84,LOW,0,NO MODEL DETECTION,NO IMMEDIATE ACTION,Attack-stage activity detected
E000532,U004,transaction,4.5,0.0,0,34.06114428205439,0,0,0,2.58,1.19,11.9,20.0,6.17,7.15,0.045,0.0,0.34061144282054395,0.07150000000000001,0.0617,1.0,3,7.79,LOW,0,NO MODEL DETECTION,NO IMMEDIATE ACTION,Attack-stage activity detected
E000150,U003,transaction,4.5,0.0,0,34.06114428205439,0,0,0,0.0,1.48,14.8,20.0,6.22,6.96,0.045,0.0,0.34061144282054395,0.0696,0.0622,1.0,3,7.78,LOW,0,NO MODEL DETECTION,NO IMMEDIATE ACTION,Attack-stage activity detected
E000648,U008,transaction,4.5,0.0,0,34.06114428205439,0,0,0,0.0,1.46,14.6,20.0,6.19,6.92,0.045,0.0,0.34061144282054395,0.0692,0.061900000000000004,1.0,3,7.77,LOW,0,NO MODEL DETECTION,NO IMMEDIATE ACTION,Attack-stage activity detected
E000058,U005,login,2.1,0.0,0,47.529471395831344,0,0,0,0.0,0.0,0.0,0.0,0.0,0.0,0.021,0.0,0.47529471395831346,0.0,0.0,0.0,0,7.76,LOW,0,NO MODEL DETECTION,NO IMMEDIATE ACTION,No significant security indicators
E000495,U003,login,2.1,0.0,0,47.529471395831344,0,0,1,0.0,0.0,0.0,0.0,0.0,0.0,0.021,0.0,0.47529471395831346,0.0,0.0,0.0,1,7.76,LOW,0,NO MODEL DETECTION,NO IMMEDIATE ACTION,Weekend activity
E000726,U010,login,2.1,0.0,0,47.529471395831344,0,0,0,0.0,0.0,0.0,0.0,0.0,0.0,0.021,0.0,0.47529471395831346,0.0,0.0,0.0,0,7.76,LOW,0,NO MODEL DETECTION,NO IMMEDIATE ACTION,No significant security indicators
E000212,U005,login,2.1,0.0,0,47.529471395831344,0,0,0,0.0,0.0,0.0,0.0,0.0,0.0,0.021,0.0,0.47529471395831346,0.0,0.0,0.0,0,7.76,LOW,0,NO MODEL DETECTION,NO IMMEDIATE ACTION,No significant security indicators
E000723,U003,login,2.1,0.0,0,47.529471395831344,0,0,0,0.0,0.0,0.0,0.0,0.0,0.0,0.021,0.0,0.47529471395831346,0.0,0.0,0.0,0,7.76,LOW,0,NO MODEL DETECTION,NO IMMEDIATE ACTION,No significant security indicators
E000139,U010,login,2.1,0.0,0,47.529471395831344,0,0,0,0.0,0.0,0.0,0.0,0.0,0.0,0.021,0.0,0.47529471395831346,0.0,0.0,0.0,0,7.76,LOW,0,NO MODEL DETECTION,NO IMMEDIATE ACTION,No significant security indicators
E000721,U005,login,2.1,0.0,0,47.529471395831344,0,0,0,0.0,0.0,0.0,0.0,0.0,0.0,0.021,0.0,0.47529471395831346,0.0,0.0,0.0,0,7.76,LOW,0,NO MODEL DETECTION,NO IMMEDIATE ACTION,No significant security indicators
E000562,U005,login,2.1,0.0,0,47.529471395831344,0,0,0,0.0,0.0,0.0,0.0,0.0,0.0,0.021,0.0,0.47529471395831346,0.0,0.0,0.0,0,7.76,LOW,0,NO MODEL DETECTION,NO IMMEDIATE ACTION,No significant security indicators
E000350,U010,login,2.1,0.0,0,47.529471395831344,0,0,0,0.0,0.0,0.0,0.0,0.0,0.0,0.021,0.0,0.47529471395831346,0.0,0.0,0.0,0,7.76,LOW,0,NO MODEL DETECTION,NO IMMEDIATE ACTION,No significant security indicators
E000213,U010,login,2.1,0.0,0,47.529471395831344,0,0,0,0.0,0.0,0.0,0.0,0.0,0.0,0.021,0.0,0.47529471395831346,0.0,0.0,0.0,0,7.76,LOW,0,NO MODEL DETECTION,NO IMMEDIATE ACTION,No significant security indicators
E000283,U003,login,2.1,0.0,0,47.529471395831344,0,0,0,0.0,0.0,0.0,0.0,0.0,0.0,0.021,0.0,0.47529471395831346,0.0,0.0,0.0,0,7.76,LOW,0,NO MODEL DETECTION,NO IMMEDIATE ACTION,No significant security indicators
E000054,U010,login,2.1,0.0,0,47.529471395831344,0,0,0,0.0,0.0,0.0,0.0,0.0,0.0,0.021,0.0,0.47529471395831346,0.0,0.0,0.0,0,7.76,LOW,0,NO MODEL DETECTION,NO IMMEDIATE ACTION,No significant security indicators
E000282,U010,login,2.1,0.0,0,47.529471395831344,0,0,0,0.0,0.0,0.0,0.0,0.0,0.0,0.021,0.0,0.47529471395831346,0.0,0.0,0.0,0,7.76,LOW,0,NO MODEL DETECTION,NO IMMEDIATE ACTION,No significant security indicators
E000423,U010,login,2.1,0.0,0,47.529471395831344,0,0,1,0.0,0.0,0.0,0.0,0.0,0.0,0.021,0.0,0.47529471395831346,0.0,0.0,0.0,1,7.76,LOW,0,NO MODEL DETECTION,NO IMMEDIATE ACTION,Weekend activity
E000563,U003,login,2.1,0.0,0,47.529471395831344,0,0,0,0.0,0.0,0.0,0.0,0.0,0.0,0.021,0.0,0.47529471395831346,0.0,0.0,0.0,0,7.76,LOW,0,NO MODEL DETECTION,NO IMMEDIATE ACTION,No significant security indicators
E000138,U008,transaction,4.5,0.0,0,34.06114428205439,0,0,0,0.83,1.29,12.9,20.0,6.06,6.83,0.045,0.0,0.34061144282054395,0.0683,0.060599999999999994,1.0,3,7.75,LOW,0,NO MODEL DETECTION,NO IMMEDIATE ACTION,Attack-stage activity detected
E000418,U018,transaction,4.5,0.0,0,34.06114428205439,0,0,1,0.0,1.37,13.7,20.0,6.06,6.74,0.045,0.0,0.34061144282054395,0.0674,0.060599999999999994,1.0,4,7.74,LOW,0,NO MODEL DETECTION,NO IMMEDIATE ACTION,Attack-stage activity detected; Weekend activity
E000576,U003,transaction,4.5,0.25,0,34.06114428205439,0,0,0,3.42,0.61,6.1,20.0,5.43,6.25,0.045,0.0025,0.34061144282054395,0.0625,0.054299999999999994,1.0,2,7.71,LOW,0,NO MODEL DETECTION,NO IMMEDIATE ACTION,Attack-stage activity detected
E000329,U004,transaction,4.5,0.0,0,34.06114428205439,0,0,0,0.0,1.22,12.2,20.0,5.83,6.44,0.045,0.0,0.34061144282054395,0.0644,0.0583,1.0,3,7.69,LOW,0,NO MODEL DETECTION,NO IMMEDIATE ACTION,Attack-stage activity detected
E000109,U016,transaction,4.5,0.0,0,34.06114428205439,0,0,0,0.83,0.87,8.7,20.0,5.43,5.99,0.045,0.0,0.34061144282054395,0.0599,0.054299999999999994,1.0,2,7.6,LOW,0,NO MODEL DETECTION,NO IMMEDIATE ACTION,Attack-stage activity detected
E000553,U018,transaction,4.5,0.0,0,34.06114428205439,0,0,0,2.58,0.65,6.5,20.0,5.36,6.07,0.045,0.0,0.34061144282054395,0.060700000000000004,0.0536,1.0,2,7.6,LOW,0,NO MODEL DETECTION,NO IMMEDIATE ACTION,Attack-stage activity detected
E000630,U016,transaction,4.5,0.0,0,34.06114428205439,0,0,0,0.0,0.87,8.7,20.0,5.3,5.74,0.045,0.0,0.34061144282054395,0.0574,0.053,1.0,2,7.56,LOW,0,NO MODEL DETECTION,NO IMMEDIATE ACTION,Attack-stage activity detected
E000263,U004,transaction,4.5,0.0,0,34.06114428205439,0,0,0,0.0,0.84,8.4,20.0,5.26,5.68,0.045,0.0,0.34061144282054395,0.056799999999999996,0.0526,1.0,2,7.55,LOW,0,NO MODEL DETECTION,NO IMMEDIATE ACTION,Attack-stage activity detected
E000435,U020,transaction,4.5,0.0,0,34.06114428205439,0,0,1,0.0,0.84,8.4,20.0,5.26,5.68,0.045,0.0,0.34061144282054395,0.056799999999999996,0.0526,1.0,3,7.55,LOW,0,NO MODEL DETECTION,NO IMMEDIATE ACTION,Attack-stage activity detected; Weekend activity
E000120,U004,transaction,4.5,0.0,0,34.06114428205439,0,0,0,0.0,0.83,8.3,20.0,5.24,5.66,0.045,0.0,0.34061144282054395,0.056600000000000004,0.0524,1.0,2,7.55,LOW,0,NO MODEL DETECTION,NO IMMEDIATE ACTION,Attack-stage activity detected
E000636,U018,transaction,4.5,0.0,0,34.06114428205439,0,0,0,0.83,0.7,7.0,20.0,5.17,5.65,0.045,0.0,0.34061144282054395,0.0565,0.051699999999999996,1.0,2,7.54,LOW,0,NO MODEL DETECTION,NO IMMEDIATE ACTION,Attack-stage activity detected
E000360,U008,transaction,4.5,0.0,0,34.06114428205439,0,0,0,0.0,0.69,6.9,20.0,5.04,5.38,0.045,0.0,0.34061144282054395,0.0538,0.0504,1.0,2,7.5,LOW,0,NO MODEL DETECTION,NO IMMEDIATE ACTION,Attack-stage activity detected
E000499,U008,transaction,4.5,0.0,0,34.06114428205439,0,0,1,0.0,0.66,6.6,20.0,4.99,5.32,0.045,0.0,0.34061144282054395,0.053200000000000004,0.0499,1.0,3,7.49,LOW,0,NO MODEL DETECTION,NO IMMEDIATE ACTION,Attack-stage activity detected; Weekend activity
E000294,U008,transaction,4.5,0.0,0,34.06114428205439,0,0,0,0.0,0.54,5.4,20.0,4.81,5.08,0.045,0.0,0.34061144282054395,0.0508,0.0481,1.0,2,7.45,LOW,0,NO MODEL DETECTION,NO IMMEDIATE ACTION,Attack-stage activity detected
E000463,U014,login,6.0,0.0,0,36.87150867763505,0,0,1,0.0,0.0,0.0,0.0,0.0,0.0,0.06,0.0,0.3687150867763505,0.0,0.0,0.0,1,7.33,LOW,0,NO MODEL DETECTION,NO IMMEDIATE ACTION,Weekend activity
E000116,U017,login,6.0,0.0,0,36.87150867763505,0,0,0,0.0,0.0,0.0,0.0,0.0,0.0,0.06,0.0,0.3687150867763505,0.0,0.0,0.0,0,7.33,LOW,0,NO MODEL DETECTION,NO IMMEDIATE ACTION,No significant security indicators
E000683,U016,login,6.0,0.0,0,36.87150867763505,0,0,0,0.0,0.0,0.0,0.0,0.0,0.0,0.06,0.0,0.3687150867763505,0.0,0.0,0.0,0,7.33,LOW,0,NO MODEL DETECTION,NO IMMEDIATE ACTION,No significant security indicators
E000395,U017,login,6.0,0.0,0,36.87150867763505,0,0,1,0.0,0.0,0.0,0.0,0.0,0.0,0.06,0.0,0.3687150867763505,0.0,0.0,0.0,1,7.33,LOW,0,NO MODEL DETECTION,NO IMMEDIATE ACTION,Weekend activity
E000387,U007,login,6.0,0.0,0,36.87150867763505,0,0,1,0.0,0.0,0.0,0.0,0.0,0.0,0.06,0.0,0.3687150867763505,0.0,0.0,0.0,1,7.33,LOW,0,NO MODEL DETECTION,NO IMMEDIATE ACTION,Weekend activity
E000531,U009,login,6.0,0.0,0,36.87150867763505,0,0,0,0.0,0.0,0.0,0.0,0.0,0.0,0.06,0.0,0.3687150867763505,0.0,0.0,0.0,0,7.33,LOW,0,NO MODEL DETECTION,NO IMMEDIATE ACTION,No significant security indicators
E000688,U018,login,6.0,0.0,0,36.87150867763505,0,0,0,0.0,0.0,0.0,0.0,0.0,0.0,0.06,0.0,0.3687150867763505,0.0,0.0,0.0,0,7.33,LOW,0,NO MODEL DETECTION,NO IMMEDIATE ACTION,No significant security indicators
E000255,U001,login,6.0,0.0,0,36.87150867763505,0,0,0,0.0,0.0,0.0,0.0,0.0,0.0,0.06,0.0,0.3687150867763505,0.0,0.0,0.0,0,7.33,LOW,0,NO MODEL DETECTION,NO IMMEDIATE ACTION,No significant security indicators
E000385,U016,login,6.0,0.0,0,36.87150867763505,0,0,1,0.0,0.0,0.0,0.0,0.0,0.0,0.06,0.0,0.3687150867763505,0.0,0.0,0.0,1,7.33,LOW,0,NO MODEL DETECTION,NO IMMEDIATE ACTION,Weekend activity
E000682,U009,login,6.0,0.0,0,36.87150867763505,0,0,0,0.0,0.0,0.0,0.0,0.0,0.0,0.06,0.0,0.3687150867763505,0.0,0.0,0.0,0,7.33,LOW,0,NO MODEL DETECTION,NO IMMEDIATE ACTION,No significant security indicators
E000017,U016,login,6.0,0.0,0,36.87150867763505,0,0,0,0.0,0.0,0.0,0.0,0.0,0.0,0.06,0.0,0.3687150867763505,0.0,0.0,0.0,0,7.33,LOW,0,NO MODEL DETECTION,NO IMMEDIATE ACTION,No significant security indicators
E000614,U018,login,6.0,0.0,0,36.87150867763505,0,0,0,0.0,0.0,0.0,0.0,0.0,0.0,0.06,0.0,0.3687150867763505,0.0,0.0,0.0,0,7.33,LOW,0,NO MODEL DETECTION,NO IMMEDIATE ACTION,No significant security indicators
E000189,U017,login,6.0,0.0,0,36.87150867763505,0,0,0,0.0,0.0,0.0,0.0,0.0,0.0,0.06,0.0,0.3687150867763505,0.0,0.0,0.0,0,7.33,LOW,0,NO MODEL DETECTION,NO IMMEDIATE ACTION,No significant security indicators
E000548,U016,login,6.0,0.0,0,36.87150867763505,0,0,0,0.0,0.0,0.0,0.0,0.0,0.0,0.06,0.0,0.3687150867763505,0.0,0.0,0.0,0,7.33,LOW,0,NO MODEL DETECTION,NO IMMEDIATE ACTION,No significant security indicators
E000609,U016,login,6.0,0.0,0,36.87150867763505,0,0,0,0.0,0.0,0.0,0.0,0.0,0.0,0.06,0.0,0.3687150867763505,0.0,0.0,0.0,0,7.33,LOW,0,NO MODEL DETECTION,NO IMMEDIATE ACTION,No significant security indicators
E000475,U016,login,6.0,0.0,0,36.87150867763505,0,0,1,0.0,0.0,0.0,0.0,0.0,0.0,0.06,0.0,0.3687150867763505,0.0,0.0,0.0,1,7.33,LOW,0,NO MODEL DETECTION,NO IMMEDIATE ACTION,Weekend activity
E000178,U016,login,6.0,0.0,0,36.87150867763505,0,0,0,0.0,0.0,0.0,0.0,0.0,0.0,0.06,0.0,0.3687150867763505,0.0,0.0,0.0,0,7.33,LOW,0,NO MODEL DETECTION,NO IMMEDIATE ACTION,No significant security indicators
E000183,U018,login,6.0,0.0,0,36.87150867763505,0,0,0,0.0,0.0,0.0,0.0,0.0,0.0,0.06,0.0,0.3687150867763505,0.0,0.0,0.0,0,7.33,LOW,0,NO MODEL DETECTION,NO IMMEDIATE ACTION,No significant security indicators
E000694,U004,login,6.0,0.0,0,36.87150867763505,0,0,0,0.0,0.0,0.0,0.0,0.0,0.0,0.06,0.0,0.3687150867763505,0.0,0.0,0.0,0,7.33,LOW,0,NO MODEL DETECTION,NO IMMEDIATE ACTION,No significant security indicators
E000024,U018,login,6.0,0.0,0,36.87150867763505,0,0,0,0.0,0.0,0.0,0.0,0.0,0.0,0.06,0.0,0.3687150867763505,0.0,0.0,0.0,0,7.33,LOW,0,NO MODEL DETECTION,NO IMMEDIATE ACTION,No significant security indicators
E000447,U019,transaction,0.0,0.25,0,0.0,0,1,1,6.58,1.03,10.3,20.0,6.53,23.03,0.0,0.0025,0.0,0.2303,0.0653,1.0,5,3.04,LOW,0,NO MODEL DETECTION,NO IMMEDIATE ACTION,Elevated contextual risk; Attack-stage activity detected; Off-hours activity; Weekend activity
E000083,U015,transaction,0.0,0.0,0,0.0,0,1,0,0.83,1.81,18.1,20.0,6.84,22.87,0.0,0.0,0.0,0.22870000000000001,0.0684,1.0,4,2.97,LOW,0,NO MODEL DETECTION,NO IMMEDIATE ACTION,Elevated contextual risk; Attack-stage activity detected; Off-hours activity
E000156,U015,transaction,0.0,0.0,0,0.0,0,1,0,0.83,1.82,18.2,20.0,6.85,22.89,0.0,0.0,0.0,0.2289,0.06849999999999999,1.0,4,2.97,LOW,0,NO MODEL DETECTION,NO IMMEDIATE ACTION,Elevated contextual risk; Attack-stage activity detected; Off-hours activity
E000678,U015,transaction,0.0,0.0,0,0.0,0,1,0,0.0,1.83,18.3,20.0,6.74,22.66,0.0,0.0,0.0,0.2266,0.0674,1.0,4,2.94,LOW,0,NO MODEL DETECTION,NO IMMEDIATE ACTION,Elevated contextual risk; Attack-stage activity detected; Off-hours activity
E000596,U012,transaction,0.0,0.0,0,0.0,0,1,0,2.58,1.41,14.1,20.0,6.5,22.59,0.0,0.0,0.0,0.2259,0.065,1.0,4,2.91,LOW,0,NO MODEL DETECTION,NO IMMEDIATE ACTION,Elevated contextual risk; Attack-stage activity detected; Off-hours activity
E000245,U015,transaction,0.0,0.0,0,0.0,0,1,0,0.0,1.7,17.0,20.0,6.55,22.4,0.0,0.0,0.0,0.22399999999999998,0.0655,1.0,4,2.9,LOW,0,NO MODEL DETECTION,NO IMMEDIATE ACTION,Elevated contextual risk; Attack-stage activity detected; Off-hours activity
E000668,U013,transaction,0.0,0.0,0,0.0,0,1,0,0.0,1.51,15.1,20.0,6.26,22.02,0.0,0.0,0.0,0.2202,0.0626,1.0,4,2.83,LOW,0,NO MODEL DETECTION,NO IMMEDIATE ACTION,Elevated contextual risk; Attack-stage activity detected; Off-hours activity
E000455,U012,transaction,0.0,0.0,0,0.0,0,1,1,0.0,1.47,14.7,20.0,6.2,21.94,0.0,0.0,0.0,0.2194,0.062,1.0,5,2.81,LOW,0,NO MODEL DETECTION,NO IMMEDIATE ACTION,Elevated contextual risk; Attack-stage activity detected; Off-hours activity; Weekend activity
E000510,U006,transaction,0.0,0.0,0,0.0,0,1,0,0.83,1.27,12.7,20.0,6.03,21.79,0.0,0.0,0.0,0.21789999999999998,0.0603,1.0,4,2.78,LOW,0,NO MODEL DETECTION,NO IMMEDIATE ACTION,Elevated contextual risk; Attack-stage activity detected; Off-hours activity
E000084,U015,file_access,0.0,0.5,0,0.0,0,1,0,6.58,0.0,0.0,20.0,4.99,20.97,0.0,0.005,0.0,0.2097,0.0499,1.0,3,2.77,LOW,0,NO MODEL DETECTION,NO IMMEDIATE ACTION,Elevated contextual risk; Attack-stage activity detected; Off-hours activity
E000370,U013,transaction,0.0,0.0,0,0.0,0,1,1,0.83,1.21,12.1,20.0,5.94,21.67,0.0,0.0,0.0,0.2167,0.0594,1.0,5,2.76,LOW,0,NO MODEL DETECTION,NO IMMEDIATE ACTION,Elevated contextual risk; Attack-stage activity detected; Off-hours activity; Weekend activity
E000241,U012,transaction,0.0,0.0,0,0.0,0,1,0,0.83,1.18,11.8,20.0,5.89,21.61,0.0,0.0,0.0,0.2161,0.058899999999999994,1.0,4,2.75,LOW,0,NO MODEL DETECTION,NO IMMEDIATE ACTION,Elevated contextual risk; Attack-stage activity detected; Off-hours activity
E000368,U006,transaction,0.0,0.0,0,0.0,0,1,1,2.58,0.82,8.2,20.0,5.62,21.41,0.0,0.0,0.0,0.2141,0.0562,1.0,4,2.7,LOW,0,NO MODEL DETECTION,NO IMMEDIATE ACTION,Elevated contextual risk; Attack-stage activity detected; Off-hours activity; Weekend activity
E000240,U013,transaction,0.0,0.0,0,0.0,0,1,0,0.0,1.12,11.2,20.0,5.68,21.24,0.0,0.0,0.0,0.21239999999999998,0.056799999999999996,1.0,4,2.69,LOW,0,NO MODEL DETECTION,NO IMMEDIATE ACTION,Elevated contextual risk; Attack-stage activity detected; Off-hours activity
E000169,U012,transaction,0.0,0.0,0,0.0,0,1,0,0.83,1.01,10.1,20.0,5.64,21.27,0.0,0.0,0.0,0.2127,0.0564,1.0,4,2.69,LOW,0,NO MODEL DETECTION,NO IMMEDIATE ACTION,Elevated contextual risk; Attack-stage activity detected; Off-hours activity
E000381,U012,transaction,0.0,0.0,0,0.0,0,1,1,0.0,1.1,11.0,20.0,5.65,21.2,0.0,0.0,0.0,0.212,0.0565,1.0,5,2.68,LOW,0,NO MODEL DETECTION,NO IMMEDIATE ACTION,Elevated contextual risk; Attack-stage activity detected; Off-hours activity; Weekend activity
E000244,U006,transaction,0.0,0.0,0,0.0,0,1,0,0.0,0.96,9.6,20.0,5.44,20.92,0.0,0.0,0.0,0.20920000000000002,0.054400000000000004,1.0,3,2.64,LOW,0,NO MODEL DETECTION,NO IMMEDIATE ACTION,Elevated contextual risk; Attack-stage activity detected; Off-hours activity
E000166,U015,file_access,0.0,0.0,0,0.0,0,1,0,7.42,0.0,0.0,20.0,5.11,21.23,0.0,0.0,0.0,0.21230000000000002,0.051100000000000007,1.0,3,2.63,LOW,0,NO MODEL DETECTION,NO IMMEDIATE ACTION,Elevated contextual risk; Attack-stage activity detected; Off-hours activity
E000372,U019,transaction,0.0,0.0,0,0.0,0,1,1,0.83,0.8,8.0,20.0,5.32,20.85,0.0,0.0,0.0,0.20850000000000002,0.053200000000000004,1.0,4,2.62,LOW,0,NO MODEL DETECTION,NO IMMEDIATE ACTION,Elevated contextual risk; Attack-stage activity detected; Off-hours activity; Weekend activity
E000161,U019,transaction,0.0,0.0,0,0.0,0,1,0,0.83,0.82,8.2,20.0,5.35,20.89,0.0,0.0,0.0,0.2089,0.0535,1.0,3,2.62,LOW,0,NO MODEL DETECTION,NO IMMEDIATE ACTION,Elevated contextual risk; Attack-stage activity detected; Off-hours activity
E000378,U015,transaction,0.0,0.0,0,0.0,0,1,1,0.0,0.85,8.5,20.0,5.28,20.7,0.0,0.0,0.0,0.207,0.0528,1.0,4,2.6,LOW,0,NO MODEL DETECTION,NO IMMEDIATE ACTION,Elevated contextual risk; Attack-stage activity detected; Off-hours activity; Weekend activity
E000243,U019,transaction,0.0,0.0,0,0.0,0,1,0,0.0,0.85,8.5,20.0,5.28,20.7,0.0,0.0,0.0,0.207,0.0528,1.0,3,2.6,LOW,0,NO MODEL DETECTION,NO IMMEDIATE ACTION,Elevated contextual risk; Attack-stage activity detected; Off-hours activity
E000093,U013,transaction,0.0,0.0,0,0.0,0,1,0,2.58,0.49,4.9,20.0,5.12,20.75,0.0,0.0,0.0,0.2075,0.0512,1.0,3,2.59,LOW,0,NO MODEL DETECTION,NO IMMEDIATE ACTION,Elevated contextual risk; Attack-stage activity detected; Off-hours activity
E000525,U012,transaction,0.0,0.0,0,0.0,0,1,0,0.0,0.83,8.3,20.0,5.24,20.66,0.0,0.0,0.0,0.2066,0.0524,1.0,3,2.59,LOW,0,NO MODEL DETECTION,NO IMMEDIATE ACTION,Elevated contextual risk; Attack-stage activity detected; Off-hours activity
E000601,U015,transaction,0.0,0.0,0,0.0,0,1,0,0.0,0.79,7.9,20.0,5.18,20.58,0.0,0.0,0.0,0.20579999999999998,0.0518,1.0,3,2.58,LOW,0,NO MODEL DETECTION,NO IMMEDIATE ACTION,Elevated contextual risk; Attack-stage activity detected; Off-hours activity
E000595,U013,transaction,0.0,0.0,0,0.0,0,1,0,0.83,0.67,6.7,20.0,5.13,20.59,0.0,0.0,0.0,0.2059,0.0513,1.0,3,2.57,LOW,0,NO MODEL DETECTION,NO IMMEDIATE ACTION,Elevated contextual risk; Attack-stage activity detected; Off-hours activity
E000515,U013,transaction,0.0,0.0,0,0.0,0,1,0,0.0,0.68,6.8,20.0,5.02,20.36,0.0,0.0,0.0,0.2036,0.050199999999999995,1.0,3,2.54,LOW,0,NO MODEL DETECTION,NO IMMEDIATE ACTION,Elevated contextual risk; Attack-stage activity detected; Off-hours activity
E000523,U019,transaction,0.0,0.0,0,0.0,0,1,0,0.0,0.66,6.6,20.0,4.99,20.32,0.0,0.0,0.0,0.2032,0.0499,1.0,3,2.53,LOW,0,NO MODEL DETECTION,NO IMMEDIATE ACTION,Elevated contextual risk; Attack-stage activity detected; Off-hours activity
E000302,U019,transaction,0.0,0.0,0,0.0,0,1,0,0.83,0.48,4.8,20.0,4.84,20.21,0.0,0.0,0.0,0.2021,0.0484,1.0,3,2.51,LOW,0,NO MODEL DETECTION,NO IMMEDIATE ACTION,Elevated contextual risk; Attack-stage activity detected; Off-hours activity
E000310,U013,file_access,0.0,0.25,0,0.0,0,1,0,2.58,0.0,0.0,20.0,4.39,19.77,0.0,0.0025,0.0,0.1977,0.043899999999999995,1.0,3,2.5,LOW,0,NO MODEL DETECTION,NO IMMEDIATE ACTION,Elevated contextual risk; Attack-stage activity detected; Off-hours activity
E000157,U013,transaction,0.0,0.0,0,0.0,0,1,0,0.0,0.47,4.7,20.0,4.7,19.94,0.0,0.0,0.0,0.19940000000000002,0.047,1.0,3,2.46,LOW,0,NO MODEL DETECTION,NO IMMEDIATE ACTION,Elevated contextual risk; Attack-stage activity detected; Off-hours activity
E000675,U019,transaction,0.0,0.0,0,0.0,0,1,0,0.0,0.44,4.4,20.0,4.66,19.88,0.0,0.0,0.0,0.19879999999999998,0.0466,1.0,3,2.45,LOW,0,NO MODEL DETECTION,NO IMMEDIATE ACTION,Elevated contextual risk; Attack-stage activity detected; Off-hours activity
E000398,U014,transaction,0.0,0.0,0,0.0,0,0,1,0.83,4.48,44.8,20.0,10.84,13.21,0.0,0.0,0.0,0.1321,0.1084,1.0,4,2.41,LOW,0,NO MODEL DETECTION,NO IMMEDIATE ACTION,Attack-stage activity detected; Weekend activity
E000015,U015,transaction,0.0,0.0,0,0.0,0,1,0,0.0,0.27,2.7,20.0,4.4,19.54,0.0,0.0,0.0,0.1954,0.044000000000000004,1.0,3,2.39,LOW,0,NO MODEL DETECTION,NO IMMEDIATE ACTION,Elevated contextual risk; Attack-stage activity detected; Off-hours activity
E000315,U002,file_access,0.0,0.0,0,0.0,0,1,0,0.83,0.0,0.0,20.0,4.12,19.25,0.0,0.0,0.0,0.1925,0.0412,1.0,3,2.34,LOW,0,NO MODEL DETECTION,NO IMMEDIATE ACTION,Elevated contextual risk; Attack-stage activity detected; Off-hours activity
E000160,U015,file_access,0.0,0.0,0,0.0,0,1,0,0.83,0.0,0.0,20.0,4.12,19.25,0.0,0.0,0.0,0.1925,0.0412,1.0,3,2.34,LOW,0,NO MODEL DETECTION,NO IMMEDIATE ACTION,Elevated contextual risk; Attack-stage activity detected; Off-hours activity
E000299,U015,file_access,0.0,0.0,0,0.0,0,1,0,0.83,0.0,0.0,20.0,4.12,19.25,0.0,0.0,0.0,0.1925,0.0412,1.0,3,2.34,LOW,0,NO MODEL DETECTION,NO IMMEDIATE ACTION,Elevated contextual risk; Attack-stage activity detected; Off-hours activity
E000598,U015,file_access,0.0,0.0,0,0.0,0,1,0,0.0,0.0,0.0,20.0,4.0,19.0,0.0,0.0,0.0,0.19,0.04,1.0,3,2.3,LOW,0,NO MODEL DETECTION,NO IMMEDIATE ACTION,Elevated contextual risk; Attack-stage activity detected; Off-hours activity
E000512,U013,file_access,0.0,0.0,0,0.0,0,1,0,0.0,0.0,0.0,20.0,4.0,19.0,0.0,0.0,0.0,0.19,0.04,1.0,3,2.3,LOW,0,NO MODEL DETECTION,NO IMMEDIATE ACTION,Elevated contextual risk; Attack-stage activity detected; Off-hours activity
E000517,U019,file_access,0.0,0.0,0,0.0,0,1,0,0.0,0.0,0.0,20.0,4.0,19.0,0.0,0.0,0.0,0.19,0.04,1.0,3,2.3,LOW,0,NO MODEL DETECTION,NO IMMEDIATE ACTION,Elevated contextual risk; Attack-stage activity detected; Off-hours activity
E000308,U012,file_access,0.0,0.0,0,0.0,0,1,0,0.0,0.0,0.0,20.0,4.0,19.0,0.0,0.0,0.0,0.19,0.04,1.0,3,2.3,LOW,0,NO MODEL DETECTION,NO IMMEDIATE ACTION,Elevated contextual risk; Attack-stage activity detected; Off-hours activity
E000086,U015,file_access,0.0,0.25,0,0.0,0,1,0,9.17,0.0,0.0,0.0,1.38,17.75,0.0,0.0025,0.0,0.1775,0.0138,0.0,2,2.0,LOW,0,NO MODEL DETECTION,NO IMMEDIATE ACTION,Elevated contextual risk; Off-hours activity
E000450,U015,file_access,0.0,0.25,0,0.0,0,1,1,9.17,0.0,0.0,0.0,1.38,17.75,0.0,0.0025,0.0,0.1775,0.0138,0.0,3,2.0,LOW,0,NO MODEL DETECTION,NO IMMEDIATE ACTION,Elevated contextual risk; Off-hours activity; Weekend activity
E000089,U019,file_access,0.0,0.25,0,0.0,0,1,0,9.17,0.0,0.0,0.0,1.38,17.75,0.0,0.0025,0.0,0.1775,0.0138,0.0,2,2.0,LOW,0,NO MODEL DETECTION,NO IMMEDIATE ACTION,Elevated contextual risk; Off-hours activity
E000501,U005,transaction,0.0,0.0,0,0.0,0,0,1,2.58,3.11,31.1,20.0,9.05,10.99,0.0,0.0,0.0,0.1099,0.09050000000000001,1.0,4,2.0,LOW,0,NO MODEL DETECTION,NO IMMEDIATE ACTION,Attack-stage activity detected; Weekend activity
E000521,U015,file_access,0.0,0.5,0,0.0,0,1,0,5.17,0.0,0.0,0.0,0.78,16.55,0.0,0.005,0.0,0.1655,0.0078000000000000005,0.0,2,1.91,LOW,0,NO MODEL DETECTION,NO IMMEDIATE ACTION,Elevated contextual risk; Off-hours activity
E000170,U012,file_access,0.0,0.0,0,0.0,0,1,0,7.42,0.0,0.0,0.0,1.11,17.23,0.0,0.0,0.0,0.1723,0.0111,0.0,2,1.83,LOW,0,NO MODEL DETECTION,NO IMMEDIATE ACTION,Elevated contextual risk; Off-hours activity
E000608,U001,transaction,0.0,0.25,0,0.0,0,0,0,10.0,1.35,13.5,20.0,7.52,9.7,0.0,0.0025,0.0,0.09699999999999999,0.07519999999999999,1.0,3,1.81,LOW,0,NO MODEL DETECTION,NO IMMEDIATE ACTION,Attack-stage activity detected
E000380,U012,file_access,0.0,0.0,0,0.0,0,1,1,6.58,0.0,0.0,0.0,0.99,16.97,0.0,0.0,0.0,0.1697,0.009899999999999999,0.0,3,1.8,LOW,0,NO MODEL DETECTION,NO IMMEDIATE ACTION,Elevated contextual risk; Off-hours activity; Weekend activity
E000374,U013,file_access,0.0,0.0,0,0.0,0,1,1,6.58,0.0,0.0,0.0,0.99,16.97,0.0,0.0,0.0,0.1697,0.009899999999999999,0.0,3,1.8,LOW,0,NO MODEL DETECTION,NO IMMEDIATE ACTION,Elevated contextual risk; Off-hours activity; Weekend activity
E000221,U005,transaction,0.0,0.0,0,0.0,0,0,0,0.83,2.65,26.5,20.0,8.1,9.55,0.0,0.0,0.0,0.0955,0.081,1.0,3,1.77,LOW,0,NO MODEL DETECTION,NO IMMEDIATE ACTION,Attack-stage activity detected
E000599,U012,file_access,0.0,0.0,0,0.0,0,1,0,3.42,0.0,0.0,0.0,0.51,16.03,0.0,0.0,0.0,0.1603,0.0051,0.0,2,1.65,LOW,0,NO MODEL DETECTION,NO IMMEDIATE ACTION,Elevated contextual risk; Off-hours activity
E000674,U012,file_access,0.0,0.0,0,0.0,0,1,0,3.42,0.0,0.0,0.0,0.51,16.03,0.0,0.0,0.0,0.1603,0.0051,0.0,2,1.65,LOW,0,NO MODEL DETECTION,NO IMMEDIATE ACTION,Elevated contextual risk; Off-hours activity
E000362,U005,transaction,0.0,0.0,0,0.0,0,0,0,0.0,2.4,24.0,20.0,7.6,8.8,0.0,0.0,0.0,0.08800000000000001,0.076,1.0,3,1.64,LOW,0,NO MODEL DETECTION,NO IMMEDIATE ACTION,Attack-stage activity detected
E000167,U012,file_access,0.0,0.0,0,0.0,0,1,0,2.58,0.0,0.0,0.0,0.39,15.77,0.0,0.0,0.0,0.1577,0.0039000000000000003,0.0,2,1.62,LOW,0,NO MODEL DETECTION,NO IMMEDIATE ACTION,Elevated contextual risk; Off-hours activity
E000091,U012,file_access,0.0,0.0,0,0.0,0,1,0,2.58,0.0,0.0,0.0,0.39,15.77,0.0,0.0,0.0,0.1577,0.0039000000000000003,0.0,2,1.62,LOW,0,NO MODEL DETECTION,NO IMMEDIATE ACTION,Elevated contextual risk; Off-hours activity
E000163,U019,file_access,0.0,0.0,0,0.0,0,1,0,2.58,0.0,0.0,0.0,0.39,15.77,0.0,0.0,0.0,0.1577,0.0039000000000000003,0.0,2,1.62,LOW,0,NO MODEL DETECTION,NO IMMEDIATE ACTION,Elevated contextual risk; Off-hours activity
E000081,U013,file_access,0.0,0.0,0,0.0,0,1,0,2.58,0.0,0.0,0.0,0.39,15.77,0.0,0.0,0.0,0.1577,0.0039000000000000003,0.0,2,1.62,LOW,0,NO MODEL DETECTION,NO IMMEDIATE ACTION,Elevated contextual risk; Off-hours activity
E000011,U019,file_access,0.0,0.0,0,0.0,0,1,0,2.58,0.0,0.0,0.0,0.39,15.77,0.0,0.0,0.0,0.1577,0.0039000000000000003,0.0,2,1.62,LOW,0,NO MODEL DETECTION,NO IMMEDIATE ACTION,Elevated contextual risk; Off-hours activity
E000513,U006,file_access,0.0,0.0,0,0.0,0,1,0,2.58,0.0,0.0,0.0,0.39,15.77,0.0,0.0,0.0,0.1577,0.0039000000000000003,0.0,2,1.62,LOW,0,NO MODEL DETECTION,NO IMMEDIATE ACTION,Elevated contextual risk; Off-hours activity
E000151,U010,transaction,0.0,0.0,0,0.0,0,0,0,0.0,2.35,23.5,20.0,7.52,8.7,0.0,0.0,0.0,0.087,0.07519999999999999,1.0,3,1.62,LOW,0,NO MODEL DETECTION,NO IMMEDIATE ACTION,Attack-stage activity detected
E000004,U015,file_access,0.0,0.0,0,0.0,0,1,0,2.58,0.0,0.0,0.0,0.39,15.77,0.0,0.0,0.0,0.1577,0.0039000000000000003,0.0,2,1.62,LOW,0,NO MODEL DETECTION,NO IMMEDIATE ACTION,Elevated contextual risk; Off-hours activity
E000671,U013,file_access,0.0,0.0,0,0.0,0,1,0,2.58,0.0,0.0,0.0,0.39,15.77,0.0,0.0,0.0,0.1577,0.0039000000000000003,0.0,2,1.62,LOW,0,NO MODEL DETECTION,NO IMMEDIATE ACTION,Elevated contextual risk; Off-hours activity
E000449,U015,file_access,0.0,0.0,0,0.0,0,1,1,2.58,0.0,0.0,0.0,0.39,15.77,0.0,0.0,0.0,0.1577,0.0039000000000000003,0.0,3,1.62,LOW,0,NO MODEL DETECTION,NO IMMEDIATE ACTION,Elevated contextual risk; Off-hours activity; Weekend activity
E000460,U002,file_access,0.0,0.0,0,0.0,0,1,1,2.58,0.0,0.0,0.0,0.39,15.77,0.0,0.0,0.0,0.1577,0.0039000000000000003,0.0,3,1.62,LOW,0,NO MODEL DETECTION,NO IMMEDIATE ACTION,Elevated contextual risk; Off-hours activity; Weekend activity
E000529,U007,file_access,0.0,0.0,0,0.0,0,1,0,2.58,0.0,0.0,0.0,0.39,15.77,0.0,0.0,0.0,0.1577,0.0039000000000000003,0.0,2,1.62,LOW,0,NO MODEL DETECTION,NO IMMEDIATE ACTION,Elevated contextual risk; Off-hours activity
E000376,U015,file_access,0.0,0.0,0,0.0,0,1,1,2.58,0.0,0.0,0.0,0.39,15.77,0.0,0.0,0.0,0.1577,0.0039000000000000003,0.0,3,1.62,LOW,0,NO MODEL DETECTION,NO IMMEDIATE ACTION,Elevated contextual risk; Off-hours activity; Weekend activity
E000581,U019,file_access,0.0,0.0,0,0.0,0,1,0,2.58,0.0,0.0,0.0,0.39,15.77,0.0,0.0,0.0,0.1577,0.0039000000000000003,0.0,2,1.62,LOW,0,NO MODEL DETECTION,NO IMMEDIATE ACTION,Elevated contextual risk; Off-hours activity
E000660,U019,file_access,0.0,0.0,0,0.0,0,1,0,2.58,0.0,0.0,0.0,0.39,15.77,0.0,0.0,0.0,0.1577,0.0039000000000000003,0.0,2,1.62,LOW,0,NO MODEL DETECTION,NO IMMEDIATE ACTION,Elevated contextual risk; Off-hours activity
E000570,U005,transaction,0.0,0.0,0,0.0,0,0,0,2.58,1.8,18.0,20.0,7.09,8.37,0.0,0.0,0.0,0.0837,0.0709,1.0,3,1.55,LOW,0,NO MODEL DETECTION,NO IMMEDIATE ACTION,Attack-stage activity detected
E000718,U007,transaction,0.0,0.0,0,0.0,0,0,0,0.0,2.1,21.0,20.0,7.15,8.2,0.0,0.0,0.0,0.08199999999999999,0.07150000000000001,1.0,3,1.54,LOW,0,NO MODEL DETECTION,NO IMMEDIATE ACTION,Attack-stage activity detected
E000165,U015,file_access,0.0,0.0,0,0.0,0,1,0,0.83,0.0,0.0,0.0,0.12,15.25,0.0,0.0,0.0,0.1525,0.0012,0.0,2,1.54,LOW,0,NO MODEL DETECTION,NO IMMEDIATE ACTION,Elevated contextual risk; Off-hours activity
E000314,U002,file_access,0.0,0.0,0,0.0,0,1,0,0.83,0.0,0.0,0.0,0.12,15.25,0.0,0.0,0.0,0.1525,0.0012,0.0,2,1.54,LOW,0,NO MODEL DETECTION,NO IMMEDIATE ACTION,Elevated contextual risk; Off-hours activity
E000659,U013,file_access,0.0,0.0,0,0.0,0,1,0,0.83,0.0,0.0,0.0,0.12,15.25,0.0,0.0,0.0,0.1525,0.0012,0.0,2,1.54,LOW,0,NO MODEL DETECTION,NO IMMEDIATE ACTION,Elevated contextual risk; Off-hours activity
E000373,U013,file_access,0.0,0.0,0,0.0,0,1,1,0.83,0.0,0.0,0.0,0.12,15.25,0.0,0.0,0.0,0.1525,0.0012,0.0,3,1.54,LOW,0,NO MODEL DETECTION,NO IMMEDIATE ACTION,Elevated contextual risk; Off-hours activity; Weekend activity
E000233,U013,file_access,0.0,0.0,0,0.0,0,1,0,0.83,0.0,0.0,0.0,0.12,15.25,0.0,0.0,0.0,0.1525,0.0012,0.0,2,1.54,LOW,0,NO MODEL DETECTION,NO IMMEDIATE ACTION,Elevated contextual risk; Off-hours activity
E000159,U013,file_access,0.0,0.0,0,0.0,0,1,0,0.83,0.0,0.0,0.0,0.12,15.25,0.0,0.0,0.0,0.1525,0.0012,0.0,2,1.54,LOW,0,NO MODEL DETECTION,NO IMMEDIATE ACTION,Elevated contextual risk; Off-hours activity
E000237,U006,file_access,0.0,0.0,0,0.0,0,1,0,0.83,0.0,0.0,0.0,0.12,15.25,0.0,0.0,0.0,0.1525,0.0012,0.0,2,1.54,LOW,0,NO MODEL DETECTION,NO IMMEDIATE ACTION,Elevated contextual risk; Off-hours activity
E000439,U006,file_access,0.0,0.0,0,0.0,0,1,1,0.83,0.0,0.0,0.0,0.12,15.25,0.0,0.0,0.0,0.1525,0.0012,0.0,3,1.54,LOW,0,NO MODEL DETECTION,NO IMMEDIATE ACTION,Elevated contextual risk; Off-hours activity; Weekend activity
E000522,U012,file_access,0.0,0.0,0,0.0,0,1,0,0.83,0.0,0.0,0.0,0.12,15.25,0.0,0.0,0.0,0.1525,0.0012,0.0,2,1.54,LOW,0,NO MODEL DETECTION,NO IMMEDIATE ACTION,Elevated contextual risk; Off-hours activity
E000673,U012,file_access,0.0,0.0,0,0.0,0,1,0,0.83,0.0,0.0,0.0,0.12,15.25,0.0,0.0,0.0,0.1525,0.0012,0.0,2,1.54,LOW,0,NO MODEL DETECTION,NO IMMEDIATE ACTION,Elevated contextual risk; Off-hours activity
E000238,U012,file_access,0.0,0.0,0,0.0,0,1,0,0.83,0.0,0.0,0.0,0.12,15.25,0.0,0.0,0.0,0.1525,0.0012,0.0,2,1.54,LOW,0,NO MODEL DETECTION,NO IMMEDIATE ACTION,Elevated contextual risk; Off-hours activity
E000009,U012,file_access,0.0,0.0,0,0.0,0,1,0,0.83,0.0,0.0,0.0,0.12,15.25,0.0,0.0,0.0,0.1525,0.0012,0.0,2,1.54,LOW,0,NO MODEL DETECTION,NO IMMEDIATE ACTION,Elevated contextual risk; Off-hours activity
E000082,U012,file_access,0.0,0.0,0,0.0,0,1,0,0.83,0.0,0.0,0.0,0.12,15.25,0.0,0.0,0.0,0.1525,0.0012,0.0,2,1.54,LOW,0,NO MODEL DETECTION,NO IMMEDIATE ACTION,Elevated contextual risk; Off-hours activity
E000168,U012,file_access,0.0,0.0,0,0.0,0,1,0,0.83,0.0,0.0,0.0,0.12,15.25,0.0,0.0,0.0,0.1525,0.0012,0.0,2,1.54,LOW,0,NO MODEL DETECTION,NO IMMEDIATE ACTION,Elevated contextual risk; Off-hours activity
E000369,U019,file_access,0.0,0.0,0,0.0,0,1,1,0.83,0.0,0.0,0.0,0.12,15.25,0.0,0.0,0.0,0.1525,0.0012,0.0,3,1.54,LOW,0,NO MODEL DETECTION,NO IMMEDIATE ACTION,Elevated contextual risk; Off-hours activity; Weekend activity
E000158,U019,file_access,0.0,0.0,0,0.0,0,1,0,0.83,0.0,0.0,0.0,0.12,15.25,0.0,0.0,0.0,0.1525,0.0012,0.0,2,1.54,LOW,0,NO MODEL DETECTION,NO IMMEDIATE ACTION,Elevated contextual risk; Off-hours activity
E000454,U012,file_access,0.0,0.0,0,0.0,0,1,1,0.83,0.0,0.0,0.0,0.12,15.25,0.0,0.0,0.0,0.1525,0.0012,0.0,3,1.54,LOW,0,NO MODEL DETECTION,NO IMMEDIATE ACTION,Elevated contextual risk; Off-hours activity; Weekend activity
E000236,U013,file_access,0.0,0.0,0,0.0,0,1,0,0.83,0.0,0.0,0.0,0.12,15.25,0.0,0.0,0.0,0.1525,0.0012,0.0,2,1.54,LOW,0,NO MODEL DETECTION,NO IMMEDIATE ACTION,Elevated contextual risk; Off-hours activity
E000441,U006,file_access,0.0,0.0,0,0.0,0,1,1,0.83,0.0,0.0,0.0,0.12,15.25,0.0,0.0,0.0,0.1525,0.0012,0.0,3,1.54,LOW,0,NO MODEL DETECTION,NO IMMEDIATE ACTION,Elevated contextual risk; Off-hours activity; Weekend activity
E000172,U006,file_access,0.0,0.0,0,0.0,0,1,0,0.83,0.0,0.0,0.0,0.12,15.25,0.0,0.0,0.0,0.1525,0.0012,0.0,2,1.54,LOW,0,NO MODEL DETECTION,NO IMMEDIATE ACTION,Elevated contextual risk; Off-hours activity
E000077,U006,file_access,0.0,0.0,0,0.0,0,1,0,0.83,0.0,0.0,0.0,0.12,15.25,0.0,0.0,0.0,0.1525,0.0012,0.0,2,1.54,LOW,0,NO MODEL DETECTION,NO IMMEDIATE ACTION,Elevated contextual risk; Off-hours activity
E000371,U006,file_access,0.0,0.0,0,0.0,0,1,1,0.83,0.0,0.0,0.0,0.12,15.25,0.0,0.0,0.0,0.1525,0.0012,0.0,3,1.54,LOW,0,NO MODEL DETECTION,NO IMMEDIATE ACTION,Elevated contextual risk; Off-hours activity; Weekend activity
E000006,U015,file_access,0.0,0.0,0,0.0,0,1,0,0.83,0.0,0.0,0.0,0.12,15.25,0.0,0.0,0.0,0.1525,0.0012,0.0,2,1.54,LOW,0,NO MODEL DETECTION,NO IMMEDIATE ACTION,Elevated contextual risk; Off-hours activity
E000665,U006,file_access,0.0,0.0,0,0.0,0,1,0,0.83,0.0,0.0,0.0,0.12,15.25,0.0,0.0,0.0,0.1525,0.0012,0.0,2,1.54,LOW,0,NO MODEL DETECTION,NO IMMEDIATE ACTION,Elevated contextual risk; Off-hours activity
E000584,U006,file_access,0.0,0.0,0,0.0,0,1,0,0.83,0.0,0.0,0.0,0.12,15.25,0.0,0.0,0.0,0.1525,0.0012,0.0,2,1.54,LOW,0,NO MODEL DETECTION,NO IMMEDIATE ACTION,Elevated contextual risk; Off-hours activity
E000085,U006,file_access,0.0,0.0,0,0.0,0,1,0,0.0,0.0,0.0,0.0,0.0,15.0,0.0,0.0,0.0,0.15,0.0,0.0,1,1.5,LOW,0,NO MODEL DETECTION,NO IMMEDIATE ACTION,Elevated contextual risk; Off-hours activity
E000519,U015,file_access,0.0,0.0,0,0.0,0,1,0,0.0,0.0,0.0,0.0,0.0,15.0,0.0,0.0,0.0,0.15,0.0,0.0,1,1.5,LOW,0,NO MODEL DETECTION,NO IMMEDIATE ACTION,Elevated contextual risk; Off-hours activity
E000516,U015,file_access,0.0,0.0,0,0.0,0,1,0,0.0,0.0,0.0,0.0,0.0,15.0,0.0,0.0,0.0,0.15,0.0,0.0,1,1.5,LOW,0,NO MODEL DETECTION,NO IMMEDIATE ACTION,Elevated contextual risk; Off-hours activity
E000080,U015,file_access,0.0,0.0,0,0.0,0,1,0,0.0,0.0,0.0,0.0,0.0,15.0,0.0,0.0,0.0,0.15,0.0,0.0,1,1.5,LOW,0,NO MODEL DETECTION,NO IMMEDIATE ACTION,Elevated contextual risk; Off-hours activity
E000305,U015,file_access,0.0,0.0,0,0.0,0,1,0,0.0,0.0,0.0,0.0,0.0,15.0,0.0,0.0,0.0,0.15,0.0,0.0,1,1.5,LOW,0,NO MODEL DETECTION,NO IMMEDIATE ACTION,Elevated contextual risk; Off-hours activity
E000676,U013,file_access,0.0,0.0,0,0.0,0,1,0,0.0,0.0,0.0,0.0,0.0,15.0,0.0,0.0,0.0,0.15,0.0,0.0,1,1.5,LOW,0,NO MODEL DETECTION,NO IMMEDIATE ACTION,Elevated contextual risk; Off-hours activity
E000597,U015,file_access,0.0,0.0,0,0.0,0,1,0,0.0,0.0,0.0,0.0,0.0,15.0,0.0,0.0,0.0,0.15,0.0,0.0,1,1.5,LOW,0,NO MODEL DETECTION,NO IMMEDIATE ACTION,Elevated contextual risk; Off-hours activity
E000448,U015,transaction,0.0,0.0,0,0.0,0,1,1,0.0,0.0,0.0,0.0,0.0,15.0,0.0,0.0,0.0,0.15,0.0,0.0,2,1.5,LOW,0,NO MODEL DETECTION,NO IMMEDIATE ACTION,Elevated contextual risk; Off-hours activity; Weekend activity
E000672,U015,file_access,0.0,0.0,0,0.0,0,1,0,0.0,0.0,0.0,0.0,0.0,15.0,0.0,0.0,0.0,0.15,0.0,0.0,1,1.5,LOW,0,NO MODEL DETECTION,NO IMMEDIATE ACTION,Elevated contextual risk; Off-hours activity
E000301,U006,file_access,0.0,0.0,0,0.0,0,1,0,0.0,0.0,0.0,0.0,0.0,15.0,0.0,0.0,0.0,0.15,0.0,0.0,1,1.5,LOW,0,NO MODEL DETECTION,NO IMMEDIATE ACTION,Elevated contextual risk; Off-hours activity
E000242,U006,file_access,0.0,0.0,0,0.0,0,1,0,0.0,0.0,0.0,0.0,0.0,15.0,0.0,0.0,0.0,0.15,0.0,0.0,1,1.5,LOW,0,NO MODEL DETECTION,NO IMMEDIATE ACTION,Elevated contextual risk; Off-hours activity
E000306,U006,file_access,0.0,0.0,0,0.0,0,1,0,0.0,0.0,0.0,0.0,0.0,15.0,0.0,0.0,0.0,0.15,0.0,0.0,1,1.5,LOW,0,NO MODEL DETECTION,NO IMMEDIATE ACTION,Elevated contextual risk; Off-hours activity
E000013,U013,file_access,0.0,0.0,0,0.0,0,1,0,0.0,0.0,0.0,0.0,0.0,15.0,0.0,0.0,0.0,0.15,0.0,0.0,1,1.5,LOW,0,NO MODEL DETECTION,NO IMMEDIATE ACTION,Elevated contextual risk; Off-hours activity
E000231,U013,file_access,0.0,0.0,0,0.0,0,1,0,0.0,0.0,0.0,0.0,0.0,15.0,0.0,0.0,0.0,0.15,0.0,0.0,1,1.5,LOW,0,NO MODEL DETECTION,NO IMMEDIATE ACTION,Elevated contextual risk; Off-hours activity
E000445,U013,file_access,0.0,0.0,0,0.0,0,1,1,0.0,0.0,0.0,0.0,0.0,15.0,0.0,0.0,0.0,0.15,0.0,0.0,2,1.5,LOW,0,NO MODEL DETECTION,NO IMMEDIATE ACTION,Elevated contextual risk; Off-hours activity; Weekend activity
E000309,U013,file_access,0.0,0.0,0,0.0,0,1,0,0.0,0.0,0.0,0.0,0.0,15.0,0.0,0.0,0.0,0.15,0.0,0.0,1,1.5,LOW,0,NO MODEL DETECTION,NO IMMEDIATE ACTION,Elevated contextual risk; Off-hours activity
E000453,U012,file_access,0.0,0.0,0,0.0,0,1,1,0.0,0.0,0.0,0.0,0.0,15.0,0.0,0.0,0.0,0.15,0.0,0.0,2,1.5,LOW,0,NO MODEL DETECTION,NO IMMEDIATE ACTION,Elevated contextual risk; Off-hours activity; Weekend activity
E000239,U019,file_access,0.0,0.0,0,0.0,0,1,0,0.0,0.0,0.0,0.0,0.0,15.0,0.0,0.0,0.0,0.15,0.0,0.0,1,1.5,LOW,0,NO MODEL DETECTION,NO IMMEDIATE ACTION,Elevated contextual risk; Off-hours activity
E000235,U012,file_access,0.0,0.0,0,0.0,0,1,0,0.0,0.0,0.0,0.0,0.0,15.0,0.0,0.0,0.0,0.15,0.0,0.0,1,1.5,LOW,0,NO MODEL DETECTION,NO IMMEDIATE ACTION,Elevated contextual risk; Off-hours activity
E000379,U012,file_access,0.0,0.0,0,0.0,0,1,1,0.0,0.0,0.0,0.0,0.0,15.0,0.0,0.0,0.0,0.15,0.0,0.0,2,1.5,LOW,0,NO MODEL DETECTION,NO IMMEDIATE ACTION,Elevated contextual risk; Off-hours activity; Weekend activity
E000677,U012,file_access,0.0,0.0,0,0.0,0,1,0,0.0,0.0,0.0,0.0,0.0,15.0,0.0,0.0,0.0,0.15,0.0,0.0,1,1.5,LOW,0,NO MODEL DETECTION,NO IMMEDIATE ACTION,Elevated contextual risk; Off-hours activity
E000524,U012,file_access,0.0,0.0,0,0.0,0,1,0,0.0,0.0,0.0,0.0,0.0,15.0,0.0,0.0,0.0,0.15,0.0,0.0,1,1.5,LOW,0,NO MODEL DETECTION,NO IMMEDIATE ACTION,Elevated contextual risk; Off-hours activity
E000600,U012,file_access,0.0,0.0,0,0.0,0,1,0,0.0,0.0,0.0,0.0,0.0,15.0,0.0,0.0,0.0,0.15,0.0,0.0,1,1.5,LOW,0,NO MODEL DETECTION,NO IMMEDIATE ACTION,Elevated contextual risk; Off-hours activity
E000012,U013,file_access,0.0,0.0,0,0.0,0,1,0,0.0,0.0,0.0,0.0,0.0,15.0,0.0,0.0,0.0,0.15,0.0,0.0,1,1.5,LOW,0,NO MODEL DETECTION,NO IMMEDIATE ACTION,Elevated contextual risk; Off-hours activity
E000594,U012,file_access,0.0,0.0,0,0.0,0,1,0,0.0,0.0,0.0,0.0,0.0,15.0,0.0,0.0,0.0,0.15,0.0,0.0,1,1.5,LOW,0,NO MODEL DETECTION,NO IMMEDIATE ACTION,Elevated contextual risk; Off-hours activity
E000681,U001,file_access,0.0,0.0,0,0.0,0,1,0,0.0,0.0,0.0,0.0,0.0,15.0,0.0,0.0,0.0,0.15,0.0,0.0,1,1.5,LOW,0,NO MODEL DETECTION,NO IMMEDIATE ACTION,Elevated contextual risk; Off-hours activity
E000092,U013,file_access,0.0,0.0,0,0.0,0,1,0,0.0,0.0,0.0,0.0,0.0,15.0,0.0,0.0,0.0,0.15,0.0,0.0,1,1.5,LOW,0,NO MODEL DETECTION,NO IMMEDIATE ACTION,Elevated contextual risk; Off-hours activity
E000087,U019,file_access,0.0,0.0,0,0.0,0,1,0,0.0,0.0,0.0,0.0,0.0,15.0,0.0,0.0,0.0,0.15,0.0,0.0,1,1.5,LOW,0,NO MODEL DETECTION,NO IMMEDIATE ACTION,Elevated contextual risk; Off-hours activity
E000444,U006,file_access,0.0,0.0,0,0.0,0,1,1,0.0,0.0,0.0,0.0,0.0,15.0,0.0,0.0,0.0,0.15,0.0,0.0,2,1.5,LOW,0,NO MODEL DETECTION,NO IMMEDIATE ACTION,Elevated contextual risk; Off-hours activity; Weekend activity
E000008,U006,file_access,0.0,0.0,0,0.0,0,1,0,0.0,0.0,0.0,0.0,0.0,15.0,0.0,0.0,0.0,0.15,0.0,0.0,1,1.5,LOW,0,NO MODEL DETECTION,NO IMMEDIATE ACTION,Elevated contextual risk; Off-hours activity
E000171,U006,file_access,0.0,0.0,0,0.0,0,1,0,0.0,0.0,0.0,0.0,0.0,15.0,0.0,0.0,0.0,0.15,0.0,0.0,1,1.5,LOW,0,NO MODEL DETECTION,NO IMMEDIATE ACTION,Elevated contextual risk; Off-hours activity
E000232,U006,file_access,0.0,0.0,0,0.0,0,1,0,0.0,0.0,0.0,0.0,0.0,15.0,0.0,0.0,0.0,0.15,0.0,0.0,1,1.5,LOW,0,NO MODEL DETECTION,NO IMMEDIATE ACTION,Elevated contextual risk; Off-hours activity
E000076,U019,file_access,0.0,0.0,0,0.0,0,1,0,0.0,0.0,0.0,0.0,0.0,15.0,0.0,0.0,0.0,0.15,0.0,0.0,1,1.5,LOW,0,NO MODEL DETECTION,NO IMMEDIATE ACTION,Elevated contextual risk; Off-hours activity
E000010,U019,file_access,0.0,0.0,0,0.0,0,1,0,0.0,0.0,0.0,0.0,0.0,15.0,0.0,0.0,0.0,0.15,0.0,0.0,1,1.5,LOW,0,NO MODEL DETECTION,NO IMMEDIATE ACTION,Elevated contextual risk; Off-hours activity
E000593,U013,file_access,0.0,0.0,0,0.0,0,1,0,0.0,0.0,0.0,0.0,0.0,15.0,0.0,0.0,0.0,0.15,0.0,0.0,1,1.5,LOW,0,NO MODEL DETECTION,NO IMMEDIATE ACTION,Elevated contextual risk; Off-hours activity
E000234,U019,file_access,0.0,0.0,0,0.0,0,1,0,0.0,0.0,0.0,0.0,0.0,15.0,0.0,0.0,0.0,0.15,0.0,0.0,1,1.5,LOW,0,NO MODEL DETECTION,NO IMMEDIATE ACTION,Elevated contextual risk; Off-hours activity
E000446,U019,file_access,0.0,0.0,0,0.0,0,1,1,0.0,0.0,0.0,0.0,0.0,15.0,0.0,0.0,0.0,0.15,0.0,0.0,2,1.5,LOW,0,NO MODEL DETECTION,NO IMMEDIATE ACTION,Elevated contextual risk; Off-hours activity; Weekend activity
E000090,U012,file_access,0.0,0.0,0,0.0,0,1,0,0.0,0.0,0.0,0.0,0.0,15.0,0.0,0.0,0.0,0.15,0.0,0.0,1,1.5,LOW,0,NO MODEL DETECTION,NO IMMEDIATE ACTION,Elevated contextual risk; Off-hours activity
E000307,U019,file_access,0.0,0.0,0,0.0,0,1,0,0.0,0.0,0.0,0.0,0.0,15.0,0.0,0.0,0.0,0.15,0.0,0.0,1,1.5,LOW,0,NO MODEL DETECTION,NO IMMEDIATE ACTION,Elevated contextual risk; Off-hours activity
E000230,U015,file_access,0.0,0.0,0,0.0,0,1,0,0.0,0.0,0.0,0.0,0.0,15.0,0.0,0.0,0.0,0.15,0.0,0.0,1,1.5,LOW,0,NO MODEL DETECTION,NO IMMEDIATE ACTION,Elevated contextual risk; Off-hours activity
E000311,U015,transaction,0.0,0.0,0,0.0,0,1,0,0.0,0.0,0.0,0.0,0.0,15.0,0.0,0.0,0.0,0.15,0.0,0.0,1,1.5,LOW,0,NO MODEL DETECTION,NO IMMEDIATE ACTION,Elevated contextual risk; Off-hours activity
E000287,U003,transaction,0.0,0.0,0,0.0,0,0,0,7.42,1.0,10.0,20.0,6.61,8.23,0.0,0.0,0.0,0.0823,0.0661,1.0,2,1.48,LOW,0,NO MODEL DETECTION,NO IMMEDIATE ACTION,Attack-stage activity detected
E000273,U007,transaction,0.0,0.0,0,0.0,0,0,0,0.0,1.9,19.0,20.0,6.85,7.8,0.0,0.0,0.0,0.078,0.06849999999999999,1.0,3,1.46,LOW,0,NO MODEL DETECTION,NO IMMEDIATE ACTION,Attack-stage activity detected
E000131,U014,transaction,0.0,0.0,0,0.0,0,0,0,0.0,1.79,17.9,20.0,6.68,7.58,0.0,0.0,0.0,0.0758,0.0668,1.0,3,1.43,LOW,0,NO MODEL DETECTION,NO IMMEDIATE ACTION,Attack-stage activity detected
E000566,U010,transaction,0.0,0.0,0,0.0,0,0,0,2.58,1.34,13.4,20.0,6.4,7.45,0.0,0.0,0.0,0.0745,0.064,1.0,3,1.39,LOW,0,NO MODEL DETECTION,NO IMMEDIATE ACTION,Attack-stage activity detected
E000027,U001,transaction,0.0,0.0,0,0.0,0,0,0,0.0,1.65,16.5,20.0,6.48,7.3,0.0,0.0,0.0,0.073,0.06480000000000001,1.0,3,1.38,LOW,0,NO MODEL DETECTION,NO IMMEDIATE ACTION,Attack-stage activity detected
E000323,U002,transaction,0.0,0.0,0,0.0,0,0,0,0.0,1.63,16.3,20.0,6.44,7.26,0.0,0.0,0.0,0.0726,0.0644,1.0,3,1.37,LOW,0,NO MODEL DETECTION,NO IMMEDIATE ACTION,Attack-stage activity detected
E000627,U014,transaction,0.0,0.0,0,0.0,0,0,0,0.0,1.61,16.1,20.0,6.42,7.22,0.0,0.0,0.0,0.0722,0.0642,1.0,3,1.36,LOW,0,NO MODEL DETECTION,NO IMMEDIATE ACTION,Attack-stage activity detected
E000697,U002,transaction,0.0,0.0,0,0.0,0,0,0,0.0,1.58,15.8,20.0,6.37,7.16,0.0,0.0,0.0,0.0716,0.0637,1.0,3,1.35,LOW,0,NO MODEL DETECTION,NO IMMEDIATE ACTION,Attack-stage activity detected
E000060,U003,transaction,0.0,0.0,0,0.0,0,0,0,2.58,1.19,11.9,20.0,6.17,7.15,0.0,0.0,0.0,0.07150000000000001,0.0617,1.0,3,1.33,LOW,0,NO MODEL DETECTION,NO IMMEDIATE ACTION,Attack-stage activity detected
E000654,U010,transaction,0.0,0.0,0,0.0,0,0,0,0.0,1.51,15.1,20.0,6.26,7.02,0.0,0.0,0.0,0.0702,0.0626,1.0,3,1.33,LOW,0,NO MODEL DETECTION,NO IMMEDIATE ACTION,Attack-stage activity detected
E000414,U009,transaction,0.0,0.0,0,0.0,0,0,1,7.42,0.52,5.2,20.0,5.89,7.27,0.0,0.0,0.0,0.0727,0.058899999999999994,1.0,3,1.32,LOW,0,NO MODEL DETECTION,NO IMMEDIATE ACTION,Attack-stage activity detected; Weekend activity
E000618,U004,transaction,0.0,0.0,0,0.0,0,0,0,2.58,1.14,11.4,20.0,6.1,7.05,0.0,0.0,0.0,0.0705,0.061,1.0,3,1.32,LOW,0,NO MODEL DETECTION,NO IMMEDIATE ACTION,Attack-stage activity detected
E000280,U020,transaction,0.0,0.0,0,0.0,0,0,0,2.58,0.99,9.9,20.0,5.87,6.75,0.0,0.0,0.0,0.0675,0.0587,1.0,2,1.26,LOW,0,NO MODEL DETECTION,NO IMMEDIATE ACTION,Attack-stage activity detected
E000270,U016,transaction,0.0,0.0,0,0.0,0,0,0,2.58,0.96,9.6,20.0,5.83,6.69,0.0,0.0,0.0,0.0669,0.0583,1.0,2,1.25,LOW,0,NO MODEL DETECTION,NO IMMEDIATE ACTION,Attack-stage activity detected
E000363,U003,transaction,0.0,0.0,0,0.0,0,0,0,0.0,1.26,12.6,20.0,5.89,6.52,0.0,0.0,0.0,0.0652,0.058899999999999994,1.0,3,1.24,LOW,0,NO MODEL DETECTION,NO IMMEDIATE ACTION,Attack-stage activity detected
E000272,U014,transaction,0.0,0.0,0,0.0,0,0,0,0.0,1.27,12.7,20.0,5.9,6.54,0.0,0.0,0.0,0.0654,0.059000000000000004,1.0,3,1.24,LOW,0,NO MODEL DETECTION,NO IMMEDIATE ACTION,Attack-stage activity detected
E000497,U003,transaction,0.0,0.0,0,0.0,0,0,1,2.58,0.94,9.4,20.0,5.8,6.65,0.0,0.0,0.0,0.0665,0.057999999999999996,1.0,3,1.24,LOW,0,NO MODEL DETECTION,NO IMMEDIATE ACTION,Attack-stage activity detected; Weekend activity
E000332,U018,transaction,0.0,0.0,0,0.0,0,0,0,0.83,1.12,11.2,20.0,5.8,6.49,0.0,0.0,0.0,0.0649,0.057999999999999996,1.0,3,1.23,LOW,0,NO MODEL DETECTION,NO IMMEDIATE ACTION,Attack-stage activity detected
E000061,U008,transaction,0.0,0.0,0,0.0,0,0,0,2.58,0.9,9.0,20.0,5.74,6.57,0.0,0.0,0.0,0.06570000000000001,0.0574,1.0,2,1.23,LOW,0,NO MODEL DETECTION,NO IMMEDIATE ACTION,Attack-stage activity detected
E000071,U020,transaction,0.0,0.0,0,0.0,0,0,0,0.83,1.09,10.9,20.0,5.76,6.43,0.0,0.0,0.0,0.0643,0.0576,1.0,3,1.22,LOW,0,NO MODEL DETECTION,NO IMMEDIATE ACTION,Attack-stage activity detected
E000645,U003,transaction,0.0,0.0,0,0.0,0,0,0,0.0,1.21,12.1,20.0,5.82,6.42,0.0,0.0,0.0,0.0642,0.0582,1.0,3,1.22,LOW,0,NO MODEL DETECTION,NO IMMEDIATE ACTION,Attack-stage activity detected
E000403,U007,file_access,0.0,0.0,0,0.0,0,0,1,9.17,0.0,0.0,20.0,5.38,6.75,0.0,0.0,0.0,0.0675,0.0538,1.0,3,1.21,LOW,0,NO MODEL DETECTION,NO IMMEDIATE ACTION,Attack-stage activity detected; Weekend activity
E000364,U020,transaction,0.0,0.0,0,0.0,0,0,0,0.0,1.11,11.1,20.0,5.66,6.22,0.0,0.0,0.0,0.0622,0.056600000000000004,1.0,3,1.19,LOW,0,NO MODEL DETECTION,NO IMMEDIATE ACTION,Attack-stage activity detected
E000709,U018,transaction,0.0,0.0,0,0.0,0,0,0,0.83,1.0,10.0,20.0,5.62,6.25,0.0,0.0,0.0,0.0625,0.0562,1.0,2,1.19,LOW,0,NO MODEL DETECTION,NO IMMEDIATE ACTION,Attack-stage activity detected
E000507,U020,transaction,0.0,0.0,0,0.0,0,0,1,0.83,0.98,9.8,20.0,5.59,6.21,0.0,0.0,0.0,0.0621,0.0559,1.0,3,1.18,LOW,0,NO MODEL DETECTION,NO IMMEDIATE ACTION,Attack-stage activity detected; Weekend activity
E000571,U020,transaction,0.0,0.0,0,0.0,0,0,0,0.0,1.08,10.8,20.0,5.62,6.16,0.0,0.0,0.0,0.0616,0.0562,1.0,3,1.18,LOW,0,NO MODEL DETECTION,NO IMMEDIATE ACTION,Attack-stage activity detected
E000198,U018,transaction,0.0,0.0,0,0.0,0,0,0,0.0,1.07,10.7,20.0,5.6,6.14,0.0,0.0,0.0,0.061399999999999996,0.055999999999999994,1.0,3,1.17,LOW,0,NO MODEL DETECTION,NO IMMEDIATE ACTION,Attack-stage activity detected
E000702,U016,transaction,0.0,0.0,0,0.0,0,0,0,0.83,0.95,9.5,20.0,5.55,6.15,0.0,0.0,0.0,0.061500000000000006,0.0555,1.0,2,1.17,LOW,0,NO MODEL DETECTION,NO IMMEDIATE ACTION,Attack-stage activity detected
E000714,U004,transaction,0.0,0.0,0,0.0,0,0,0,0.0,1.03,10.3,20.0,5.54,6.06,0.0,0.0,0.0,0.060599999999999994,0.0554,1.0,3,1.16,LOW,0,NO MODEL DETECTION,NO IMMEDIATE ACTION,Attack-stage activity detected
E000719,U008,transaction,0.0,0.0,0,0.0,0,0,0,0.83,0.93,9.3,20.0,5.52,6.11,0.0,0.0,0.0,0.0611,0.0552,1.0,2,1.16,LOW,0,NO MODEL DETECTION,NO IMMEDIATE ACTION,Attack-stage activity detected
E000735,U020,transaction,0.0,0.0,0,0.0,0,0,0,0.0,1.0,10.0,20.0,5.5,6.0,0.0,0.0,0.0,0.06,0.055,1.0,2,1.15,LOW,0,NO MODEL DETECTION,NO IMMEDIATE ACTION,Attack-stage activity detected
E000217,U008,transaction,0.0,0.0,0,0.0,0,0,0,0.0,1.0,10.0,20.0,5.5,6.0,0.0,0.0,0.0,0.06,0.055,1.0,2,1.15,LOW,0,NO MODEL DETECTION,NO IMMEDIATE ACTION,Attack-stage activity detected
E000152,U020,transaction,0.0,0.0,0,0.0,0,0,0,0.0,0.95,9.5,20.0,5.42,5.9,0.0,0.0,0.0,0.059000000000000004,0.0542,1.0,2,1.13,LOW,0,NO MODEL DETECTION,NO IMMEDIATE ACTION,Attack-stage activity detected
E000560,U016,transaction,0.0,0.0,0,0.0,0,0,0,0.0,0.94,9.4,20.0,5.41,5.88,0.0,0.0,0.0,0.0588,0.0541,1.0,2,1.13,LOW,0,NO MODEL DETECTION,NO IMMEDIATE ACTION,Attack-stage activity detected
E000277,U018,transaction,0.0,0.0,0,0.0,0,0,0,0.0,0.95,9.5,20.0,5.42,5.9,0.0,0.0,0.0,0.059000000000000004,0.0542,1.0,2,1.13,LOW,0,NO MODEL DETECTION,NO IMMEDIATE ACTION,Attack-stage activity detected
E000437,U008,transaction,0.0,0.0,0,0.0,0,0,1,0.0,0.94,9.4,20.0,5.41,5.88,0.0,0.0,0.0,0.0588,0.0541,1.0,3,1.13,LOW,0,NO MODEL DETECTION,NO IMMEDIATE ACTION,Attack-stage activity detected; Weekend activity
E000051,U004,transaction,0.0,0.0,0,0.0,0,0,0,0.0,0.95,9.5,20.0,5.42,5.9,0.0,0.0,0.0,0.059000000000000004,0.0542,1.0,2,1.13,LOW,0,NO MODEL DETECTION,NO IMMEDIATE ACTION,Attack-stage activity detected
E000429,U010,file_access,0.0,0.0,0,0.0,0,0,1,7.42,0.0,0.0,20.0,5.11,6.23,0.0,0.0,0.0,0.0623,0.051100000000000007,1.0,3,1.13,LOW,0,NO MODEL DETECTION,NO IMMEDIATE ACTION,Attack-stage activity detected; Weekend activity
E000416,U016,transaction,0.0,0.0,0,0.0,0,0,1,0.0,0.95,9.5,20.0,5.42,5.9,0.0,0.0,0.0,0.059000000000000004,0.0542,1.0,3,1.13,LOW,0,NO MODEL DETECTION,NO IMMEDIATE ACTION,Attack-stage activity detected; Weekend activity
E000656,U020,transaction,0.0,0.0,0,0.0,0,0,0,0.0,0.95,9.5,20.0,5.42,5.9,0.0,0.0,0.0,0.059000000000000004,0.0542,1.0,2,1.13,LOW,0,NO MODEL DETECTION,NO IMMEDIATE ACTION,Attack-stage activity detected
E000133,U018,transaction,0.0,0.0,0,0.0,0,0,0,0.0,0.91,9.1,20.0,5.36,5.82,0.0,0.0,0.0,0.0582,0.0536,1.0,2,1.12,LOW,0,NO MODEL DETECTION,NO IMMEDIATE ACTION,Attack-stage activity detected
E000044,U016,transaction,0.0,0.0,0,0.0,0,0,0,0.0,0.92,9.2,20.0,5.38,5.84,0.0,0.0,0.0,0.0584,0.0538,1.0,2,1.12,LOW,0,NO MODEL DETECTION,NO IMMEDIATE ACTION,Attack-stage activity detected
E000391,U011,file_access,0.0,0.0,0,0.0,0,0,1,6.58,0.0,0.0,20.0,4.99,5.97,0.0,0.0,0.0,0.059699999999999996,0.0499,1.0,3,1.1,LOW,0,NO MODEL DETECTION,NO IMMEDIATE ACTION,Attack-stage activity detected; Weekend activity
E000649,U008,file_access,0.0,0.0,0,0.0,0,0,0,6.58,0.0,0.0,20.0,4.99,5.97,0.0,0.0,0.0,0.059699999999999996,0.0499,1.0,2,1.1,LOW,0,NO MODEL DETECTION,NO IMMEDIATE ACTION,Attack-stage activity detected
E000736,U003,transaction,0.0,0.0,0,0.0,0,0,0,0.0,0.79,7.9,20.0,5.18,5.58,0.0,0.0,0.0,0.0558,0.0518,1.0,2,1.08,LOW,0,NO MODEL DETECTION,NO IMMEDIATE ACTION,Attack-stage activity detected
E000711,U018,file_access,0.0,0.25,0,0.0,0,0,0,3.42,0.0,0.0,20.0,4.51,5.03,0.0,0.0025,0.0,0.050300000000000004,0.0451,1.0,2,1.04,LOW,0,NO MODEL DETECTION,NO IMMEDIATE ACTION,Attack-stage activity detected
E000114,U007,file_access,0.0,0.25,0,0.0,0,0,0,3.42,0.0,0.0,20.0,4.51,5.03,0.0,0.0025,0.0,0.050300000000000004,0.0451,1.0,2,1.04,LOW,0,NO MODEL DETECTION,NO IMMEDIATE ACTION,Attack-stage activity detected
E000607,U001,file_access,0.0,0.25,0,0.0,0,0,0,3.42,0.0,0.0,20.0,4.51,5.03,0.0,0.0025,0.0,0.050300000000000004,0.0451,1.0,2,1.04,LOW,0,NO MODEL DETECTION,NO IMMEDIATE ACTION,Attack-stage activity detected
E000638,U007,transaction,0.0,0.0,0,0.0,0,0,0,0.0,0.51,5.1,20.0,4.76,5.02,0.0,0.0,0.0,0.050199999999999995,0.047599999999999996,1.0,2,0.98,LOW,0,NO MODEL DETECTION,NO IMMEDIATE ACTION,Attack-stage activity detected
E000424,U010,file_access,0.0,0.0,0,0.0,0,0,1,2.58,0.0,0.0,20.0,4.39,4.77,0.0,0.0,0.0,0.04769999999999999,0.043899999999999995,1.0,3,0.92,LOW,0,NO MODEL DETECTION,NO IMMEDIATE ACTION,Attack-stage activity detected; Weekend activity
E000432,U005,file_access,0.0,0.0,0,0.0,0,0,1,2.58,0.0,0.0,20.0,4.39,4.77,0.0,0.0,0.0,0.04769999999999999,0.043899999999999995,1.0,3,0.92,LOW,0,NO MODEL DETECTION,NO IMMEDIATE ACTION,Attack-stage activity detected; Weekend activity
E000254,U007,file_access,0.0,0.0,0,0.0,0,0,0,2.58,0.0,0.0,20.0,4.39,4.77,0.0,0.0,0.0,0.04769999999999999,0.043899999999999995,1.0,2,0.92,LOW,0,NO MODEL DETECTION,NO IMMEDIATE ACTION,Attack-stage activity detected
E000140,U010,file_access,0.0,0.0,0,0.0,0,0,0,2.58,0.0,0.0,20.0,4.39,4.77,0.0,0.0,0.0,0.04769999999999999,0.043899999999999995,1.0,2,0.92,LOW,0,NO MODEL DETECTION,NO IMMEDIATE ACTION,Attack-stage activity detected
E000148,U010,file_access,0.0,0.0,0,0.0,0,0,0,2.58,0.0,0.0,20.0,4.39,4.77,0.0,0.0,0.0,0.04769999999999999,0.043899999999999995,1.0,2,0.92,LOW,0,NO MODEL DETECTION,NO IMMEDIATE ACTION,Attack-stage activity detected
E000331,U017,file_access,0.0,0.0,0,0.0,0,0,0,2.58,0.0,0.0,20.0,4.39,4.77,0.0,0.0,0.0,0.04769999999999999,0.043899999999999995,1.0,2,0.92,LOW,0,NO MODEL DETECTION,NO IMMEDIATE ACTION,Attack-stage activity detected
E000402,U007,file_access,0.0,0.0,0,0.0,0,0,1,2.58,0.0,0.0,20.0,4.39,4.77,0.0,0.0,0.0,0.04769999999999999,0.043899999999999995,1.0,3,0.92,LOW,0,NO MODEL DETECTION,NO IMMEDIATE ACTION,Attack-stage activity detected; Weekend activity
E000022,U017,file_access,0.0,0.0,0,0.0,0,0,0,2.58,0.0,0.0,20.0,4.39,4.77,0.0,0.0,0.0,0.04769999999999999,0.043899999999999995,1.0,2,0.92,LOW,0,NO MODEL DETECTION,NO IMMEDIATE ACTION,Attack-stage activity detected
E000113,U011,file_access,0.0,0.0,0,0.0,0,0,0,2.58,0.0,0.0,20.0,4.39,4.77,0.0,0.0,0.0,0.04769999999999999,0.043899999999999995,1.0,2,0.92,LOW,0,NO MODEL DETECTION,NO IMMEDIATE ACTION,Attack-stage activity detected
E000407,U001,file_access,0.0,0.0,0,0.0,0,0,1,2.58,0.0,0.0,20.0,4.39,4.77,0.0,0.0,0.0,0.04769999999999999,0.043899999999999995,1.0,3,0.92,LOW,0,NO MODEL DETECTION,NO IMMEDIATE ACTION,Attack-stage activity detected; Weekend activity
E000047,U002,transaction,0.0,0.0,0,0.0,0,0,0,0.0,0.25,2.5,20.0,4.38,4.5,0.0,0.0,0.0,0.045,0.0438,1.0,2,0.89,LOW,0,NO MODEL DETECTION,NO IMMEDIATE ACTION,Attack-stage activity detected
E000334,U007,transaction,0.0,0.0,0,0.0,0,0,0,0.0,0.18,1.8,20.0,4.27,4.36,0.0,0.0,0.0,0.0436,0.042699999999999995,1.0,2,0.86,LOW,0,NO MODEL DETECTION,NO IMMEDIATE ACTION,Attack-stage activity detected
E000038,U017,file_access,0.0,0.0,0,0.0,0,0,0,0.83,0.0,0.0,20.0,4.12,4.25,0.0,0.0,0.0,0.0425,0.0412,1.0,2,0.84,LOW,0,NO MODEL DETECTION,NO IMMEDIATE ACTION,Attack-stage activity detected
E000700,U007,file_access,0.0,0.0,0,0.0,0,0,0,0.83,0.0,0.0,20.0,4.12,4.25,0.0,0.0,0.0,0.0425,0.0412,1.0,2,0.84,LOW,0,NO MODEL DETECTION,NO IMMEDIATE ACTION,Attack-stage activity detected
E000072,U020,file_access,0.0,0.0,0,0.0,0,0,0,0.83,0.0,0.0,20.0,4.12,4.25,0.0,0.0,0.0,0.0425,0.0412,1.0,2,0.84,LOW,0,NO MODEL DETECTION,NO IMMEDIATE ACTION,Attack-stage activity detected
E000619,U018,file_access,0.0,0.0,0,0.0,0,0,0,0.83,0.0,0.0,20.0,4.12,4.25,0.0,0.0,0.0,0.0425,0.0412,1.0,2,0.84,LOW,0,NO MODEL DETECTION,NO IMMEDIATE ACTION,Attack-stage activity detected
E000474,U009,file_access,0.0,0.0,0,0.0,0,0,1,0.83,0.0,0.0,20.0,4.12,4.25,0.0,0.0,0.0,0.0425,0.0412,1.0,3,0.84,LOW,0,NO MODEL DETECTION,NO IMMEDIATE ACTION,Attack-stage activity detected; Weekend activity
E000687,U009,file_access,0.0,0.0,0,0.0,0,0,0,0.83,0.0,0.0,20.0,4.12,4.25,0.0,0.0,0.0,0.0425,0.0412,1.0,2,0.84,LOW,0,NO MODEL DETECTION,NO IMMEDIATE ACTION,Attack-stage activity detected
E000031,U014,file_access,0.0,0.0,0,0.0,0,0,0,0.83,0.0,0.0,20.0,4.12,4.25,0.0,0.0,0.0,0.0425,0.0412,1.0,2,0.84,LOW,0,NO MODEL DETECTION,NO IMMEDIATE ACTION,Attack-stage activity detected
E000557,U016,file_access,0.0,0.0,0,0.0,0,0,0,0.83,0.0,0.0,20.0,4.12,4.25,0.0,0.0,0.0,0.0425,0.0412,1.0,2,0.84,LOW,0,NO MODEL DETECTION,NO IMMEDIATE ACTION,Attack-stage activity detected
E000108,U001,file_access,0.0,0.0,0,0.0,0,0,0,0.83,0.0,0.0,20.0,4.12,4.25,0.0,0.0,0.0,0.0425,0.0412,1.0,2,0.84,LOW,0,NO MODEL DETECTION,NO IMMEDIATE ACTION,Attack-stage activity detected
E000251,U004,file_access,0.0,0.0,0,0.0,0,0,0,0.83,0.0,0.0,20.0,4.12,4.25,0.0,0.0,0.0,0.0425,0.0412,1.0,2,0.84,LOW,0,NO MODEL DETECTION,NO IMMEDIATE ACTION,Attack-stage activity detected
E000067,U005,file_access,0.0,0.0,0,0.0,0,0,0,0.83,0.0,0.0,20.0,4.12,4.25,0.0,0.0,0.0,0.0425,0.0412,1.0,2,0.84,LOW,0,NO MODEL DETECTION,NO IMMEDIATE ACTION,Attack-stage activity detected
E000728,U008,file_access,0.0,0.0,0,0.0,0,0,0,0.83,0.0,0.0,20.0,4.12,4.25,0.0,0.0,0.0,0.0425,0.0412,1.0,2,0.84,LOW,0,NO MODEL DETECTION,NO IMMEDIATE ACTION,Attack-stage activity detected
E000130,U017,file_access,0.0,0.0,0,0.0,0,0,0,0.83,0.0,0.0,20.0,4.12,4.25,0.0,0.0,0.0,0.0425,0.0412,1.0,2,0.84,LOW,0,NO MODEL DETECTION,NO IMMEDIATE ACTION,Attack-stage activity detected
E000704,U004,file_access,0.0,0.0,0,0.0,0,0,0,0.83,0.0,0.0,20.0,4.12,4.25,0.0,0.0,0.0,0.0425,0.0412,1.0,2,0.84,LOW,0,NO MODEL DETECTION,NO IMMEDIATE ACTION,Attack-stage activity detected
E000397,U016,file_access,0.0,0.0,0,0.0,0,0,1,0.0,0.0,0.0,20.0,4.0,4.0,0.0,0.0,0.0,0.04,0.04,1.0,3,0.8,LOW,0,NO MODEL DETECTION,NO IMMEDIATE ACTION,Attack-stage activity detected; Weekend activity
E000621,U007,file_access,0.0,0.0,0,0.0,0,0,0,0.0,0.0,0.0,20.0,4.0,4.0,0.0,0.0,0.0,0.04,0.04,1.0,2,0.8,LOW,0,NO MODEL DETECTION,NO IMMEDIATE ACTION,Attack-stage activity detected
E000269,U016,file_access,0.0,0.0,0,0.0,0,0,0,0.0,0.0,0.0,20.0,4.0,4.0,0.0,0.0,0.0,0.04,0.04,1.0,2,0.8,LOW,0,NO MODEL DETECTION,NO IMMEDIATE ACTION,Attack-stage activity detected
E000465,U002,file_access,0.0,0.0,0,0.0,0,0,1,0.0,0.0,0.0,20.0,4.0,4.0,0.0,0.0,0.0,0.04,0.04,1.0,3,0.8,LOW,0,NO MODEL DETECTION,NO IMMEDIATE ACTION,Attack-stage activity detected; Weekend activity
E000434,U008,file_access,0.0,0.0,0,0.0,0,0,1,0.0,0.0,0.0,20.0,4.0,4.0,0.0,0.0,0.0,0.04,0.04,1.0,3,0.8,LOW,0,NO MODEL DETECTION,NO IMMEDIATE ACTION,Attack-stage activity detected; Weekend activity
E000145,U010,file_access,0.0,0.0,0,0.0,0,0,0,0.0,0.0,0.0,20.0,4.0,4.0,0.0,0.0,0.0,0.04,0.04,1.0,2,0.8,LOW,0,NO MODEL DETECTION,NO IMMEDIATE ACTION,Attack-stage activity detected
E000149,U003,file_access,0.0,0.0,0,0.0,0,0,0,0.0,0.0,0.0,20.0,4.0,4.0,0.0,0.0,0.0,0.04,0.04,1.0,2,0.8,LOW,0,NO MODEL DETECTION,NO IMMEDIATE ACTION,Attack-stage activity detected
E000208,U003,file_access,0.0,0.0,0,0.0,0,0,0,0.0,0.0,0.0,20.0,4.0,4.0,0.0,0.0,0.0,0.04,0.04,1.0,2,0.8,LOW,0,NO MODEL DETECTION,NO IMMEDIATE ACTION,Attack-stage activity detected
E000476,U017,file_access,0.0,0.0,0,0.0,0,0,1,0.0,0.0,0.0,20.0,4.0,4.0,0.0,0.0,0.0,0.04,0.04,1.0,3,0.8,LOW,0,NO MODEL DETECTION,NO IMMEDIATE ACTION,Attack-stage activity detected; Weekend activity
E000637,U017,file_access,0.0,0.0,0,0.0,0,0,0,0.0,0.0,0.0,20.0,4.0,4.0,0.0,0.0,0.0,0.04,0.04,1.0,2,0.8,LOW,0,NO MODEL DETECTION,NO IMMEDIATE ACTION,Attack-stage activity detected
E000409,U009,file_access,0.0,0.0,0,0.0,0,0,1,0.0,0.0,0.0,20.0,4.0,4.0,0.0,0.0,0.0,0.04,0.04,1.0,3,0.8,LOW,0,NO MODEL DETECTION,NO IMMEDIATE ACTION,Attack-stage activity detected; Weekend activity
E000546,U014,file_access,0.0,0.0,0,0.0,0,0,0,0.0,0.0,0.0,20.0,4.0,4.0,0.0,0.0,0.0,0.04,0.04,1.0,2,0.8,LOW,0,NO MODEL DETECTION,NO IMMEDIATE ACTION,Attack-stage activity detected
E000479,U014,file_access,0.0,0.0,0,0.0,0,0,1,0.0,0.0,0.0,20.0,4.0,4.0,0.0,0.0,0.0,0.04,0.04,1.0,3,0.8,LOW,0,NO MODEL DETECTION,NO IMMEDIATE ACTION,Attack-stage activity detected; Weekend activity
E000644,U010,file_access,0.0,0.0,0,0.0,0,0,0,0.0,0.0,0.0,20.0,4.0,4.0,0.0,0.0,0.0,0.04,0.04,1.0,2,0.8,LOW,0,NO MODEL DETECTION,NO IMMEDIATE ACTION,Attack-stage activity detected
E000126,U011,file_access,0.0,0.0,0,0.0,0,0,0,0.0,0.0,0.0,20.0,4.0,4.0,0.0,0.0,0.0,0.04,0.04,1.0,2,0.8,LOW,0,NO MODEL DETECTION,NO IMMEDIATE ACTION,Attack-stage activity detected
E000037,U001,file_access,0.0,0.0,0,0.0,0,0,0,0.0,0.0,0.0,20.0,4.0,4.0,0.0,0.0,0.0,0.04,0.04,1.0,2,0.8,LOW,0,NO MODEL DETECTION,NO IMMEDIATE ACTION,Attack-stage activity detected
E000626,U018,file_access,0.0,0.0,0,0.0,0,0,0,0.0,0.0,0.0,20.0,4.0,4.0,0.0,0.0,0.0,0.04,0.04,1.0,2,0.8,LOW,0,NO MODEL DETECTION,NO IMMEDIATE ACTION,Attack-stage activity detected
E000147,U005,file_access,0.0,0.0,0,0.0,0,0,0,0.0,0.0,0.0,20.0,4.0,4.0,0.0,0.0,0.0,0.04,0.04,1.0,2,0.8,LOW,0,NO MODEL DETECTION,NO IMMEDIATE ACTION,Attack-stage activity detected
E000492,U005,file_access,0.0,0.0,0,0.0,0,0,1,0.0,0.0,0.0,20.0,4.0,4.0,0.0,0.0,0.0,0.04,0.04,1.0,3,0.8,LOW,0,NO MODEL DETECTION,NO IMMEDIATE ACTION,Attack-stage activity detected; Weekend activity
E000390,U011,file_access,0.0,0.0,0,0.0,0,0,1,0.0,0.0,0.0,20.0,4.0,4.0,0.0,0.0,0.0,0.04,0.04,1.0,3,0.8,LOW,0,NO MODEL DETECTION,NO IMMEDIATE ACTION,Attack-stage activity detected; Weekend activity
E000401,U011,file_access,0.0,0.0,0,0.0,0,0,1,0.0,0.0,0.0,20.0,4.0,4.0,0.0,0.0,0.0,0.04,0.04,1.0,3,0.8,LOW,0,NO MODEL DETECTION,NO IMMEDIATE ACTION,Attack-stage activity detected; Weekend activity
E000115,U007,file_access,0.0,0.25,0,0.0,0,0,0,10.0,0.0,0.0,0.0,1.5,3.0,0.0,0.0025,0.0,0.03,0.015,0.0,1,0.54,LOW,0,NO MODEL DETECTION,NO IMMEDIATE ACTION,No significant security indicators
E000698,U014,file_access,0.0,0.0,0,0.0,0,0,0,9.17,0.0,0.0,0.0,1.38,2.75,0.0,0.0,0.0,0.0275,0.0138,0.0,1,0.41,LOW,0,NO MODEL DETECTION,NO IMMEDIATE ACTION,No significant security indicators
E000433,U005,file_access,0.0,0.0,0,0.0,0,0,1,9.17,0.0,0.0,0.0,1.38,2.75,0.0,0.0,0.0,0.0275,0.0138,0.0,2,0.41,LOW,0,NO MODEL DETECTION,NO IMMEDIATE ACTION,Weekend activity
E000413,U018,file_access,0.0,0.0,0,0.0,0,0,1,7.42,0.0,0.0,0.0,1.11,2.23,0.0,0.0,0.0,0.0223,0.0111,0.0,2,0.33,LOW,0,NO MODEL DETECTION,NO IMMEDIATE ACTION,Weekend activity
E000635,U017,file_access,0.0,0.0,0,0.0,0,0,0,7.42,0.0,0.0,0.0,1.11,2.23,0.0,0.0,0.0,0.0223,0.0111,0.0,1,0.33,LOW,0,NO MODEL DETECTION,NO IMMEDIATE ACTION,No significant security indicators
E000107,U014,file_access,0.0,0.0,0,0.0,0,0,0,7.42,0.0,0.0,0.0,1.11,2.23,0.0,0.0,0.0,0.0223,0.0111,0.0,1,0.33,LOW,0,NO MODEL DETECTION,NO IMMEDIATE ACTION,No significant security indicators
E000399,U014,file_access,0.0,0.0,0,0.0,0,0,1,7.42,0.0,0.0,0.0,1.11,2.23,0.0,0.0,0.0,0.0223,0.0111,0.0,2,0.33,LOW,0,NO MODEL DETECTION,NO IMMEDIATE ACTION,Weekend activity
E000353,U020,file_access,0.0,0.0,0,0.0,0,0,0,7.42,0.0,0.0,0.0,1.11,2.23,0.0,0.0,0.0,0.0223,0.0111,0.0,1,0.33,LOW,0,NO MODEL DETECTION,NO IMMEDIATE ACTION,No significant security indicators
E000356,U008,file_access,0.0,0.0,0,0.0,0,0,0,7.42,0.0,0.0,0.0,1.11,2.23,0.0,0.0,0.0,0.0223,0.0111,0.0,1,0.33,LOW,0,NO MODEL DETECTION,NO IMMEDIATE ACTION,No significant security indicators
E000650,U008,file_access,0.0,0.25,0,0.0,0,0,0,5.17,0.0,0.0,0.0,0.78,1.55,0.0,0.0025,0.0,0.0155,0.0078000000000000005,0.0,1,0.32,LOW,0,NO MODEL DETECTION,NO IMMEDIATE ACTION,No significant security indicators
E000321,U011,file_access,0.0,0.0,0,0.0,0,0,0,6.58,0.0,0.0,0.0,0.99,1.97,0.0,0.0,0.0,0.0197,0.009899999999999999,0.0,1,0.3,LOW,0,NO MODEL DETECTION,NO IMMEDIATE ACTION,No significant security indicators
E000579,U005,file_access,0.0,0.0,0,0.0,0,0,0,6.58,0.0,0.0,0.0,0.99,1.97,0.0,0.0,0.0,0.0197,0.009899999999999999,0.0,1,0.3,LOW,0,NO MODEL DETECTION,NO IMMEDIATE ACTION,No significant security indicators
E000505,U020,file_access,0.0,0.0,0,0.0,0,0,1,6.58,0.0,0.0,0.0,0.99,1.97,0.0,0.0,0.0,0.0197,0.009899999999999999,0.0,2,0.3,LOW,0,NO MODEL DETECTION,NO IMMEDIATE ACTION,Weekend activity
E000289,U010,file_access,0.0,0.0,0,0.0,0,0,0,6.58,0.0,0.0,0.0,0.99,1.97,0.0,0.0,0.0,0.0197,0.009899999999999999,0.0,1,0.3,LOW,0,NO MODEL DETECTION,NO IMMEDIATE ACTION,No significant security indicators
E000490,U010,file_access,0.0,0.0,0,0.0,0,0,1,6.58,0.0,0.0,0.0,0.99,1.97,0.0,0.0,0.0,0.0197,0.009899999999999999,0.0,2,0.3,LOW,0,NO MODEL DETECTION,NO IMMEDIATE ACTION,Weekend activity
E000025,U002,file_access,0.0,0.0,0,0.0,0,0,0,6.58,0.0,0.0,0.0,0.99,1.97,0.0,0.0,0.0,0.0197,0.009899999999999999,0.0,1,0.3,LOW,0,NO MODEL DETECTION,NO IMMEDIATE ACTION,No significant security indicators
E000195,U017,file_access,0.0,0.0,0,0.0,0,0,0,6.58,0.0,0.0,0.0,0.99,1.97,0.0,0.0,0.0,0.0197,0.009899999999999999,0.0,1,0.3,LOW,0,NO MODEL DETECTION,NO IMMEDIATE ACTION,No significant security indicators
E000325,U007,file_access,0.0,0.0,0,0.0,0,0,0,6.58,0.0,0.0,0.0,0.99,1.97,0.0,0.0,0.0,0.0197,0.009899999999999999,0.0,1,0.3,LOW,0,NO MODEL DETECTION,NO IMMEDIATE ACTION,No significant security indicators
E000345,U009,file_access,0.0,0.0,0,0.0,0,0,0,6.58,0.0,0.0,0.0,0.99,1.97,0.0,0.0,0.0,0.0197,0.009899999999999999,0.0,1,0.3,LOW,0,NO MODEL DETECTION,NO IMMEDIATE ACTION,No significant security indicators
E000696,U014,file_access,0.0,0.0,0,0.0,0,0,0,6.58,0.0,0.0,0.0,0.99,1.97,0.0,0.0,0.0,0.0197,0.009899999999999999,0.0,1,0.3,LOW,0,NO MODEL DETECTION,NO IMMEDIATE ACTION,No significant security indicators
E000030,U016,file_access,0.0,0.0,0,0.0,0,0,0,6.58,0.0,0.0,0.0,0.99,1.97,0.0,0.0,0.0,0.0197,0.009899999999999999,0.0,1,0.3,LOW,0,NO MODEL DETECTION,NO IMMEDIATE ACTION,No significant security indicators
E000063,U010,file_access,0.0,0.0,0,0.0,0,0,0,6.58,0.0,0.0,0.0,0.99,1.97,0.0,0.0,0.0,0.0197,0.009899999999999999,0.0,1,0.3,LOW,0,NO MODEL DETECTION,NO IMMEDIATE ACTION,No significant security indicators
E000578,U003,file_access,0.0,0.25,0,0.0,0,0,0,4.25,0.0,0.0,0.0,0.64,1.27,0.0,0.0025,0.0,0.0127,0.0064,0.0,1,0.28,LOW,0,NO MODEL DETECTION,NO IMMEDIATE ACTION,No significant security indicators
E000506,U020,file_access,0.0,0.0,0,0.0,0,0,1,5.17,0.0,0.0,0.0,0.78,1.55,0.0,0.0,0.0,0.0155,0.0078000000000000005,0.0,2,0.23,LOW,0,NO MODEL DETECTION,NO IMMEDIATE ACTION,Weekend activity
E000703,U002,file_access,0.0,0.0,0,0.0,0,0,0,3.42,0.0,0.0,0.0,0.51,1.03,0.0,0.0,0.0,0.0103,0.0051,0.0,1,0.15,LOW,0,NO MODEL DETECTION,NO IMMEDIATE ACTION,No significant security indicators
E000268,U017,file_access,0.0,0.0,0,0.0,0,0,0,3.42,0.0,0.0,0.0,0.51,1.03,0.0,0.0,0.0,0.0103,0.0051,0.0,1,0.15,LOW,0,NO MODEL DETECTION,NO IMMEDIATE ACTION,No significant security indicators
E000333,U018,file_access,0.0,0.0,0,0.0,0,0,0,3.42,0.0,0.0,0.0,0.51,1.03,0.0,0.0,0.0,0.0103,0.0051,0.0,1,0.15,LOW,0,NO MODEL DETECTION,NO IMMEDIATE ACTION,No significant security indicators
E000568,U010,file_access,0.0,0.0,0,0.0,0,0,0,3.42,0.0,0.0,0.0,0.51,1.03,0.0,0.0,0.0,0.0103,0.0051,0.0,1,0.15,LOW,0,NO MODEL DETECTION,NO IMMEDIATE ACTION,No significant security indicators
E000215,U020,file_access,0.0,0.0,0,0.0,0,0,0,3.42,0.0,0.0,0.0,0.51,1.03,0.0,0.0,0.0,0.0103,0.0051,0.0,1,0.15,LOW,0,NO MODEL DETECTION,NO IMMEDIATE ACTION,No significant security indicators
E000050,U009,file_access,0.0,0.0,0,0.0,0,0,0,3.42,0.0,0.0,0.0,0.51,1.03,0.0,0.0,0.0,0.0103,0.0051,0.0,1,0.15,LOW,0,NO MODEL DETECTION,NO IMMEDIATE ACTION,No significant security indicators
E000575,U008,file_access,0.0,0.0,0,0.0,0,0,0,3.42,0.0,0.0,0.0,0.51,1.03,0.0,0.0,0.0,0.0103,0.0051,0.0,1,0.15,LOW,0,NO MODEL DETECTION,NO IMMEDIATE ACTION,No significant security indicators
E000199,U018,file_access,0.0,0.0,0,0.0,0,0,0,2.58,0.0,0.0,0.0,0.39,0.77,0.0,0.0,0.0,0.0077,0.0039000000000000003,0.0,1,0.12,LOW,0,NO MODEL DETECTION,NO IMMEDIATE ACTION,No significant security indicators
E000111,U007,file_access,0.0,0.0,0,0.0,0,0,0,2.58,0.0,0.0,0.0,0.39,0.77,0.0,0.0,0.0,0.0077,0.0039000000000000003,0.0,1,0.12,LOW,0,NO MODEL DETECTION,NO IMMEDIATE ACTION,No significant security indicators
E000046,U018,file_access,0.0,0.0,0,0.0,0,0,0,2.58,0.0,0.0,0.0,0.39,0.77,0.0,0.0,0.0,0.0077,0.0039000000000000003,0.0,1,0.12,LOW,0,NO MODEL DETECTION,NO IMMEDIATE ACTION,No significant security indicators
E000265,U018,file_access,0.0,0.0,0,0.0,0,0,0,2.58,0.0,0.0,0.0,0.39,0.77,0.0,0.0,0.0,0.0077,0.0039000000000000003,0.0,1,0.12,LOW,0,NO MODEL DETECTION,NO IMMEDIATE ACTION,No significant security indicators
E000543,U009,file_access,0.0,0.0,0,0.0,0,0,0,2.58,0.0,0.0,0.0,0.39,0.77,0.0,0.0,0.0,0.0077,0.0039000000000000003,0.0,1,0.12,LOW,0,NO MODEL DETECTION,NO IMMEDIATE ACTION,No significant security indicators
E000033,U014,transaction,0.0,0.0,0,0.0,0,0,0,2.58,0.0,0.0,0.0,0.39,0.77,0.0,0.0,0.0,0.0077,0.0039000000000000003,0.0,1,0.12,LOW,0,NO MODEL DETECTION,NO IMMEDIATE ACTION,No significant security indicators
E000633,U017,file_access,0.0,0.0,0,0.0,0,0,0,2.58,0.0,0.0,0.0,0.39,0.77,0.0,0.0,0.0,0.0077,0.0039000000000000003,0.0,1,0.12,LOW,0,NO MODEL DETECTION,NO IMMEDIATE ACTION,No significant security indicators
E000049,U009,file_access,0.0,0.0,0,0.0,0,0,0,2.58,0.0,0.0,0.0,0.39,0.77,0.0,0.0,0.0,0.0077,0.0039000000000000003,0.0,1,0.12,LOW,0,NO MODEL DETECTION,NO IMMEDIATE ACTION,No significant security indicators
E000624,U007,file_access,0.0,0.0,0,0.0,0,0,0,2.58,0.0,0.0,0.0,0.39,0.77,0.0,0.0,0.0,0.0077,0.0039000000000000003,0.0,1,0.12,LOW,0,NO MODEL DETECTION,NO IMMEDIATE ACTION,No significant security indicators
E000349,U008,file_access,0.0,0.0,0,0.0,0,0,0,2.58,0.0,0.0,0.0,0.39,0.77,0.0,0.0,0.0,0.0077,0.0039000000000000003,0.0,1,0.12,LOW,0,NO MODEL DETECTION,NO IMMEDIATE ACTION,No significant security indicators
E000291,U008,file_access,0.0,0.0,0,0.0,0,0,0,2.58,0.0,0.0,0.0,0.39,0.77,0.0,0.0,0.0,0.0077,0.0039000000000000003,0.0,1,0.12,LOW,0,NO MODEL DETECTION,NO IMMEDIATE ACTION,No significant security indicators
E000464,U014,file_access,0.0,0.0,0,0.0,0,0,1,2.58,0.0,0.0,0.0,0.39,0.77,0.0,0.0,0.0,0.0077,0.0039000000000000003,0.0,2,0.12,LOW,0,NO MODEL DETECTION,NO IMMEDIATE ACTION,Weekend activity
E000342,U009,file_access,0.0,0.0,0,0.0,0,0,0,2.58,0.0,0.0,0.0,0.39,0.77,0.0,0.0,0.0,0.0077,0.0039000000000000003,0.0,1,0.12,LOW,0,NO MODEL DETECTION,NO IMMEDIATE ACTION,No significant security indicators
E000732,U020,file_access,0.0,0.0,0,0.0,0,0,0,2.58,0.0,0.0,0.0,0.39,0.77,0.0,0.0,0.0,0.0077,0.0039000000000000003,0.0,1,0.12,LOW,0,NO MODEL DETECTION,NO IMMEDIATE ACTION,No significant security indicators
E000652,U005,transaction,0.0,0.0,0,0.0,0,0,0,2.58,0.0,0.0,0.0,0.39,0.77,0.0,0.0,0.0,0.0077,0.0039000000000000003,0.0,1,0.12,LOW,0,NO MODEL DETECTION,NO IMMEDIATE ACTION,No significant security indicators
E000550,U018,file_access,0.0,0.0,0,0.0,0,0,0,2.58,0.0,0.0,0.0,0.39,0.77,0.0,0.0,0.0,0.0077,0.0039000000000000003,0.0,1,0.12,LOW,0,NO MODEL DETECTION,NO IMMEDIATE ACTION,No significant security indicators
E000187,U007,file_access,0.0,0.0,0,0.0,0,0,0,2.58,0.0,0.0,0.0,0.39,0.77,0.0,0.0,0.0,0.0077,0.0039000000000000003,0.0,1,0.12,LOW,0,NO MODEL DETECTION,NO IMMEDIATE ACTION,No significant security indicators
E000486,U018,file_access,0.0,0.0,0,0.0,0,0,1,2.58,0.0,0.0,0.0,0.39,0.77,0.0,0.0,0.0,0.0077,0.0039000000000000003,0.0,2,0.12,LOW,0,NO MODEL DETECTION,NO IMMEDIATE ACTION,Weekend activity
E000358,U003,file_access,0.0,0.0,0,0.0,0,0,0,2.58,0.0,0.0,0.0,0.39,0.77,0.0,0.0,0.0,0.0077,0.0039000000000000003,0.0,1,0.12,LOW,0,NO MODEL DETECTION,NO IMMEDIATE ACTION,No significant security indicators
E000615,U018,file_access,0.0,0.0,0,0.0,0,0,0,2.58,0.0,0.0,0.0,0.39,0.77,0.0,0.0,0.0,0.0077,0.0039000000000000003,0.0,1,0.12,LOW,0,NO MODEL DETECTION,NO IMMEDIATE ACTION,No significant security indicators
E000544,U001,file_access,0.0,0.0,0,0.0,0,0,0,2.58,0.0,0.0,0.0,0.39,0.77,0.0,0.0,0.0,0.0077,0.0039000000000000003,0.0,1,0.12,LOW,0,NO MODEL DETECTION,NO IMMEDIATE ACTION,No significant security indicators
E000606,U001,file_access,0.0,0.0,0,0.0,0,0,0,2.58,0.0,0.0,0.0,0.39,0.77,0.0,0.0,0.0,0.0077,0.0039000000000000003,0.0,1,0.12,LOW,0,NO MODEL DETECTION,NO IMMEDIATE ACTION,No significant security indicators
E000341,U005,file_access,0.0,0.0,0,0.0,0,0,0,2.58,0.0,0.0,0.0,0.39,0.77,0.0,0.0,0.0,0.0077,0.0039000000000000003,0.0,1,0.12,LOW,0,NO MODEL DETECTION,NO IMMEDIATE ACTION,No significant security indicators
E000690,U011,file_access,0.0,0.0,0,0.0,0,0,0,2.58,0.0,0.0,0.0,0.39,0.77,0.0,0.0,0.0,0.0077,0.0039000000000000003,0.0,1,0.12,LOW,0,NO MODEL DETECTION,NO IMMEDIATE ACTION,No significant security indicators
E000494,U005,file_access,0.0,0.0,0,0.0,0,0,1,2.58,0.0,0.0,0.0,0.39,0.77,0.0,0.0,0.0,0.0077,0.0039000000000000003,0.0,2,0.12,LOW,0,NO MODEL DETECTION,NO IMMEDIATE ACTION,Weekend activity
E000734,U010,file_access,0.0,0.0,0,0.0,0,0,0,2.58,0.0,0.0,0.0,0.39,0.77,0.0,0.0,0.0,0.0077,0.0039000000000000003,0.0,1,0.12,LOW,0,NO MODEL DETECTION,NO IMMEDIATE ACTION,No significant security indicators
E000137,U005,transaction,0.0,0.0,0,0.0,0,0,0,2.58,0.0,0.0,0.0,0.39,0.77,0.0,0.0,0.0,0.0077,0.0039000000000000003,0.0,1,0.12,LOW,0,NO MODEL DETECTION,NO IMMEDIATE ACTION,No significant security indicators
E000574,U003,file_access,0.0,0.0,0,0.0,0,0,0,2.58,0.0,0.0,0.0,0.39,0.77,0.0,0.0,0.0,0.0077,0.0039000000000000003,0.0,1,0.12,LOW,0,NO MODEL DETECTION,NO IMMEDIATE ACTION,No significant security indicators
E000142,U020,file_access,0.0,0.0,0,0.0,0,0,0,2.58,0.0,0.0,0.0,0.39,0.77,0.0,0.0,0.0,0.0077,0.0039000000000000003,0.0,1,0.12,LOW,0,NO MODEL DETECTION,NO IMMEDIATE ACTION,No significant security indicators
E000691,U011,file_access,0.0,0.0,0,0.0,0,0,0,2.58,0.0,0.0,0.0,0.39,0.77,0.0,0.0,0.0,0.0077,0.0039000000000000003,0.0,1,0.12,LOW,0,NO MODEL DETECTION,NO IMMEDIATE ACTION,No significant security indicators
E000318,U004,file_access,0.0,0.0,0,0.0,0,0,0,2.58,0.0,0.0,0.0,0.39,0.77,0.0,0.0,0.0,0.0077,0.0039000000000000003,0.0,1,0.12,LOW,0,NO MODEL DETECTION,NO IMMEDIATE ACTION,No significant security indicators
E000701,U002,file_access,0.0,0.0,0,0.0,0,0,0,2.58,0.0,0.0,0.0,0.39,0.77,0.0,0.0,0.0,0.0077,0.0039000000000000003,0.0,1,0.12,LOW,0,NO MODEL DETECTION,NO IMMEDIATE ACTION,No significant security indicators
E000214,U020,file_access,0.0,0.0,0,0.0,0,0,0,2.58,0.0,0.0,0.0,0.39,0.77,0.0,0.0,0.0,0.0077,0.0039000000000000003,0.0,1,0.12,LOW,0,NO MODEL DETECTION,NO IMMEDIATE ACTION,No significant security indicators
E000097,U002,file_access,0.0,0.0,0,0.0,0,0,0,2.58,0.0,0.0,0.0,0.39,0.77,0.0,0.0,0.0,0.0077,0.0039000000000000003,0.0,1,0.12,LOW,0,NO MODEL DETECTION,NO IMMEDIATE ACTION,No significant security indicators
E000483,U007,transaction,0.0,0.0,0,0.0,0,0,1,2.58,0.0,0.0,0.0,0.39,0.77,0.0,0.0,0.0,0.0077,0.0039000000000000003,0.0,2,0.12,LOW,0,NO MODEL DETECTION,NO IMMEDIATE ACTION,Weekend activity
E000285,U020,file_access,0.0,0.0,0,0.0,0,0,0,2.58,0.0,0.0,0.0,0.39,0.77,0.0,0.0,0.0,0.0077,0.0039000000000000003,0.0,1,0.12,LOW,0,NO MODEL DETECTION,NO IMMEDIATE ACTION,No significant security indicators
E000326,U007,file_access,0.0,0.0,0,0.0,0,0,0,1.67,0.0,0.0,0.0,0.25,0.5,0.0,0.0,0.0,0.005,0.0025,0.0,1,0.08,LOW,0,NO MODEL DETECTION,NO IMMEDIATE ACTION,No significant security indicators
E000117,U014,file_access,0.0,0.0,0,0.0,0,0,0,1.67,0.0,0.0,0.0,0.25,0.5,0.0,0.0,0.0,0.005,0.0025,0.0,1,0.08,LOW,0,NO MODEL DETECTION,NO IMMEDIATE ACTION,No significant security indicators
E000488,U018,file_access,0.0,0.0,0,0.0,0,0,1,1.67,0.0,0.0,0.0,0.25,0.5,0.0,0.0,0.0,0.005,0.0025,0.0,2,0.08,LOW,0,NO MODEL DETECTION,NO IMMEDIATE ACTION,Weekend activity
E000555,U018,file_access,0.0,0.0,0,0.0,0,0,0,0.83,0.0,0.0,0.0,0.12,0.25,0.0,0.0,0.0,0.0025,0.0012,0.0,1,0.04,LOW,0,NO MODEL DETECTION,NO IMMEDIATE ACTION,No significant security indicators
E000705,U018,file_access,0.0,0.0,0,0.0,0,0,0,0.83,0.0,0.0,0.0,0.12,0.25,0.0,0.0,0.0,0.0025,0.0012,0.0,1,0.04,LOW,0,NO MODEL DETECTION,NO IMMEDIATE ACTION,No significant security indicators
E000727,U005,file_access,0.0,0.0,0,0.0,0,0,0,0.83,0.0,0.0,0.0,0.12,0.25,0.0,0.0,0.0,0.0025,0.0012,0.0,1,0.04,LOW,0,NO MODEL DETECTION,NO IMMEDIATE ACTION,No significant security indicators
E000551,U018,file_access,0.0,0.0,0,0.0,0,0,0,0.83,0.0,0.0,0.0,0.12,0.25,0.0,0.0,0.0,0.0025,0.0012,0.0,1,0.04,LOW,0,NO MODEL DETECTION,NO IMMEDIATE ACTION,No significant security indicators
E000393,U002,file_access,0.0,0.0,0,0.0,0,0,1,0.83,0.0,0.0,0.0,0.12,0.25,0.0,0.0,0.0,0.0025,0.0012,0.0,2,0.04,LOW,0,NO MODEL DETECTION,NO IMMEDIATE ACTION,Weekend activity
E000411,U018,file_access,0.0,0.0,0,0.0,0,0,1,0.83,0.0,0.0,0.0,0.12,0.25,0.0,0.0,0.0,0.0025,0.0012,0.0,2,0.04,LOW,0,NO MODEL DETECTION,NO IMMEDIATE ACTION,Weekend activity
E000427,U010,file_access,0.0,0.0,0,0.0,0,0,1,0.83,0.0,0.0,0.0,0.12,0.25,0.0,0.0,0.0,0.0025,0.0012,0.0,2,0.04,LOW,0,NO MODEL DETECTION,NO IMMEDIATE ACTION,Weekend activity
E000258,U001,file_access,0.0,0.0,0,0.0,0,0,0,0.83,0.0,0.0,0.0,0.12,0.25,0.0,0.0,0.0,0.0025,0.0012,0.0,1,0.04,LOW,0,NO MODEL DETECTION,NO IMMEDIATE ACTION,No significant security indicators
E000260,U001,file_access,0.0,0.0,0,0.0,0,0,0,0.83,0.0,0.0,0.0,0.12,0.25,0.0,0.0,0.0,0.0025,0.0012,0.0,1,0.04,LOW,0,NO MODEL DETECTION,NO IMMEDIATE ACTION,No significant security indicators
E000389,U001,file_access,0.0,0.0,0,0.0,0,0,1,0.83,0.0,0.0,0.0,0.12,0.25,0.0,0.0,0.0,0.0025,0.0012,0.0,2,0.04,LOW,0,NO MODEL DETECTION,NO IMMEDIATE ACTION,Weekend activity
E000253,U011,file_access,0.0,0.0,0,0.0,0,0,0,0.83,0.0,0.0,0.0,0.12,0.25,0.0,0.0,0.0,0.0025,0.0012,0.0,1,0.04,LOW,0,NO MODEL DETECTION,NO IMMEDIATE ACTION,No significant security indicators
E000620,U011,file_access,0.0,0.0,0,0.0,0,0,0,0.83,0.0,0.0,0.0,0.12,0.25,0.0,0.0,0.0,0.0025,0.0012,0.0,1,0.04,LOW,0,NO MODEL DETECTION,NO IMMEDIATE ACTION,No significant security indicators
E000421,U020,file_access,0.0,0.0,0,0.0,0,0,1,0.83,0.0,0.0,0.0,0.12,0.25,0.0,0.0,0.0,0.0025,0.0012,0.0,2,0.04,LOW,0,NO MODEL DETECTION,NO IMMEDIATE ACTION,Weekend activity
E000605,U004,file_access,0.0,0.0,0,0.0,0,0,0,0.83,0.0,0.0,0.0,0.12,0.25,0.0,0.0,0.0,0.0025,0.0012,0.0,1,0.04,LOW,0,NO MODEL DETECTION,NO IMMEDIATE ACTION,No significant security indicators
E000191,U001,file_access,0.0,0.0,0,0.0,0,0,0,0.83,0.0,0.0,0.0,0.12,0.25,0.0,0.0,0.0,0.0025,0.0012,0.0,1,0.04,LOW,0,NO MODEL DETECTION,NO IMMEDIATE ACTION,No significant security indicators
E000129,U011,file_access,0.0,0.0,0,0.0,0,0,0,0.83,0.0,0.0,0.0,0.12,0.25,0.0,0.0,0.0,0.0025,0.0012,0.0,1,0.04,LOW,0,NO MODEL DETECTION,NO IMMEDIATE ACTION,No significant security indicators
E000534,U004,file_access,0.0,0.0,0,0.0,0,0,0,0.83,0.0,0.0,0.0,0.12,0.25,0.0,0.0,0.0,0.0025,0.0012,0.0,1,0.04,LOW,0,NO MODEL DETECTION,NO IMMEDIATE ACTION,No significant security indicators
E000710,U004,file_access,0.0,0.0,0,0.0,0,0,0,0.83,0.0,0.0,0.0,0.12,0.25,0.0,0.0,0.0,0.0025,0.0012,0.0,1,0.04,LOW,0,NO MODEL DETECTION,NO IMMEDIATE ACTION,No significant security indicators
E000537,U001,transaction,0.0,0.0,0,0.0,0,0,0,0.83,0.0,0.0,0.0,0.12,0.25,0.0,0.0,0.0,0.0025,0.0012,0.0,1,0.04,LOW,0,NO MODEL DETECTION,NO IMMEDIATE ACTION,No significant security indicators
E000461,U001,file_access,0.0,0.0,0,0.0,0,0,1,0.83,0.0,0.0,0.0,0.12,0.25,0.0,0.0,0.0,0.0025,0.0012,0.0,2,0.04,LOW,0,NO MODEL DETECTION,NO IMMEDIATE ACTION,Weekend activity
E000536,U001,file_access,0.0,0.0,0,0.0,0,0,0,0.83,0.0,0.0,0.0,0.12,0.25,0.0,0.0,0.0,0.0025,0.0012,0.0,1,0.04,LOW,0,NO MODEL DETECTION,NO IMMEDIATE ACTION,No significant security indicators
E000481,U011,file_access,0.0,0.0,0,0.0,0,0,1,0.83,0.0,0.0,0.0,0.12,0.25,0.0,0.0,0.0,0.0025,0.0012,0.0,2,0.04,LOW,0,NO MODEL DETECTION,NO IMMEDIATE ACTION,Weekend activity
E000122,U001,file_access,0.0,0.0,0,0.0,0,0,0,0.83,0.0,0.0,0.0,0.12,0.25,0.0,0.0,0.0,0.0025,0.0012,0.0,1,0.04,LOW,0,NO MODEL DETECTION,NO IMMEDIATE ACTION,No significant security indicators
E000222,U010,file_access,0.0,0.0,0,0.0,0,0,0,0.83,0.0,0.0,0.0,0.12,0.25,0.0,0.0,0.0,0.0025,0.0012,0.0,1,0.04,LOW,0,NO MODEL DETECTION,NO IMMEDIATE ACTION,No significant security indicators
E000223,U010,file_access,0.0,0.0,0,0.0,0,0,0,0.83,0.0,0.0,0.0,0.12,0.25,0.0,0.0,0.0,0.0025,0.0012,0.0,1,0.04,LOW,0,NO MODEL DETECTION,NO IMMEDIATE ACTION,No significant security indicators
E000041,U007,file_access,0.0,0.0,0,0.0,0,0,0,0.83,0.0,0.0,0.0,0.12,0.25,0.0,0.0,0.0,0.0025,0.0012,0.0,1,0.04,LOW,0,NO MODEL DETECTION,NO IMMEDIATE ACTION,No significant security indicators
E000203,U009,file_access,0.0,0.0,0,0.0,0,0,0,0.83,0.0,0.0,0.0,0.12,0.25,0.0,0.0,0.0,0.0025,0.0012,0.0,1,0.04,LOW,0,NO MODEL DETECTION,NO IMMEDIATE ACTION,No significant security indicators
E000686,U002,file_access,0.0,0.0,0,0.0,0,0,0,0.83,0.0,0.0,0.0,0.12,0.25,0.0,0.0,0.0,0.0025,0.0012,0.0,1,0.04,LOW,0,NO MODEL DETECTION,NO IMMEDIATE ACTION,No significant security indicators
E000127,U017,file_access,0.0,0.0,0,0.0,0,0,0,0.83,0.0,0.0,0.0,0.12,0.25,0.0,0.0,0.0,0.0025,0.0012,0.0,1,0.04,LOW,0,NO MODEL DETECTION,NO IMMEDIATE ACTION,No significant security indicators
E000055,U003,file_access,0.0,0.0,0,0.0,0,0,0,0.83,0.0,0.0,0.0,0.12,0.25,0.0,0.0,0.0,0.0025,0.0012,0.0,1,0.04,LOW,0,NO MODEL DETECTION,NO IMMEDIATE ACTION,No significant security indicators
E000610,U016,file_access,0.0,0.0,0,0.0,0,0,0,0.83,0.0,0.0,0.0,0.12,0.25,0.0,0.0,0.0,0.0025,0.0012,0.0,1,0.04,LOW,0,NO MODEL DETECTION,NO IMMEDIATE ACTION,No significant security indicators
E000057,U003,file_access,0.0,0.0,0,0.0,0,0,0,0.83,0.0,0.0,0.0,0.12,0.25,0.0,0.0,0.0,0.0025,0.0012,0.0,1,0.04,LOW,0,NO MODEL DETECTION,NO IMMEDIATE ACTION,No significant security indicators
E000415,U017,file_access,0.0,0.0,0,0.0,0,0,1,0.83,0.0,0.0,0.0,0.12,0.25,0.0,0.0,0.0,0.0025,0.0012,0.0,2,0.04,LOW,0,NO MODEL DETECTION,NO IMMEDIATE ACTION,Weekend activity
E000286,U003,file_access,0.0,0.0,0,0.0,0,0,0,0.83,0.0,0.0,0.0,0.12,0.25,0.0,0.0,0.0,0.0025,0.0012,0.0,1,0.04,LOW,0,NO MODEL DETECTION,NO IMMEDIATE ACTION,No significant security indicators
E000209,U003,file_access,0.0,0.0,0,0.0,0,0,0,0.83,0.0,0.0,0.0,0.12,0.25,0.0,0.0,0.0,0.0025,0.0012,0.0,1,0.04,LOW,0,NO MODEL DETECTION,NO IMMEDIATE ACTION,No significant security indicators
E000473,U007,file_access,0.0,0.0,0,0.0,0,0,1,0.83,0.0,0.0,0.0,0.12,0.25,0.0,0.0,0.0,0.0025,0.0012,0.0,2,0.04,LOW,0,NO MODEL DETECTION,NO IMMEDIATE ACTION,Weekend activity
E000192,U007,file_access,0.0,0.0,0,0.0,0,0,0,0.83,0.0,0.0,0.0,0.12,0.25,0.0,0.0,0.0,0.0025,0.0012,0.0,1,0.04,LOW,0,NO MODEL DETECTION,NO IMMEDIATE ACTION,No significant security indicators
E000266,U017,file_access,0.0,0.0,0,0.0,0,0,0,0.83,0.0,0.0,0.0,0.12,0.25,0.0,0.0,0.0,0.0025,0.0012,0.0,1,0.04,LOW,0,NO MODEL DETECTION,NO IMMEDIATE ACTION,No significant security indicators
E000105,U014,file_access,0.0,0.0,0,0.0,0,0,0,0.83,0.0,0.0,0.0,0.12,0.25,0.0,0.0,0.0,0.0025,0.0012,0.0,1,0.04,LOW,0,NO MODEL DETECTION,NO IMMEDIATE ACTION,No significant security indicators
E000405,U016,file_access,0.0,0.0,0,0.0,0,0,1,0.83,0.0,0.0,0.0,0.12,0.25,0.0,0.0,0.0,0.0025,0.0012,0.0,2,0.04,LOW,0,NO MODEL DETECTION,NO IMMEDIATE ACTION,Weekend activity
E000466,U014,file_access,0.0,0.0,0,0.0,0,0,1,0.83,0.0,0.0,0.0,0.12,0.25,0.0,0.0,0.0,0.0025,0.0012,0.0,2,0.04,LOW,0,NO MODEL DETECTION,NO IMMEDIATE ACTION,Weekend activity
E000344,U009,file_access,0.0,0.0,0,0.0,0,0,0,0.83,0.0,0.0,0.0,0.12,0.25,0.0,0.0,0.0,0.0025,0.0012,0.0,1,0.04,LOW,0,NO MODEL DETECTION,NO IMMEDIATE ACTION,No significant security indicators
E000035,U016,file_access,0.0,0.0,0,0.0,0,0,0,0.83,0.0,0.0,0.0,0.12,0.25,0.0,0.0,0.0,0.0025,0.0012,0.0,1,0.04,LOW,0,NO MODEL DETECTION,NO IMMEDIATE ACTION,No significant security indicators
E000469,U002,transaction,0.0,0.0,0,0.0,0,0,1,0.83,0.0,0.0,0.0,0.12,0.25,0.0,0.0,0.0,0.0025,0.0012,0.0,2,0.04,LOW,0,NO MODEL DETECTION,NO IMMEDIATE ACTION,Weekend activity
E000388,U002,transaction,0.0,0.0,0,0.0,0,0,1,0.83,0.0,0.0,0.0,0.12,0.25,0.0,0.0,0.0,0.0025,0.0012,0.0,2,0.04,LOW,0,NO MODEL DETECTION,NO IMMEDIATE ACTION,Weekend activity
E000384,U002,file_access,0.0,0.0,0,0.0,0,0,1,0.83,0.0,0.0,0.0,0.12,0.25,0.0,0.0,0.0,0.0025,0.0012,0.0,2,0.04,LOW,0,NO MODEL DETECTION,NO IMMEDIATE ACTION,Weekend activity
E000502,U008,file_access,0.0,0.0,0,0.0,0,0,1,0.83,0.0,0.0,0.0,0.12,0.25,0.0,0.0,0.0,0.0025,0.0012,0.0,2,0.04,LOW,0,NO MODEL DETECTION,NO IMMEDIATE ACTION,Weekend activity
E000412,U009,file_access,0.0,0.0,0,0.0,0,0,1,0.83,0.0,0.0,0.0,0.12,0.25,0.0,0.0,0.0,0.0025,0.0012,0.0,2,0.04,LOW,0,NO MODEL DETECTION,NO IMMEDIATE ACTION,Weekend activity
E000653,U008,file_access,0.0,0.0,0,0.0,0,0,0,0.83,0.0,0.0,0.0,0.12,0.25,0.0,0.0,0.0,0.0025,0.0012,0.0,1,0.04,LOW,0,NO MODEL DETECTION,NO IMMEDIATE ACTION,No significant security indicators
E000355,U008,file_access,0.0,0.0,0,0.0,0,0,0,0.83,0.0,0.0,0.0,0.12,0.25,0.0,0.0,0.0,0.0025,0.0012,0.0,1,0.04,LOW,0,NO MODEL DETECTION,NO IMMEDIATE ACTION,No significant security indicators
E000144,U008,file_access,0.0,0.0,0,0.0,0,0,0,0.83,0.0,0.0,0.0,0.12,0.25,0.0,0.0,0.0,0.0025,0.0012,0.0,1,0.04,LOW,0,NO MODEL DETECTION,NO IMMEDIATE ACTION,No significant security indicators
E000043,U009,file_access,0.0,0.0,0,0.0,0,0,0,0.83,0.0,0.0,0.0,0.12,0.25,0.0,0.0,0.0,0.0025,0.0012,0.0,1,0.04,LOW,0,NO MODEL DETECTION,NO IMMEDIATE ACTION,No significant security indicators
E000098,U004,file_access,0.0,0.0,0,0.0,0,0,0,0.83,0.0,0.0,0.0,0.12,0.25,0.0,0.0,0.0,0.0025,0.0012,0.0,1,0.04,LOW,0,NO MODEL DETECTION,NO IMMEDIATE ACTION,No significant security indicators
E000284,U020,file_access,0.0,0.0,0,0.0,0,0,0,0.83,0.0,0.0,0.0,0.12,0.25,0.0,0.0,0.0,0.0025,0.0012,0.0,1,0.04,LOW,0,NO MODEL DETECTION,NO IMMEDIATE ACTION,No significant security indicators
E000351,U020,file_access,0.0,0.0,0,0.0,0,0,0,0.83,0.0,0.0,0.0,0.12,0.25,0.0,0.0,0.0,0.0025,0.0012,0.0,1,0.04,LOW,0,NO MODEL DETECTION,NO IMMEDIATE ACTION,No significant security indicators
E000042,U004,file_access,0.0,0.0,0,0.0,0,0,0,0.0,0.0,0.0,0.0,0.0,0.0,0.0,0.0,0.0,0.0,0.0,0.0,0,0.0,LOW,0,NO MODEL DETECTION,NO IMMEDIATE ACTION,No significant security indicators
E000218,U020,file_access,0.0,0.0,0,0.0,0,0,0,0.0,0.0,0.0,0.0,0.0,0.0,0.0,0.0,0.0,0.0,0.0,0.0,0,0.0,LOW,0,NO MODEL DETECTION,NO IMMEDIATE ACTION,No significant security indicators
E000278,U020,login,0.0,0.0,0,0.0,0,0,0,0.0,0.0,0.0,0.0,0.0,0.0,0.0,0.0,0.0,0.0,0.0,0.0,0,0.0,LOW,0,NO MODEL DETECTION,NO IMMEDIATE ACTION,No significant security indicators
E000347,U020,login,0.0,0.0,0,0.0,0,0,0,0.0,0.0,0.0,0.0,0.0,0.0,0.0,0.0,0.0,0.0,0.0,0.0,0,0.0,LOW,0,NO MODEL DETECTION,NO IMMEDIATE ACTION,No significant security indicators
E000361,U020,file_access,0.0,0.0,0,0.0,0,0,0,0.0,0.0,0.0,0.0,0.0,0.0,0.0,0.0,0.0,0.0,0.0,0.0,0,0.0,LOW,0,NO MODEL DETECTION,NO IMMEDIATE ACTION,No significant security indicators
E000096,U004,login,0.0,0.0,0,0.0,0,0,0,0.0,0.0,0.0,0.0,0.0,0.0,0.0,0.0,0.0,0.0,0.0,0.0,0,0.0,LOW,0,NO MODEL DETECTION,NO IMMEDIATE ACTION,No significant security indicators
E000504,U020,file_access,0.0,0.0,0,0.0,0,0,1,0.0,0.0,0.0,0.0,0.0,0.0,0.0,0.0,0.0,0.0,0.0,0.0,1,0.0,LOW,0,NO MODEL DETECTION,NO IMMEDIATE ACTION,Weekend activity
E000219,U005,file_access,0.0,0.0,0,0.0,0,0,0,0.0,0.0,0.0,0.0,0.0,0.0,0.0,0.0,0.0,0.0,0.0,0.0,0,0.0,LOW,0,NO MODEL DETECTION,NO IMMEDIATE ACTION,No significant security indicators
E000281,U005,file_access,0.0,0.0,0,0.0,0,0,0,0.0,0.0,0.0,0.0,0.0,0.0,0.0,0.0,0.0,0.0,0.0,0.0,0,0.0,LOW,0,NO MODEL DETECTION,NO IMMEDIATE ACTION,No significant security indicators
E000180,U004,file_access,0.0,0.0,0,0.0,0,0,0,0.0,0.0,0.0,0.0,0.0,0.0,0.0,0.0,0.0,0.0,0.0,0.0,0,0.0,LOW,0,NO MODEL DETECTION,NO IMMEDIATE ACTION,No significant security indicators
E000181,U004,file_access,0.0,0.0,0,0.0,0,0,0,0.0,0.0,0.0,0.0,0.0,0.0,0.0,0.0,0.0,0.0,0.0,0.0,0,0.0,LOW,0,NO MODEL DETECTION,NO IMMEDIATE ACTION,No significant security indicators
E000184,U004,file_access,0.0,0.0,0,0.0,0,0,0,0.0,0.0,0.0,0.0,0.0,0.0,0.0,0.0,0.0,0.0,0.0,0.0,0,0.0,LOW,0,NO MODEL DETECTION,NO IMMEDIATE ACTION,No significant security indicators
E000247,U004,login,0.0,0.0,0,0.0,0,0,0,0.0,0.0,0.0,0.0,0.0,0.0,0.0,0.0,0.0,0.0,0.0,0.0,0,0.0,LOW,0,NO MODEL DETECTION,NO IMMEDIATE ACTION,No significant security indicators
E000249,U004,file_access,0.0,0.0,0,0.0,0,0,0,0.0,0.0,0.0,0.0,0.0,0.0,0.0,0.0,0.0,0.0,0.0,0.0,0,0.0,LOW,0,NO MODEL DETECTION,NO IMMEDIATE ACTION,No significant security indicators
E000317,U004,login,0.0,0.0,0,0.0,0,0,0,0.0,0.0,0.0,0.0,0.0,0.0,0.0,0.0,0.0,0.0,0.0,0.0,0,0.0,LOW,0,NO MODEL DETECTION,NO IMMEDIATE ACTION,No significant security indicators
E000472,U004,file_access,0.0,0.0,0,0.0,0,0,1,0.0,0.0,0.0,0.0,0.0,0.0,0.0,0.0,0.0,0.0,0.0,0.0,1,0.0,LOW,0,NO MODEL DETECTION,NO IMMEDIATE ACTION,Weekend activity
E000647,U003,file_access,0.0,0.0,0,0.0,0,0,0,0.0,0.0,0.0,0.0,0.0,0.0,0.0,0.0,0.0,0.0,0.0,0.0,0,0.0,LOW,0,NO MODEL DETECTION,NO IMMEDIATE ACTION,No significant security indicators
E000731,U003,file_access,0.0,0.0,0,0.0,0,0,0,0.0,0.0,0.0,0.0,0.0,0.0,0.0,0.0,0.0,0.0,0.0,0.0,0,0.0,LOW,0,NO MODEL DETECTION,NO IMMEDIATE ACTION,No significant security indicators
E000021,U004,login,0.0,0.0,0,0.0,0,0,0,0.0,0.0,0.0,0.0,0.0,0.0,0.0,0.0,0.0,0.0,0.0,0.0,0,0.0,LOW,0,NO MODEL DETECTION,NO IMMEDIATE ACTION,No significant security indicators
E000070,U020,file_access,0.0,0.0,0,0.0,0,0,0,0.0,0.0,0.0,0.0,0.0,0.0,0.0,0.0,0.0,0.0,0.0,0.0,0,0.0,LOW,0,NO MODEL DETECTION,NO IMMEDIATE ACTION,No significant security indicators
E000141,U020,login,0.0,0.0,0,0.0,0,0,0,0.0,0.0,0.0,0.0,0.0,0.0,0.0,0.0,0.0,0.0,0.0,0.0,0,0.0,LOW,0,NO MODEL DETECTION,NO IMMEDIATE ACTION,No significant security indicators
E000724,U008,file_access,0.0,0.0,0,0.0,0,0,0,0.0,0.0,0.0,0.0,0.0,0.0,0.0,0.0,0.0,0.0,0.0,0.0,0,0.0,LOW,0,NO MODEL DETECTION,NO IMMEDIATE ACTION,No significant security indicators
E000040,U009,login,0.0,0.0,0,0.0,0,0,0,0.0,0.0,0.0,0.0,0.0,0.0,0.0,0.0,0.0,0.0,0.0,0.0,0,0.0,LOW,0,NO MODEL DETECTION,NO IMMEDIATE ACTION,No significant security indicators
E000048,U009,transaction,0.0,0.0,0,0.0,0,0,0,0.0,0.0,0.0,0.0,0.0,0.0,0.0,0.0,0.0,0.0,0.0,0.0,0,0.0,LOW,0,NO MODEL DETECTION,NO IMMEDIATE ACTION,No significant security indicators
E000104,U009,login,0.0,0.0,0,0.0,0,0,0,0.0,0.0,0.0,0.0,0.0,0.0,0.0,0.0,0.0,0.0,0.0,0.0,0,0.0,LOW,0,NO MODEL DETECTION,NO IMMEDIATE ACTION,No significant security indicators
E000118,U009,file_access,0.0,0.0,0,0.0,0,0,0,0.0,0.0,0.0,0.0,0.0,0.0,0.0,0.0,0.0,0.0,0.0,0.0,0,0.0,LOW,0,NO MODEL DETECTION,NO IMMEDIATE ACTION,No significant security indicators
E000128,U009,file_access,0.0,0.0,0,0.0,0,0,0,0.0,0.0,0.0,0.0,0.0,0.0,0.0,0.0,0.0,0.0,0.0,0.0,0,0.0,LOW,0,NO MODEL DETECTION,NO IMMEDIATE ACTION,No significant security indicators
E000319,U002,file_access,0.0,0.0,0,0.0,0,0,0,0.0,0.0,0.0,0.0,0.0,0.0,0.0,0.0,0.0,0.0,0.0,0.0,0,0.0,LOW,0,NO MODEL DETECTION,NO IMMEDIATE ACTION,No significant security indicators
E000383,U002,login,0.0,0.0,0,0.0,0,0,1,0.0,0.0,0.0,0.0,0.0,0.0,0.0,0.0,0.0,0.0,0.0,0.0,1,0.0,LOW,0,NO MODEL DETECTION,NO IMMEDIATE ACTION,Weekend activity
E000206,U008,file_access,0.0,0.0,0,0.0,0,0,0,0.0,0.0,0.0,0.0,0.0,0.0,0.0,0.0,0.0,0.0,0.0,0.0,0,0.0,LOW,0,NO MODEL DETECTION,NO IMMEDIATE ACTION,No significant security indicators
E000279,U008,login,0.0,0.0,0,0.0,0,0,0,0.0,0.0,0.0,0.0,0.0,0.0,0.0,0.0,0.0,0.0,0.0,0.0,0,0.0,LOW,0,NO MODEL DETECTION,NO IMMEDIATE ACTION,No significant security indicators
E000290,U008,file_access,0.0,0.0,0,0.0,0,0,0,0.0,0.0,0.0,0.0,0.0,0.0,0.0,0.0,0.0,0.0,0.0,0.0,0,0.0,LOW,0,NO MODEL DETECTION,NO IMMEDIATE ACTION,No significant security indicators
E000392,U009,login,0.0,0.0,0,0.0,0,0,1,0.0,0.0,0.0,0.0,0.0,0.0,0.0,0.0,0.0,0.0,0.0,0.0,1,0.0,LOW,0,NO MODEL DETECTION,NO IMMEDIATE ACTION,Weekend activity
E000400,U009,file_access,0.0,0.0,0,0.0,0,0,1,0.0,0.0,0.0,0.0,0.0,0.0,0.0,0.0,0.0,0.0,0.0,0.0,1,0.0,LOW,0,NO MODEL DETECTION,NO IMMEDIATE ACTION,Weekend activity
E000639,U014,file_access,0.0,0.0,0,0.0,0,0,0,0.0,0.0,0.0,0.0,0.0,0.0,0.0,0.0,0.0,0.0,0.0,0.0,0,0.0,LOW,0,NO MODEL DETECTION,NO IMMEDIATE ACTION,No significant security indicators
E000695,U014,login,0.0,0.0,0,0.0,0,0,0,0.0,0.0,0.0,0.0,0.0,0.0,0.0,0.0,0.0,0.0,0.0,0.0,0,0.0,LOW,0,NO MODEL DETECTION,NO IMMEDIATE ACTION,No significant security indicators
E000712,U014,file_access,0.0,0.0,0,0.0,0,0,0,0.0,0.0,0.0,0.0,0.0,0.0,0.0,0.0,0.0,0.0,0.0,0.0,0,0.0,LOW,0,NO MODEL DETECTION,NO IMMEDIATE ACTION,No significant security indicators
E000715,U014,transaction,0.0,0.0,0,0.0,0,0,0,0.0,0.0,0.0,0.0,0.0,0.0,0.0,0.0,0.0,0.0,0.0,0.0,0,0.0,LOW,0,NO MODEL DETECTION,NO IMMEDIATE ACTION,No significant security indicators
E000106,U002,file_access,0.0,0.0,0,0.0,0,0,0,0.0,0.0,0.0,0.0,0.0,0.0,0.0,0.0,0.0,0.0,0.0,0.0,0,0.0,LOW,0,NO MODEL DETECTION,NO IMMEDIATE ACTION,No significant security indicators
E000176,U002,file_access,0.0,0.0,0,0.0,0,0,0,0.0,0.0,0.0,0.0,0.0,0.0,0.0,0.0,0.0,0.0,0.0,0.0,0,0.0,LOW,0,NO MODEL DETECTION,NO IMMEDIATE ACTION,No significant security indicators
E000569,U008,file_access,0.0,0.0,0,0.0,0,0,0,0.0,0.0,0.0,0.0,0.0,0.0,0.0,0.0,0.0,0.0,0.0,0.0,0,0.0,LOW,0,NO MODEL DETECTION,NO IMMEDIATE ACTION,No significant security indicators
E000720,U008,file_access,0.0,0.0,0,0.0,0,0,0,0.0,0.0,0.0,0.0,0.0,0.0,0.0,0.0,0.0,0.0,0.0,0.0,0,0.0,LOW,0,NO MODEL DETECTION,NO IMMEDIATE ACTION,No significant security indicators
E000293,U008,file_access,0.0,0.0,0,0.0,0,0,0,0.0,0.0,0.0,0.0,0.0,0.0,0.0,0.0,0.0,0.0,0.0,0.0,0,0.0,LOW,0,NO MODEL DETECTION,NO IMMEDIATE ACTION,No significant security indicators
E000428,U008,login,0.0,0.0,0,0.0,0,0,1,0.0,0.0,0.0,0.0,0.0,0.0,0.0,0.0,0.0,0.0,0.0,0.0,1,0.0,LOW,0,NO MODEL DETECTION,NO IMMEDIATE ACTION,Weekend activity
E000493,U008,login,0.0,0.0,0,0.0,0,0,1,0.0,0.0,0.0,0.0,0.0,0.0,0.0,0.0,0.0,0.0,0.0,0.0,1,0.0,LOW,0,NO MODEL DETECTION,NO IMMEDIATE ACTION,Weekend activity
E000561,U008,login,0.0,0.0,0,0.0,0,0,0,0.0,0.0,0.0,0.0,0.0,0.0,0.0,0.0,0.0,0.0,0.0,0.0,0,0.0,LOW,0,NO MODEL DETECTION,NO IMMEDIATE ACTION,No significant security indicators
E000404,U002,file_access,0.0,0.0,0,0.0,0,0,1,0.0,0.0,0.0,0.0,0.0,0.0,0.0,0.0,0.0,0.0,0.0,0.0,1,0.0,LOW,0,NO MODEL DETECTION,NO IMMEDIATE ACTION,Weekend activity
E000538,U007,file_access,0.0,0.0,0,0.0,0,0,0,0.0,0.0,0.0,0.0,0.0,0.0,0.0,0.0,0.0,0.0,0.0,0.0,0,0.0,LOW,0,NO MODEL DETECTION,NO IMMEDIATE ACTION,No significant security indicators
E000611,U007,login,0.0,0.0,0,0.0,0,0,0,0.0,0.0,0.0,0.0,0.0,0.0,0.0,0.0,0.0,0.0,0.0,0.0,0,0.0,LOW,0,NO MODEL DETECTION,NO IMMEDIATE ACTION,No significant security indicators
E000632,U007,file_access,0.0,0.0,0,0.0,0,0,0,0.0,0.0,0.0,0.0,0.0,0.0,0.0,0.0,0.0,0.0,0.0,0.0,0,0.0,LOW,0,NO MODEL DETECTION,NO IMMEDIATE ACTION,No significant security indicators
E000693,U007,login,0.0,0.0,0,0.0,0,0,0,0.0,0.0,0.0,0.0,0.0,0.0,0.0,0.0,0.0,0.0,0.0,0.0,0,0.0,LOW,0,NO MODEL DETECTION,NO IMMEDIATE ACTION,No significant security indicators
E000708,U007,file_access,0.0,0.0,0,0.0,0,0,0,0.0,0.0,0.0,0.0,0.0,0.0,0.0,0.0,0.0,0.0,0.0,0.0,0,0.0,LOW,0,NO MODEL DETECTION,NO IMMEDIATE ACTION,No significant security indicators
E000056,U008,login,0.0,0.0,0,0.0,0,0,0,0.0,0.0,0.0,0.0,0.0,0.0,0.0,0.0,0.0,0.0,0.0,0.0,0,0.0,LOW,0,NO MODEL DETECTION,NO IMMEDIATE ACTION,No significant security indicators
E000059,U008,file_access,0.0,0.0,0,0.0,0,0,0,0.0,0.0,0.0,0.0,0.0,0.0,0.0,0.0,0.0,0.0,0.0,0.0,0,0.0,LOW,0,NO MODEL DETECTION,NO IMMEDIATE ACTION,No significant security indicators
E000136,U008,file_access,0.0,0.0,0,0.0,0,0,0,0.0,0.0,0.0,0.0,0.0,0.0,0.0,0.0,0.0,0.0,0.0,0.0,0,0.0,LOW,0,NO MODEL DETECTION,NO IMMEDIATE ACTION,No significant security indicators
E000143,U008,file_access,0.0,0.0,0,0.0,0,0,0,0.0,0.0,0.0,0.0,0.0,0.0,0.0,0.0,0.0,0.0,0.0,0.0,0,0.0,LOW,0,NO MODEL DETECTION,NO IMMEDIATE ACTION,No significant security indicators
E000028,U016,file_access,0.0,0.0,0,0.0,0,0,0,0.0,0.0,0.0,0.0,0.0,0.0,0.0,0.0,0.0,0.0,0.0,0.0,0,0.0,LOW,0,NO MODEL DETECTION,NO IMMEDIATE ACTION,No significant security indicators
E000101,U016,login,0.0,0.0,0,0.0,0,0,0,0.0,0.0,0.0,0.0,0.0,0.0,0.0,0.0,0.0,0.0,0.0,0.0,0,0.0,LOW,0,NO MODEL DETECTION,NO IMMEDIATE ACTION,No significant security indicators
E000124,U016,file_access,0.0,0.0,0,0.0,0,0,0,0.0,0.0,0.0,0.0,0.0,0.0,0.0,0.0,0.0,0.0,0.0,0.0,0,0.0,LOW,0,NO MODEL DETECTION,NO IMMEDIATE ACTION,No significant security indicators
E000622,U002,file_access,0.0,0.0,0,0.0,0,0,0,0.0,0.0,0.0,0.0,0.0,0.0,0.0,0.0,0.0,0.0,0.0,0.0,0,0.0,LOW,0,NO MODEL DETECTION,NO IMMEDIATE ACTION,No significant security indicators
E000188,U016,file_access,0.0,0.0,0,0.0,0,0,0,0.0,0.0,0.0,0.0,0.0,0.0,0.0,0.0,0.0,0.0,0.0,0.0,0,0.0,LOW,0,NO MODEL DETECTION,NO IMMEDIATE ACTION,No significant security indicators
E000257,U016,login,0.0,0.0,0,0.0,0,0,0,0.0,0.0,0.0,0.0,0.0,0.0,0.0,0.0,0.0,0.0,0.0,0.0,0,0.0,LOW,0,NO MODEL DETECTION,NO IMMEDIATE ACTION,No significant security indicators
E000684,U002,login,0.0,0.0,0,0.0,0,0,0,0.0,0.0,0.0,0.0,0.0,0.0,0.0,0.0,0.0,0.0,0.0,0.0,0,0.0,LOW,0,NO MODEL DETECTION,NO IMMEDIATE ACTION,No significant security indicators
E000095,U002,login,0.0,0.0,0,0.0,0,0,0,0.0,0.0,0.0,0.0,0.0,0.0,0.0,0.0,0.0,0.0,0.0,0.0,0,0.0,LOW,0,NO MODEL DETECTION,NO IMMEDIATE ACTION,No significant security indicators
E000540,U014,login,0.0,0.0,0,0.0,0,0,0,0.0,0.0,0.0,0.0,0.0,0.0,0.0,0.0,0.0,0.0,0.0,0.0,0,0.0,LOW,0,NO MODEL DETECTION,NO IMMEDIATE ACTION,No significant security indicators
E000623,U014,login,0.0,0.0,0,0.0,0,0,0,0.0,0.0,0.0,0.0,0.0,0.0,0.0,0.0,0.0,0.0,0.0,0.0,0,0.0,LOW,0,NO MODEL DETECTION,NO IMMEDIATE ACTION,No significant security indicators
E000193,U009,login,0.0,0.0,0,0.0,0,0,0,0.0,0.0,0.0,0.0,0.0,0.0,0.0,0.0,0.0,0.0,0.0,0.0,0,0.0,LOW,0,NO MODEL DETECTION,NO IMMEDIATE ACTION,No significant security indicators
E000197,U009,file_access,0.0,0.0,0,0.0,0,0,0,0.0,0.0,0.0,0.0,0.0,0.0,0.0,0.0,0.0,0.0,0.0,0.0,0,0.0,LOW,0,NO MODEL DETECTION,NO IMMEDIATE ACTION,No significant security indicators
E000201,U009,file_access,0.0,0.0,0,0.0,0,0,0,0.0,0.0,0.0,0.0,0.0,0.0,0.0,0.0,0.0,0.0,0.0,0.0,0,0.0,LOW,0,NO MODEL DETECTION,NO IMMEDIATE ACTION,No significant security indicators
E000259,U009,login,0.0,0.0,0,0.0,0,0,0,0.0,0.0,0.0,0.0,0.0,0.0,0.0,0.0,0.0,0.0,0.0,0.0,0,0.0,LOW,0,NO MODEL DETECTION,NO IMMEDIATE ACTION,No significant security indicators
E000267,U009,file_access,0.0,0.0,0,0.0,0,0,0,0.0,0.0,0.0,0.0,0.0,0.0,0.0,0.0,0.0,0.0,0.0,0.0,0,0.0,LOW,0,NO MODEL DETECTION,NO IMMEDIATE ACTION,No significant security indicators
E000276,U009,transaction,0.0,0.0,0,0.0,0,0,0,0.0,0.0,0.0,0.0,0.0,0.0,0.0,0.0,0.0,0.0,0.0,0.0,0,0.0,LOW,0,NO MODEL DETECTION,NO IMMEDIATE ACTION,No significant security indicators
E000340,U009,transaction,0.0,0.0,0,0.0,0,0,0,0.0,0.0,0.0,0.0,0.0,0.0,0.0,0.0,0.0,0.0,0.0,0.0,0,0.0,LOW,0,NO MODEL DETECTION,NO IMMEDIATE ACTION,No significant security indicators
E000484,U016,file_access,0.0,0.0,0,0.0,0,0,1,0.0,0.0,0.0,0.0,0.0,0.0,0.0,0.0,0.0,0.0,0.0,0.0,1,0.0,LOW,0,NO MODEL DETECTION,NO IMMEDIATE ACTION,Weekend activity
E000554,U016,file_access,0.0,0.0,0,0.0,0,0,0,0.0,0.0,0.0,0.0,0.0,0.0,0.0,0.0,0.0,0.0,0.0,0.0,0,0.0,LOW,0,NO MODEL DETECTION,NO IMMEDIATE ACTION,No significant security indicators
E000692,U016,file_access,0.0,0.0,0,0.0,0,0,0,0.0,0.0,0.0,0.0,0.0,0.0,0.0,0.0,0.0,0.0,0.0,0.0,0,0.0,LOW,0,NO MODEL DETECTION,NO IMMEDIATE ACTION,No significant security indicators
E000034,U017,file_access,0.0,0.0,0,0.0,0,0,0,0.0,0.0,0.0,0.0,0.0,0.0,0.0,0.0,0.0,0.0,0.0,0.0,0,0.0,LOW,0,NO MODEL DETECTION,NO IMMEDIATE ACTION,No significant security indicators
E000125,U017,file_access,0.0,0.0,0,0.0,0,0,0,0.0,0.0,0.0,0.0,0.0,0.0,0.0,0.0,0.0,0.0,0.0,0.0,0,0.0,LOW,0,NO MODEL DETECTION,NO IMMEDIATE ACTION,No significant security indicators
E000066,U003,file_access,0.0,0.0,0,0.0,0,0,0,0.0,0.0,0.0,0.0,0.0,0.0,0.0,0.0,0.0,0.0,0.0,0.0,0,0.0,LOW,0,NO MODEL DETECTION,NO IMMEDIATE ACTION,No significant security indicators
E000194,U017,file_access,0.0,0.0,0,0.0,0,0,0,0.0,0.0,0.0,0.0,0.0,0.0,0.0,0.0,0.0,0.0,0.0,0.0,0,0.0,LOW,0,NO MODEL DETECTION,NO IMMEDIATE ACTION,No significant security indicators
E000202,U017,file_access,0.0,0.0,0,0.0,0,0,0,0.0,0.0,0.0,0.0,0.0,0.0,0.0,0.0,0.0,0.0,0.0,0.0,0,0.0,LOW,0,NO MODEL DETECTION,NO IMMEDIATE ACTION,No significant security indicators
E000068,U010,file_access,0.0,0.0,0,0.0,0,0,0,0.0,0.0,0.0,0.0,0.0,0.0,0.0,0.0,0.0,0.0,0.0,0.0,0,0.0,LOW,0,NO MODEL DETECTION,NO IMMEDIATE ACTION,No significant security indicators
E000220,U010,file_access,0.0,0.0,0,0.0,0,0,0,0.0,0.0,0.0,0.0,0.0,0.0,0.0,0.0,0.0,0.0,0.0,0.0,0,0.0,LOW,0,NO MODEL DETECTION,NO IMMEDIATE ACTION,No significant security indicators
E000032,U002,file_access,0.0,0.0,0,0.0,0,0,0,0.0,0.0,0.0,0.0,0.0,0.0,0.0,0.0,0.0,0.0,0.0,0.0,0,0.0,LOW,0,NO MODEL DETECTION,NO IMMEDIATE ACTION,No significant security indicators
E000026,U014,login,0.0,0.0,0,0.0,0,0,0,0.0,0.0,0.0,0.0,0.0,0.0,0.0,0.0,0.0,0.0,0.0,0.0,0,0.0,LOW,0,NO MODEL DETECTION,NO IMMEDIATE ACTION,No significant security indicators
E000102,U014,login,0.0,0.0,0,0.0,0,0,0,0.0,0.0,0.0,0.0,0.0,0.0,0.0,0.0,0.0,0.0,0.0,0.0,0,0.0,LOW,0,NO MODEL DETECTION,NO IMMEDIATE ACTION,No significant security indicators
E000256,U014,login,0.0,0.0,0,0.0,0,0,0,0.0,0.0,0.0,0.0,0.0,0.0,0.0,0.0,0.0,0.0,0.0,0.0,0,0.0,LOW,0,NO MODEL DETECTION,NO IMMEDIATE ACTION,No significant security indicators
E000264,U014,file_access,0.0,0.0,0,0.0,0,0,0,0.0,0.0,0.0,0.0,0.0,0.0,0.0,0.0,0.0,0.0,0.0,0.0,0,0.0,LOW,0,NO MODEL DETECTION,NO IMMEDIATE ACTION,No significant security indicators
E000330,U014,login,0.0,0.0,0,0.0,0,0,0,0.0,0.0,0.0,0.0,0.0,0.0,0.0,0.0,0.0,0.0,0.0,0.0,0,0.0,LOW,0,NO MODEL DETECTION,NO IMMEDIATE ACTION,No significant security indicators
E000336,U014,file_access,0.0,0.0,0,0.0,0,0,0,0.0,0.0,0.0,0.0,0.0,0.0,0.0,0.0,0.0,0.0,0.0,0.0,0,0.0,LOW,0,NO MODEL DETECTION,NO IMMEDIATE ACTION,No significant security indicators
E000394,U014,login,0.0,0.0,0,0.0,0,0,1,0.0,0.0,0.0,0.0,0.0,0.0,0.0,0.0,0.0,0.0,0.0,0.0,1,0.0,LOW,0,NO MODEL DETECTION,NO IMMEDIATE ACTION,Weekend activity
E000417,U014,file_access,0.0,0.0,0,0.0,0,0,1,0.0,0.0,0.0,0.0,0.0,0.0,0.0,0.0,0.0,0.0,0.0,0.0,1,0.0,LOW,0,NO MODEL DETECTION,NO IMMEDIATE ACTION,Weekend activity
E000262,U017,login,0.0,0.0,0,0.0,0,0,0,0.0,0.0,0.0,0.0,0.0,0.0,0.0,0.0,0.0,0.0,0.0,0.0,0,0.0,LOW,0,NO MODEL DETECTION,NO IMMEDIATE ACTION,No significant security indicators
E000274,U017,file_access,0.0,0.0,0,0.0,0,0,0,0.0,0.0,0.0,0.0,0.0,0.0,0.0,0.0,0.0,0.0,0.0,0.0,0,0.0,LOW,0,NO MODEL DETECTION,NO IMMEDIATE ACTION,No significant security indicators
E000328,U017,login,0.0,0.0,0,0.0,0,0,0,0.0,0.0,0.0,0.0,0.0,0.0,0.0,0.0,0.0,0.0,0.0,0.0,0,0.0,LOW,0,NO MODEL DETECTION,NO IMMEDIATE ACTION,No significant security indicators
E000410,U017,file_access,0.0,0.0,0,0.0,0,0,1,0.0,0.0,0.0,0.0,0.0,0.0,0.0,0.0,0.0,0.0,0.0,0.0,1,0.0,LOW,0,NO MODEL DETECTION,NO IMMEDIATE ACTION,Weekend activity
E000252,U007,login,0.0,0.0,0,0.0,0,0,0,0.0,0.0,0.0,0.0,0.0,0.0,0.0,0.0,0.0,0.0,0.0,0.0,0,0.0,LOW,0,NO MODEL DETECTION,NO IMMEDIATE ACTION,No significant security indicators
E000322,U007,login,0.0,0.0,0,0.0,0,0,0,0.0,0.0,0.0,0.0,0.0,0.0,0.0,0.0,0.0,0.0,0.0,0.0,0,0.0,LOW,0,NO MODEL DETECTION,NO IMMEDIATE ACTION,No significant security indicators
E000324,U007,file_access,0.0,0.0,0,0.0,0,0,0,0.0,0.0,0.0,0.0,0.0,0.0,0.0,0.0,0.0,0.0,0.0,0.0,0,0.0,LOW,0,NO MODEL DETECTION,NO IMMEDIATE ACTION,No significant security indicators
E000396,U007,file_access,0.0,0.0,0,0.0,0,0,1,0.0,0.0,0.0,0.0,0.0,0.0,0.0,0.0,0.0,0.0,0.0,0.0,1,0.0,LOW,0,NO MODEL DETECTION,NO IMMEDIATE ACTION,Weekend activity
E000470,U007,login,0.0,0.0,0,0.0,0,0,1,0.0,0.0,0.0,0.0,0.0,0.0,0.0,0.0,0.0,0.0,0.0,0.0,1,0.0,LOW,0,NO MODEL DETECTION,NO IMMEDIATE ACTION,Weekend activity
E000482,U007,file_access,0.0,0.0,0,0.0,0,0,1,0.0,0.0,0.0,0.0,0.0,0.0,0.0,0.0,0.0,0.0,0.0,0.0,1,0.0,LOW,0,NO MODEL DETECTION,NO IMMEDIATE ACTION,Weekend activity
E000468,U017,file_access,0.0,0.0,0,0.0,0,0,1,0.0,0.0,0.0,0.0,0.0,0.0,0.0,0.0,0.0,0.0,0.0,0.0,1,0.0,LOW,0,NO MODEL DETECTION,NO IMMEDIATE ACTION,Weekend activity
E000545,U017,login,0.0,0.0,0,0.0,0,0,0,0.0,0.0,0.0,0.0,0.0,0.0,0.0,0.0,0.0,0.0,0.0,0.0,0,0.0,LOW,0,NO MODEL DETECTION,NO IMMEDIATE ACTION,No significant security indicators
E000552,U017,file_access,0.0,0.0,0,0.0,0,0,0,0.0,0.0,0.0,0.0,0.0,0.0,0.0,0.0,0.0,0.0,0.0,0.0,0,0.0,LOW,0,NO MODEL DETECTION,NO IMMEDIATE ACTION,No significant security indicators
E000556,U017,file_access,0.0,0.0,0,0.0,0,0,0,0.0,0.0,0.0,0.0,0.0,0.0,0.0,0.0,0.0,0.0,0.0,0.0,0,0.0,LOW,0,NO MODEL DETECTION,NO IMMEDIATE ACTION,No significant security indicators
E000625,U017,login,0.0,0.0,0,0.0,0,0,0,0.0,0.0,0.0,0.0,0.0,0.0,0.0,0.0,0.0,0.0,0.0,0.0,0,0.0,LOW,0,NO MODEL DETECTION,NO IMMEDIATE ACTION,No significant security indicators
E000707,U017,login,0.0,0.0,0,0.0,0,0,0,0.0,0.0,0.0,0.0,0.0,0.0,0.0,0.0,0.0,0.0,0.0,0.0,0,0.0,LOW,0,NO MODEL DETECTION,NO IMMEDIATE ACTION,No significant security indicators
E000716,U017,file_access,0.0,0.0,0,0.0,0,0,0,0.0,0.0,0.0,0.0,0.0,0.0,0.0,0.0,0.0,0.0,0.0,0.0,0,0.0,LOW,0,NO MODEL DETECTION,NO IMMEDIATE ACTION,No significant security indicators
E000216,U003,file_access,0.0,0.0,0,0.0,0,0,0,0.0,0.0,0.0,0.0,0.0,0.0,0.0,0.0,0.0,0.0,0.0,0.0,0,0.0,LOW,0,NO MODEL DETECTION,NO IMMEDIATE ACTION,No significant security indicators
E000039,U018,file_access,0.0,0.0,0,0.0,0,0,0,0.0,0.0,0.0,0.0,0.0,0.0,0.0,0.0,0.0,0.0,0.0,0.0,0,0.0,LOW,0,NO MODEL DETECTION,NO IMMEDIATE ACTION,No significant security indicators
E000498,U010,file_access,0.0,0.0,0,0.0,0,0,1,0.0,0.0,0.0,0.0,0.0,0.0,0.0,0.0,0.0,0.0,0.0,0.0,1,0.0,LOW,0,NO MODEL DETECTION,NO IMMEDIATE ACTION,Weekend activity
E000565,U010,file_access,0.0,0.0,0,0.0,0,0,0,0.0,0.0,0.0,0.0,0.0,0.0,0.0,0.0,0.0,0.0,0.0,0.0,0,0.0,LOW,0,NO MODEL DETECTION,NO IMMEDIATE ACTION,No significant security indicators
E000348,U008,login,0.0,0.0,0,0.0,0,0,0,0.0,0.0,0.0,0.0,0.0,0.0,0.0,0.0,0.0,0.0,0.0,0.0,0,0.0,LOW,0,NO MODEL DETECTION,NO IMMEDIATE ACTION,No significant security indicators
E000613,U001,file_access,0.0,0.0,0,0.0,0,0,0,0.0,0.0,0.0,0.0,0.0,0.0,0.0,0.0,0.0,0.0,0.0,0.0,0,0.0,LOW,0,NO MODEL DETECTION,NO IMMEDIATE ACTION,No significant security indicators
E000019,U002,login,0.0,0.0,0,0.0,0,0,0,0.0,0.0,0.0,0.0,0.0,0.0,0.0,0.0,0.0,0.0,0.0,0.0,0,0.0,LOW,0,NO MODEL DETECTION,NO IMMEDIATE ACTION,No significant security indicators
E000023,U002,file_access,0.0,0.0,0,0.0,0,0,0,0.0,0.0,0.0,0.0,0.0,0.0,0.0,0.0,0.0,0.0,0.0,0.0,0,0.0,LOW,0,NO MODEL DETECTION,NO IMMEDIATE ACTION,No significant security indicators
E000467,U009,login,0.0,0.0,0,0.0,0,0,1,0.0,0.0,0.0,0.0,0.0,0.0,0.0,0.0,0.0,0.0,0.0,0.0,1,0.0,LOW,0,NO MODEL DETECTION,NO IMMEDIATE ACTION,Weekend activity
E000541,U009,file_access,0.0,0.0,0,0.0,0,0,0,0.0,0.0,0.0,0.0,0.0,0.0,0.0,0.0,0.0,0.0,0.0,0.0,0,0.0,LOW,0,NO MODEL DETECTION,NO IMMEDIATE ACTION,No significant security indicators
E000612,U009,login,0.0,0.0,0,0.0,0,0,0,0.0,0.0,0.0,0.0,0.0,0.0,0.0,0.0,0.0,0.0,0.0,0.0,0,0.0,LOW,0,NO MODEL DETECTION,NO IMMEDIATE ACTION,No significant security indicators
E000628,U009,file_access,0.0,0.0,0,0.0,0,0,0,0.0,0.0,0.0,0.0,0.0,0.0,0.0,0.0,0.0,0.0,0.0,0.0,0,0.0,LOW,0,NO MODEL DETECTION,NO IMMEDIATE ACTION,No significant security indicators
E000685,U009,file_access,0.0,0.0,0,0.0,0,0,0,0.0,0.0,0.0,0.0,0.0,0.0,0.0,0.0,0.0,0.0,0.0,0.0,0,0.0,LOW,0,NO MODEL DETECTION,NO IMMEDIATE ACTION,No significant security indicators
E000062,U010,file_access,0.0,0.0,0,0.0,0,0,0,0.0,0.0,0.0,0.0,0.0,0.0,0.0,0.0,0.0,0.0,0.0,0.0,0,0.0,LOW,0,NO MODEL DETECTION,NO IMMEDIATE ACTION,No significant security indicators
E000119,U018,login,0.0,0.0,0,0.0,0,0,0,0.0,0.0,0.0,0.0,0.0,0.0,0.0,0.0,0.0,0.0,0.0,0.0,0,0.0,LOW,0,NO MODEL DETECTION,NO IMMEDIATE ACTION,No significant security indicators
E000123,U018,file_access,0.0,0.0,0,0.0,0,0,0,0.0,0.0,0.0,0.0,0.0,0.0,0.0,0.0,0.0,0.0,0.0,0.0,0,0.0,LOW,0,NO MODEL DETECTION,NO IMMEDIATE ACTION,No significant security indicators
E000261,U018,login,0.0,0.0,0,0.0,0,0,0,0.0,0.0,0.0,0.0,0.0,0.0,0.0,0.0,0.0,0.0,0.0,0.0,0,0.0,LOW,0,NO MODEL DETECTION,NO IMMEDIATE ACTION,No significant security indicators
E000271,U018,file_access,0.0,0.0,0,0.0,0,0,0,0.0,0.0,0.0,0.0,0.0,0.0,0.0,0.0,0.0,0.0,0.0,0.0,0,0.0,LOW,0,NO MODEL DETECTION,NO IMMEDIATE ACTION,No significant security indicators
E000327,U018,login,0.0,0.0,0,0.0,0,0,0,0.0,0.0,0.0,0.0,0.0,0.0,0.0,0.0,0.0,0.0,0.0,0.0,0,0.0,LOW,0,NO MODEL DETECTION,NO IMMEDIATE ACTION,No significant security indicators
E000338,U018,file_access,0.0,0.0,0,0.0,0,0,0,0.0,0.0,0.0,0.0,0.0,0.0,0.0,0.0,0.0,0.0,0.0,0.0,0,0.0,LOW,0,NO MODEL DETECTION,NO IMMEDIATE ACTION,No significant security indicators
E000029,U007,login,0.0,0.0,0,0.0,0,0,0,0.0,0.0,0.0,0.0,0.0,0.0,0.0,0.0,0.0,0.0,0.0,0.0,0,0.0,LOW,0,NO MODEL DETECTION,NO IMMEDIATE ACTION,No significant security indicators
E000036,U007,file_access,0.0,0.0,0,0.0,0,0,0,0.0,0.0,0.0,0.0,0.0,0.0,0.0,0.0,0.0,0.0,0.0,0.0,0,0.0,LOW,0,NO MODEL DETECTION,NO IMMEDIATE ACTION,No significant security indicators
E000103,U007,login,0.0,0.0,0,0.0,0,0,0,0.0,0.0,0.0,0.0,0.0,0.0,0.0,0.0,0.0,0.0,0.0,0.0,0,0.0,LOW,0,NO MODEL DETECTION,NO IMMEDIATE ACTION,No significant security indicators
E000132,U007,transaction,0.0,0.0,0,0.0,0,0,0,0.0,0.0,0.0,0.0,0.0,0.0,0.0,0.0,0.0,0.0,0.0,0.0,0,0.0,LOW,0,NO MODEL DETECTION,NO IMMEDIATE ACTION,No significant security indicators
E000185,U007,login,0.0,0.0,0,0.0,0,0,0,0.0,0.0,0.0,0.0,0.0,0.0,0.0,0.0,0.0,0.0,0.0,0.0,0,0.0,LOW,0,NO MODEL DETECTION,NO IMMEDIATE ACTION,No significant security indicators
E000248,U011,file_access,0.0,0.0,0,0.0,0,0,0,0.0,0.0,0.0,0.0,0.0,0.0,0.0,0.0,0.0,0.0,0.0,0.0,0,0.0,LOW,0,NO MODEL DETECTION,NO IMMEDIATE ACTION,No significant security indicators
E000250,U011,file_access,0.0,0.0,0,0.0,0,0,0,0.0,0.0,0.0,0.0,0.0,0.0,0.0,0.0,0.0,0.0,0.0,0.0,0,0.0,LOW,0,NO MODEL DETECTION,NO IMMEDIATE ACTION,No significant security indicators
E000542,U001,file_access,0.0,0.0,0,0.0,0,0,0,0.0,0.0,0.0,0.0,0.0,0.0,0.0,0.0,0.0,0.0,0.0,0.0,0,0.0,LOW,0,NO MODEL DETECTION,NO IMMEDIATE ACTION,No significant security indicators
E000604,U001,login,0.0,0.0,0,0.0,0,0,0,0.0,0.0,0.0,0.0,0.0,0.0,0.0,0.0,0.0,0.0,0.0,0.0,0,0.0,LOW,0,NO MODEL DETECTION,NO IMMEDIATE ACTION,No significant security indicators
E000224,U010,transaction,0.0,0.0,0,0.0,0,0,0,0.0,0.0,0.0,0.0,0.0,0.0,0.0,0.0,0.0,0.0,0.0,0.0,0,0.0,LOW,0,NO MODEL DETECTION,NO IMMEDIATE ACTION,No significant security indicators
E000288,U010,file_access,0.0,0.0,0,0.0,0,0,0,0.0,0.0,0.0,0.0,0.0,0.0,0.0,0.0,0.0,0.0,0.0,0.0,0,0.0,LOW,0,NO MODEL DETECTION,NO IMMEDIATE ACTION,No significant security indicators
E000295,U010,transaction,0.0,0.0,0,0.0,0,0,0,0.0,0.0,0.0,0.0,0.0,0.0,0.0,0.0,0.0,0.0,0.0,0.0,0,0.0,LOW,0,NO MODEL DETECTION,NO IMMEDIATE ACTION,No significant security indicators
E000359,U010,file_access,0.0,0.0,0,0.0,0,0,0,0.0,0.0,0.0,0.0,0.0,0.0,0.0,0.0,0.0,0.0,0.0,0.0,0,0.0,LOW,0,NO MODEL DETECTION,NO IMMEDIATE ACTION,No significant security indicators
E000436,U010,transaction,0.0,0.0,0,0.0,0,0,1,0.0,0.0,0.0,0.0,0.0,0.0,0.0,0.0,0.0,0.0,0.0,0.0,1,0.0,LOW,0,NO MODEL DETECTION,NO IMMEDIATE ACTION,Weekend activity
E000408,U018,login,0.0,0.0,0,0.0,0,0,1,0.0,0.0,0.0,0.0,0.0,0.0,0.0,0.0,0.0,0.0,0.0,0.0,1,0.0,LOW,0,NO MODEL DETECTION,NO IMMEDIATE ACTION,Weekend activity
E000477,U018,login,0.0,0.0,0,0.0,0,0,1,0.0,0.0,0.0,0.0,0.0,0.0,0.0,0.0,0.0,0.0,0.0,0.0,1,0.0,LOW,0,NO MODEL DETECTION,NO IMMEDIATE ACTION,Weekend activity
E000485,U018,file_access,0.0,0.0,0,0.0,0,0,1,0.0,0.0,0.0,0.0,0.0,0.0,0.0,0.0,0.0,0.0,0.0,0.0,1,0.0,LOW,0,NO MODEL DETECTION,NO IMMEDIATE ACTION,Weekend activity
E000549,U018,login,0.0,0.0,0,0.0,0,0,0,0.0,0.0,0.0,0.0,0.0,0.0,0.0,0.0,0.0,0.0,0.0,0.0,0,0.0,LOW,0,NO MODEL DETECTION,NO IMMEDIATE ACTION,No significant security indicators
E000292,U003,file_access,0.0,0.0,0,0.0,0,0,0,0.0,0.0,0.0,0.0,0.0,0.0,0.0,0.0,0.0,0.0,0.0,0.0,0,0.0,LOW,0,NO MODEL DETECTION,NO IMMEDIATE ACTION,No significant security indicators
E000352,U003,file_access,0.0,0.0,0,0.0,0,0,0,0.0,0.0,0.0,0.0,0.0,0.0,0.0,0.0,0.0,0.0,0.0,0.0,0,0.0,LOW,0,NO MODEL DETECTION,NO IMMEDIATE ACTION,No significant security indicators
E000725,U005,file_access,0.0,0.0,0,0.0,0,0,0,0.0,0.0,0.0,0.0,0.0,0.0,0.0,0.0,0.0,0.0,0.0,0.0,0,0.0,LOW,0,NO MODEL DETECTION,NO IMMEDIATE ACTION,No significant security indicators
E000729,U005,transaction,0.0,0.0,0,0.0,0,0,0,0.0,0.0,0.0,0.0,0.0,0.0,0.0,0.0,0.0,0.0,0.0,0.0,0,0.0,LOW,0,NO MODEL DETECTION,NO IMMEDIATE ACTION,No significant security indicators
E000357,U003,file_access,0.0,0.0,0,0.0,0,0,0,0.0,0.0,0.0,0.0,0.0,0.0,0.0,0.0,0.0,0.0,0.0,0.0,0,0.0,LOW,0,NO MODEL DETECTION,NO IMMEDIATE ACTION,No significant security indicators
E000699,U018,file_access,0.0,0.0,0,0.0,0,0,0,0.0,0.0,0.0,0.0,0.0,0.0,0.0,0.0,0.0,0.0,0.0,0.0,0,0.0,LOW,0,NO MODEL DETECTION,NO IMMEDIATE ACTION,No significant security indicators
E000425,U003,file_access,0.0,0.0,0,0.0,0,0,1,0.0,0.0,0.0,0.0,0.0,0.0,0.0,0.0,0.0,0.0,0.0,0.0,1,0.0,LOW,0,NO MODEL DETECTION,NO IMMEDIATE ACTION,Weekend activity
E000430,U003,file_access,0.0,0.0,0,0.0,0,0,1,0.0,0.0,0.0,0.0,0.0,0.0,0.0,0.0,0.0,0.0,0.0,0.0,1,0.0,LOW,0,NO MODEL DETECTION,NO IMMEDIATE ACTION,Weekend activity
E000346,U005,file_access,0.0,0.0,0,0.0,0,0,0,0.0,0.0,0.0,0.0,0.0,0.0,0.0,0.0,0.0,0.0,0.0,0.0,0,0.0,LOW,0,NO MODEL DETECTION,NO IMMEDIATE ACTION,No significant security indicators
E000354,U005,file_access,0.0,0.0,0,0.0,0,0,0,0.0,0.0,0.0,0.0,0.0,0.0,0.0,0.0,0.0,0.0,0.0,0.0,0,0.0,LOW,0,NO MODEL DETECTION,NO IMMEDIATE ACTION,No significant security indicators
E000431,U005,transaction,0.0,0.0,0,0.0,0,0,1,0.0,0.0,0.0,0.0,0.0,0.0,0.0,0.0,0.0,0.0,0.0,0.0,1,0.0,LOW,0,NO MODEL DETECTION,NO IMMEDIATE ACTION,Weekend activity
E000487,U011,file_access,0.0,0.0,0,0.0,0,0,1,0.0,0.0,0.0,0.0,0.0,0.0,0.0,0.0,0.0,0.0,0.0,0.0,1,0.0,LOW,0,NO MODEL DETECTION,NO IMMEDIATE ACTION,Weekend activity
E000535,U011,file_access,0.0,0.0,0,0.0,0,0,0,0.0,0.0,0.0,0.0,0.0,0.0,0.0,0.0,0.0,0.0,0.0,0.0,0,0.0,LOW,0,NO MODEL DETECTION,NO IMMEDIATE ACTION,No significant security indicators
E000617,U011,login,0.0,0.0,0,0.0,0,0,0,0.0,0.0,0.0,0.0,0.0,0.0,0.0,0.0,0.0,0.0,0.0,0.0,0,0.0,LOW,0,NO MODEL DETECTION,NO IMMEDIATE ACTION,No significant security indicators
E000533,U001,login,0.0,0.0,0,0.0,0,0,0,0.0,0.0,0.0,0.0,0.0,0.0,0.0,0.0,0.0,0.0,0.0,0.0,0,0.0,LOW,0,NO MODEL DETECTION,NO IMMEDIATE ACTION,No significant security indicators
E000018,U001,login,0.0,0.0,0,0.0,0,0,0,0.0,0.0,0.0,0.0,0.0,0.0,0.0,0.0,0.0,0.0,0.0,0.0,0,0.0,LOW,0,NO MODEL DETECTION,NO IMMEDIATE ACTION,No significant security indicators
E000733,U010,file_access,0.0,0.0,0,0.0,0,0,0,0.0,0.0,0.0,0.0,0.0,0.0,0.0,0.0,0.0,0.0,0.0,0.0,0,0.0,LOW,0,NO MODEL DETECTION,NO IMMEDIATE ACTION,No significant security indicators
E000110,U011,login,0.0,0.0,0,0.0,0,0,0,0.0,0.0,0.0,0.0,0.0,0.0,0.0,0.0,0.0,0.0,0.0,0.0,0,0.0,LOW,0,NO MODEL DETECTION,NO IMMEDIATE ACTION,No significant security indicators
E000179,U011,file_access,0.0,0.0,0,0.0,0,0,0,0.0,0.0,0.0,0.0,0.0,0.0,0.0,0.0,0.0,0.0,0.0,0.0,0,0.0,LOW,0,NO MODEL DETECTION,NO IMMEDIATE ACTION,No significant security indicators
E000100,U001,login,0.0,0.0,0,0.0,0,0,0,0.0,0.0,0.0,0.0,0.0,0.0,0.0,0.0,0.0,0.0,0.0,0.0,0,0.0,LOW,0,NO MODEL DETECTION,NO IMMEDIATE ACTION,No significant security indicators
E000500,U005,file_access,0.0,0.0,0,0.0,0,0,1,0.0,0.0,0.0,0.0,0.0,0.0,0.0,0.0,0.0,0.0,0.0,0.0,1,0.0,LOW,0,NO MODEL DETECTION,NO IMMEDIATE ACTION,Weekend activity
E000567,U005,file_access,0.0,0.0,0,0.0,0,0,0,0.0,0.0,0.0,0.0,0.0,0.0,0.0,0.0,0.0,0.0,0.0,0.0,0,0.0,LOW,0,NO MODEL DETECTION,NO IMMEDIATE ACTION,No significant security indicators
E000577,U005,file_access,0.0,0.0,0,0.0,0,0,0,0.0,0.0,0.0,0.0,0.0,0.0,0.0,0.0,0.0,0.0,0.0,0.0,0,0.0,LOW,0,NO MODEL DETECTION,NO IMMEDIATE ACTION,No significant security indicators
E000651,U005,file_access,0.0,0.0,0,0.0,0,0,0,0.0,0.0,0.0,0.0,0.0,0.0,0.0,0.0,0.0,0.0,0.0,0.0,0,0.0,LOW,0,NO MODEL DETECTION,NO IMMEDIATE ACTION,No significant security indicators
E000503,U003,file_access,0.0,0.0,0,0.0,0,0,1,0.0,0.0,0.0,0.0,0.0,0.0,0.0,0.0,0.0,0.0,0.0,0.0,1,0.0,LOW,0,NO MODEL DETECTION,NO IMMEDIATE ACTION,Weekend activity
E000572,U003,file_access,0.0,0.0,0,0.0,0,0,0,0.0,0.0,0.0,0.0,0.0,0.0,0.0,0.0,0.0,0.0,0.0,0.0,0,0.0,LOW,0,NO MODEL DETECTION,NO IMMEDIATE ACTION,No significant security indicators
E000530,U004,file_access,0.0,0.0,0,0.0,0,0,0,0.0,0.0,0.0,0.0,0.0,0.0,0.0,0.0,0.0,0.0,0.0,0.0,0,0.0,LOW,0,NO MODEL DETECTION,NO IMMEDIATE ACTION,No significant security indicators
E000616,U004,file_access,0.0,0.0,0,0.0,0,0,0,0.0,0.0,0.0,0.0,0.0,0.0,0.0,0.0,0.0,0.0,0.0,0.0,0,0.0,LOW,0,NO MODEL DETECTION,NO IMMEDIATE ACTION,No significant security indicators
E000064,U005,file_access,0.0,0.0,0,0.0,0,0,0,0.0,0.0,0.0,0.0,0.0,0.0,0.0,0.0,0.0,0.0,0.0,0.0,0,0.0,LOW,0,NO MODEL DETECTION,NO IMMEDIATE ACTION,No significant security indicators
E000069,U005,transaction,0.0,0.0,0,0.0,0,0,0,0.0,0.0,0.0,0.0,0.0,0.0,0.0,0.0,0.0,0.0,0.0,0.0,0,0.0,LOW,0,NO MODEL DETECTION,NO IMMEDIATE ACTION,No significant security indicators
E000186,U001,file_access,0.0,0.0,0,0.0,0,0,0,0.0,0.0,0.0,0.0,0.0,0.0,0.0,0.0,0.0,0.0,0.0,0.0,0,0.0,LOW,0,NO MODEL DETECTION,NO IMMEDIATE ACTION,No significant security indicators
E000200,U001,transaction,0.0,0.0,0,0.0,0,0,0,0.0,0.0,0.0,0.0,0.0,0.0,0.0,0.0,0.0,0.0,0.0,0.0,0,0.0,LOW,0,NO MODEL DETECTION,NO IMMEDIATE ACTION,No significant security indicators
E000386,U001,login,0.0,0.0,0,0.0,0,0,1,0.0,0.0,0.0,0.0,0.0,0.0,0.0,0.0,0.0,0.0,0.0,0.0,1,0.0,LOW,0,NO MODEL DETECTION,NO IMMEDIATE ACTION,Weekend activity
E000406,U001,file_access,0.0,0.0,0,0.0,0,0,1,0.0,0.0,0.0,0.0,0.0,0.0,0.0,0.0,0.0,0.0,0.0,0.0,1,0.0,LOW,0,NO MODEL DETECTION,NO IMMEDIATE ACTION,Weekend activity
E000316,U011,login,0.0,0.0,0,0.0,0,0,0,0.0,0.0,0.0,0.0,0.0,0.0,0.0,0.0,0.0,0.0,0.0,0.0,0,0.0,LOW,0,NO MODEL DETECTION,NO IMMEDIATE ACTION,No significant security indicators
E000320,U011,file_access,0.0,0.0,0,0.0,0,0,0,0.0,0.0,0.0,0.0,0.0,0.0,0.0,0.0,0.0,0.0,0.0,0.0,0,0.0,LOW,0,NO MODEL DETECTION,NO IMMEDIATE ACTION,No significant security indicators
E000121,U001,file_access,0.0,0.0,0,0.0,0,0,0,0.0,0.0,0.0,0.0,0.0,0.0,0.0,0.0,0.0,0.0,0.0,0.0,0,0.0,LOW,0,NO MODEL DETECTION,NO IMMEDIATE ACTION,No significant security indicators
E000382,U011,login,0.0,0.0,0,0.0,0,0,1,0.0,0.0,0.0,0.0,0.0,0.0,0.0,0.0,0.0,0.0,0.0,0.0,1,0.0,LOW,0,NO MODEL DETECTION,NO IMMEDIATE ACTION,Weekend activity
E000471,U011,login,0.0,0.0,0,0.0,0,0,1,0.0,0.0,0.0,0.0,0.0,0.0,0.0,0.0,0.0,0.0,0.0,0.0,1,0.0,LOW,0,NO MODEL DETECTION,NO IMMEDIATE ACTION,Weekend activity
E000478,U011,file_access,0.0,0.0,0,0.0,0,0,1,0.0,0.0,0.0,0.0,0.0,0.0,0.0,0.0,0.0,0.0,0.0,0.0,1,0.0,LOW,0,NO MODEL DETECTION,NO IMMEDIATE ACTION,Weekend activity
E000496,U020,login,0.0,0.0,0,0.0,0,0,1,0.0,0.0,0.0,0.0,0.0,0.0,0.0,0.0,0.0,0.0,0.0,0.0,1,0.0,LOW,0,NO MODEL DETECTION,NO IMMEDIATE ACTION,Weekend activity
E000112,U004,file_access,0.0,0.0,0,0.0,0,0,0,0.0,0.0,0.0,0.0,0.0,0.0,0.0,0.0,0.0,0.0,0.0,0.0,0,0.0,LOW,0,NO MODEL DETECTION,NO IMMEDIATE ACTION,No significant security indicators
E000564,U020,file_access,0.0,0.0,0,0.0,0,0,0,0.0,0.0,0.0,0.0,0.0,0.0,0.0,0.0,0.0,0.0,0.0,0.0,0,0.0,LOW,0,NO MODEL DETECTION,NO IMMEDIATE ACTION,No significant security indicators
E000646,U020,login,0.0,0.0,0,0.0,0,0,0,0.0,0.0,0.0,0.0,0.0,0.0,0.0,0.0,0.0,0.0,0.0,0.0,0,0.0,LOW,0,NO MODEL DETECTION,NO IMMEDIATE ACTION,No significant security indicators
E000655,U020,file_access,0.0,0.0,0,0.0,0,0,0,0.0,0.0,0.0,0.0,0.0,0.0,0.0,0.0,0.0,0.0,0.0,0.0,0,0.0,LOW,0,NO MODEL DETECTION,NO IMMEDIATE ACTION,No significant security indicators
E000722,U020,login,0.0,0.0,0,0.0,0,0,0,0.0,0.0,0.0,0.0,0.0,0.0,0.0,0.0,0.0,0.0,0.0,0.0,0,0.0,LOW,0,NO MODEL DETECTION,NO IMMEDIATE ACTION,No significant security indicators
E000730,U020,file_access,0.0,0.0,0,0.0,0,0,0,0.0,0.0,0.0,0.0,0.0,0.0,0.0,0.0,0.0,0.0,0.0,0.0,0,0.0,LOW,0,NO MODEL DETECTION,NO IMMEDIATE ACTION,No significant security indicators
E000631,U011,file_access,0.0,0.0,0,0.0,0,0,0,0.0,0.0,0.0,0.0,0.0,0.0,0.0,0.0,0.0,0.0,0.0,0.0,0,0.0,LOW,0,NO MODEL DETECTION,NO IMMEDIATE ACTION,No significant security indicators
E000689,U011,login,0.0,0.0,0,0.0,0,0,0,0.0,0.0,0.0,0.0,0.0,0.0,0.0,0.0,0.0,0.0,0.0,0.0,0,0.0,LOW,0,NO MODEL DETECTION,NO IMMEDIATE ACTION,No significant security indicators
E000713,U011,file_access,0.0,0.0,0,0.0,0,0,0,0.0,0.0,0.0,0.0,0.0,0.0,0.0,0.0,0.0,0.0,0.0,0.0,0,0.0,LOW,0,NO MODEL DETECTION,NO IMMEDIATE ACTION,No significant security indicators
E000177,U001,login,0.0,0.0,0,0.0,0,0,0,0.0,0.0,0.0,0.0,0.0,0.0,0.0,0.0,0.0,0.0,0.0,0.0,0,0.0,LOW,0,NO MODEL DETECTION,NO IMMEDIATE ACTION,No significant security indicators
