event_id,user_id,event_type,m2_behavior_score,ml_attack_probability,ml_attack_prediction,isolation_risk_score,isolation_forest_prediction,contextual_risk_score,sequence_progression_score,m12_risk_score,m12_risk_level,m13_detection_confidence,m13_risk_score,m13_risk_level,m13_attack_prediction,model_agreement,m13_risk_factors,m13_explanation,m13_recommended_action
E000669,U002,transaction,55.0,99.0,1,98.6134080237774,1,41.05,70.02,77.05,HIGH,100.0,97.05,CRITICAL,1,BOTH MODELS,HIGH BEHAVIOUR DEVIATION | HIGH RANDOM FOREST RISK | HIGH ISOLATION FOREST ANOMALY | ELEVATED CONTEXTUAL RISK | SUSPICIOUS EVENT SEQUENCE | INDEPENDENT MODEL AGREEMENT,Random Forest and Isolation Forest independently identified this event as suspicious,IMMEDIATE INVESTIGATION AND CONTAINMENT
E000591,U001,transaction,55.0,98.75,1,98.6134080237774,1,41.05,70.02,76.96,HIGH,100.0,96.96,CRITICAL,1,BOTH MODELS,HIGH BEHAVIOUR DEVIATION | HIGH RANDOM FOREST RISK | HIGH ISOLATION FOREST ANOMALY | ELEVATED CONTEXTUAL RISK | SUSPICIOUS EVENT SEQUENCE | INDEPENDENT MODEL AGREEMENT,Random Forest and Isolation Forest independently identified this event as suspicious,IMMEDIATE INVESTIGATION AND CONTAINMENT
E000667,U002,beneficiary_change,40.2,100.0,1,100.0,1,20.8,44.9,68.63,HIGH,100.0,86.63,CRITICAL,1,BOTH MODELS,HIGH BEHAVIOUR DEVIATION | HIGH RANDOM FOREST RISK | HIGH ISOLATION FOREST ANOMALY | ELEVATED CONTEXTUAL RISK | SUSPICIOUS EVENT SEQUENCE | INDEPENDENT MODEL AGREEMENT,Random Forest and Isolation Forest independently identified this event as suspicious,IMMEDIATE INVESTIGATION AND CONTAINMENT
E000590,U001,beneficiary_change,40.2,100.0,1,100.0,1,20.8,44.9,68.63,HIGH,100.0,86.63,CRITICAL,1,BOTH MODELS,HIGH BEHAVIOUR DEVIATION | HIGH RANDOM FOREST RISK | HIGH ISOLATION FOREST ANOMALY | ELEVATED CONTEXTUAL RISK | SUSPICIOUS EVENT SEQUENCE | INDEPENDENT MODEL AGREEMENT,Random Forest and Isolation Forest independently identified this event as suspicious,IMMEDIATE INVESTIGATION AND CONTAINMENT
E000666,U002,file_access,33.0,96.5,1,83.10241956040129,1,20.55,44.78,62.67,HIGH,99.8,80.67,CRITICAL,1,BOTH MODELS,HIGH BEHAVIOUR DEVIATION | HIGH RANDOM FOREST RISK | HIGH ISOLATION FOREST ANOMALY | ELEVATED CONTEXTUAL RISK | SUSPICIOUS EVENT SEQUENCE | INDEPENDENT MODEL AGREEMENT,Random Forest and Isolation Forest independently identified this event as suspicious,IMMEDIATE INVESTIGATION AND CONTAINMENT
E000588,U001,file_access,33.0,96.5,1,83.10241956040129,1,20.55,44.78,62.67,HIGH,99.8,80.67,CRITICAL,1,BOTH MODELS,HIGH BEHAVIOUR DEVIATION | HIGH RANDOM FOREST RISK | HIGH ISOLATION FOREST ANOMALY | ELEVATED CONTEXTUAL RISK | SUSPICIOUS EVENT SEQUENCE | INDEPENDENT MODEL AGREEMENT,Random Forest and Isolation Forest independently identified this event as suspicious,IMMEDIATE INVESTIGATION AND CONTAINMENT
E000664,U002,permission_change,33.2,86.75,1,97.14581573723414,1,19.77,34.39,60.31,HIGH,100.0,76.31,HIGH,1,BOTH MODELS,HIGH BEHAVIOUR DEVIATION | HIGH RANDOM FOREST RISK | HIGH ISOLATION FOREST ANOMALY | SUSPICIOUS EVENT SEQUENCE | INDEPENDENT MODEL AGREEMENT,Random Forest and Isolation Forest independently identified this event as suspicious,HIGH PRIORITY SECURITY INVESTIGATION
E000586,U001,permission_change,33.2,86.75,1,97.14581573723414,1,19.77,34.39,60.31,HIGH,100.0,76.31,HIGH,1,BOTH MODELS,HIGH BEHAVIOUR DEVIATION | HIGH RANDOM FOREST RISK | HIGH ISOLATION FOREST ANOMALY | SUSPICIOUS EVENT SEQUENCE | INDEPENDENT MODEL AGREEMENT,Random Forest and Isolation Forest independently identified this event as suspicious,HIGH PRIORITY SECURITY INVESTIGATION
E000663,U002,login,29.1,77.75,1,90.80383560384166,1,34.0,4.0,53.36,MEDIUM,94.28,68.36,HIGH,1,BOTH MODELS,HIGH ISOLATION FOREST ANOMALY | ELEVATED CONTEXTUAL RISK | INDEPENDENT MODEL AGREEMENT,Random Forest and Isolation Forest independently identified this event as suspicious,HIGH PRIORITY SECURITY INVESTIGATION
E000585,U001,login,29.1,77.75,1,90.80383560384166,1,34.0,4.0,53.36,MEDIUM,94.28,68.36,HIGH,1,BOTH MODELS,HIGH ISOLATION FOREST ANOMALY | ELEVATED CONTEXTUAL RISK | INDEPENDENT MODEL AGREEMENT,Random Forest and Isolation Forest independently identified this event as suspicious,HIGH PRIORITY SECURITY INVESTIGATION
E000508,U013,login,24.2,4.25,0,82.46080534402634,0,15.0,0.0,22.62,LOW-MODERATE,43.36,25.62,LOW-MODERATE,0,NO MODEL DETECTION,HIGH ISOLATION FOREST ANOMALY,No strong independent detection signal,MONITOR EVENT
E000580,U019,login,22.1,3.25,0,72.23617204668587,0,15.0,0.0,20.1,LOW-MODERATE,37.74,20.1,LOW-MODERATE,0,NO MODEL DETECTION,NO SIGNIFICANT RISK FACTORS,No strong independent detection signal,MONITOR EVENT
E000582,U019,transaction,9.0,0.0,0,69.67966914271835,0,25.1,8.57,16.52,LOW,34.84,16.52,LOW,0,NO MODEL DETECTION,ELEVATED CONTEXTUAL RISK,Elevated contextual risk detected,NO IMMEDIATE ACTION
E000275,U005,login,20.0,0.5,0,68.92555769387717,0,0.0,0.0,16.51,LOW,34.71,16.51,LOW,0,NO MODEL DETECTION,NO SIGNIFICANT RISK FACTORS,No strong independent detection signal,NO IMMEDIATE ACTION
E000679,U012,transaction,9.0,0.0,0,69.67966914271835,0,23.32,7.24,16.21,LOW,34.84,16.21,LOW,0,NO MODEL DETECTION,ELEVATED CONTEXTUAL RISK,Elevated contextual risk detected,NO IMMEDIATE ACTION
E000426,U003,transaction,9.0,0.0,0,69.67966914271835,0,6.81,5.62,14.39,LOW,34.84,14.39,LOW,0,NO MODEL DETECTION,NO SIGNIFICANT RISK FACTORS,No strong independent detection signal,NO IMMEDIATE ACTION
E000211,U020,transaction,9.0,0.0,0,69.67966914271835,0,5.3,4.97,14.18,LOW,34.84,14.18,LOW,0,NO MODEL DETECTION,NO SIGNIFICANT RISK FACTORS,No strong independent detection signal,NO IMMEDIATE ACTION
E000045,U018,transaction,9.0,0.0,0,69.67966914271835,0,4.82,4.62,14.1,LOW,34.84,14.1,LOW,0,NO MODEL DETECTION,NO SIGNIFICANT RISK FACTORS,No strong independent detection signal,NO IMMEDIATE ACTION
E000335,U011,transaction,7.5,0.0,0,67.05270608141142,0,4.66,4.5,13.22,LOW,33.53,13.22,LOW,0,NO MODEL DETECTION,NO SIGNIFICANT RISK FACTORS,No strong independent detection signal,NO IMMEDIATE ACTION
E000629,U017,transaction,6.0,2.0,0,63.06681830964928,0,6.11,5.52,13.12,LOW,32.53,13.12,LOW,0,NO MODEL DETECTION,NO SIGNIFICANT RISK FACTORS,No strong independent detection signal,NO IMMEDIATE ACTION
E000367,U019,login,14.1,0.0,0,46.2256638048616,0,15.0,0.0,12.66,LOW,23.11,12.66,LOW,0,NO MODEL DETECTION,NO SIGNIFICANT RISK FACTORS,No strong independent detection signal,NO IMMEDIATE ACTION
E000509,U006,login,14.1,0.0,0,46.2256638048616,0,15.0,0.0,12.66,LOW,23.11,12.66,LOW,0,NO MODEL DETECTION,NO SIGNIFICANT RISK FACTORS,No strong independent detection signal,NO IMMEDIATE ACTION
E000670,U012,login,14.1,0.0,0,46.2256638048616,0,15.0,0.0,12.66,LOW,23.11,12.66,LOW,0,NO MODEL DETECTION,NO SIGNIFICANT RISK FACTORS,No strong independent detection signal,NO IMMEDIATE ACTION
E000438,U006,login,14.1,0.0,0,46.2256638048616,0,15.0,0.0,12.66,LOW,23.11,12.66,LOW,0,NO MODEL DETECTION,NO SIGNIFICANT RISK FACTORS,No strong independent detection signal,NO IMMEDIATE ACTION
E000658,U019,login,14.1,0.0,0,46.2256638048616,0,15.0,0.0,12.66,LOW,23.11,12.66,LOW,0,NO MODEL DETECTION,NO SIGNIFICANT RISK FACTORS,No strong independent detection signal,NO IMMEDIATE ACTION
E000003,U015,login,14.1,0.0,0,46.2256638048616,0,15.0,0.0,12.66,LOW,23.11,12.66,LOW,0,NO MODEL DETECTION,NO SIGNIFICANT RISK FACTORS,No strong independent detection signal,NO IMMEDIATE ACTION
E000365,U006,login,14.1,0.0,0,46.2256638048616,0,15.0,0.0,12.66,LOW,23.11,12.66,LOW,0,NO MODEL DETECTION,NO SIGNIFICANT RISK FACTORS,No strong independent detection signal,NO IMMEDIATE ACTION
E000440,U013,login,14.1,0.0,0,46.2256638048616,0,15.0,0.0,12.66,LOW,23.11,12.66,LOW,0,NO MODEL DETECTION,NO SIGNIFICANT RISK FACTORS,No strong independent detection signal,NO IMMEDIATE ACTION
E000153,U013,login,14.1,0.0,0,46.2256638048616,0,15.0,0.0,12.66,LOW,23.11,12.66,LOW,0,NO MODEL DETECTION,NO SIGNIFICANT RISK FACTORS,No strong independent detection signal,NO IMMEDIATE ACTION
E000366,U013,login,14.1,0.0,0,46.2256638048616,0,15.0,0.0,12.66,LOW,23.11,12.66,LOW,0,NO MODEL DETECTION,NO SIGNIFICANT RISK FACTORS,No strong independent detection signal,NO IMMEDIATE ACTION
E000657,U013,login,14.1,0.0,0,46.2256638048616,0,15.0,0.0,12.66,LOW,23.11,12.66,LOW,0,NO MODEL DETECTION,NO SIGNIFICANT RISK FACTORS,No strong independent detection signal,NO IMMEDIATE ACTION
E000079,U013,login,14.1,0.0,0,46.2256638048616,0,15.0,0.0,12.66,LOW,23.11,12.66,LOW,0,NO MODEL DETECTION,NO SIGNIFICANT RISK FACTORS,No strong independent detection signal,NO IMMEDIATE ACTION
E000226,U015,login,14.1,0.0,0,46.2256638048616,0,15.0,0.0,12.66,LOW,23.11,12.66,LOW,0,NO MODEL DETECTION,NO SIGNIFICANT RISK FACTORS,No strong independent detection signal,NO IMMEDIATE ACTION
E000002,U019,login,14.1,0.0,0,46.2256638048616,0,15.0,0.0,12.66,LOW,23.11,12.66,LOW,0,NO MODEL DETECTION,NO SIGNIFICANT RISK FACTORS,No strong independent detection signal,NO IMMEDIATE ACTION
E000155,U019,login,14.1,0.0,0,46.2256638048616,0,15.0,0.0,12.66,LOW,23.11,12.66,LOW,0,NO MODEL DETECTION,NO SIGNIFICANT RISK FACTORS,No strong independent detection signal,NO IMMEDIATE ACTION
E000514,U015,login,14.1,0.0,0,46.2256638048616,0,15.0,0.0,12.66,LOW,23.11,12.66,LOW,0,NO MODEL DETECTION,NO SIGNIFICANT RISK FACTORS,No strong independent detection signal,NO IMMEDIATE ACTION
E000442,U019,login,14.1,0.0,0,46.2256638048616,0,15.0,0.0,12.66,LOW,23.11,12.66,LOW,0,NO MODEL DETECTION,NO SIGNIFICANT RISK FACTORS,No strong independent detection signal,NO IMMEDIATE ACTION
E000511,U019,login,14.1,0.0,0,46.2256638048616,0,15.0,0.0,12.66,LOW,23.11,12.66,LOW,0,NO MODEL DETECTION,NO SIGNIFICANT RISK FACTORS,No strong independent detection signal,NO IMMEDIATE ACTION
E000005,U012,login,14.1,0.0,0,46.2256638048616,0,15.0,0.0,12.66,LOW,23.11,12.66,LOW,0,NO MODEL DETECTION,NO SIGNIFICANT RISK FACTORS,No strong independent detection signal,NO IMMEDIATE ACTION
E000225,U013,login,14.1,0.0,0,46.2256638048616,0,15.0,0.0,12.66,LOW,23.11,12.66,LOW,0,NO MODEL DETECTION,NO SIGNIFICANT RISK FACTORS,No strong independent detection signal,NO IMMEDIATE ACTION
E000228,U012,login,14.1,0.0,0,46.2256638048616,0,15.0,0.0,12.66,LOW,23.11,12.66,LOW,0,NO MODEL DETECTION,NO SIGNIFICANT RISK FACTORS,No strong independent detection signal,NO IMMEDIATE ACTION
E000296,U006,login,14.1,0.0,0,46.2256638048616,0,15.0,0.0,12.66,LOW,23.11,12.66,LOW,0,NO MODEL DETECTION,NO SIGNIFICANT RISK FACTORS,No strong independent detection signal,NO IMMEDIATE ACTION
E000297,U015,login,14.1,0.0,0,46.2256638048616,0,15.0,0.0,12.66,LOW,23.11,12.66,LOW,0,NO MODEL DETECTION,NO SIGNIFICANT RISK FACTORS,No strong independent detection signal,NO IMMEDIATE ACTION
E000300,U012,login,14.1,0.0,0,46.2256638048616,0,15.0,0.0,12.66,LOW,23.11,12.66,LOW,0,NO MODEL DETECTION,NO SIGNIFICANT RISK FACTORS,No strong independent detection signal,NO IMMEDIATE ACTION
E000154,U015,login,14.1,0.0,0,46.2256638048616,0,15.0,0.0,12.66,LOW,23.11,12.66,LOW,0,NO MODEL DETECTION,NO SIGNIFICANT RISK FACTORS,No strong independent detection signal,NO IMMEDIATE ACTION
E000583,U006,login,14.1,0.0,0,46.2256638048616,0,15.0,0.0,12.66,LOW,23.11,12.66,LOW,0,NO MODEL DETECTION,NO SIGNIFICANT RISK FACTORS,No strong independent detection signal,NO IMMEDIATE ACTION
E000001,U006,login,14.1,0.0,0,46.2256638048616,0,15.0,0.0,12.66,LOW,23.11,12.66,LOW,0,NO MODEL DETECTION,NO SIGNIFICANT RISK FACTORS,No strong independent detection signal,NO IMMEDIATE ACTION
E000162,U012,login,14.1,0.0,0,46.2256638048616,0,15.0,0.0,12.66,LOW,23.11,12.66,LOW,0,NO MODEL DETECTION,NO SIGNIFICANT RISK FACTORS,No strong independent detection signal,NO IMMEDIATE ACTION
E000526,U004,login,12.0,0.0,0,47.78415697259156,0,15.0,0.0,12.27,LOW,23.89,12.27,LOW,0,NO MODEL DETECTION,NO SIGNIFICANT RISK FACTORS,No strong independent detection signal,NO IMMEDIATE ACTION
E000528,U007,login,12.0,0.0,0,47.78415697259156,0,15.0,0.0,12.27,LOW,23.89,12.27,LOW,0,NO MODEL DETECTION,NO SIGNIFICANT RISK FACTORS,No strong independent detection signal,NO IMMEDIATE ACTION
E000680,U001,login,12.0,0.0,0,47.78415697259156,0,15.0,0.0,12.27,LOW,23.89,12.27,LOW,0,NO MODEL DETECTION,NO SIGNIFICANT RISK FACTORS,No strong independent detection signal,NO IMMEDIATE ACTION
E000706,U009,transaction,4.5,2.25,0,34.06114428205439,0,24.0,19.0,11.55,LOW,18.16,11.55,LOW,0,NO MODEL DETECTION,ELEVATED CONTEXTUAL RISK,Elevated contextual risk detected,NO IMMEDIATE ACTION
E000053,U003,login,14.1,0.0,0,46.2256638048616,0,0.0,0.0,11.16,LOW,23.11,11.16,LOW,0,NO MODEL DETECTION,NO SIGNIFICANT RISK FACTORS,No strong independent detection signal,NO IMMEDIATE ACTION
E000420,U003,login,14.1,0.0,0,46.2256638048616,0,0.0,0.0,11.16,LOW,23.11,11.16,LOW,0,NO MODEL DETECTION,NO SIGNIFICANT RISK FACTORS,No strong independent detection signal,NO IMMEDIATE ACTION
E000343,U003,login,14.1,0.0,0,46.2256638048616,0,0.0,0.0,11.16,LOW,23.11,11.16,LOW,0,NO MODEL DETECTION,NO SIGNIFICANT RISK FACTORS,No strong independent detection signal,NO IMMEDIATE ACTION
E000205,U003,login,14.1,0.0,0,46.2256638048616,0,0.0,0.0,11.16,LOW,23.11,11.16,LOW,0,NO MODEL DETECTION,NO SIGNIFICANT RISK FACTORS,No strong independent detection signal,NO IMMEDIATE ACTION
E000146,U003,login,14.1,0.0,0,46.2256638048616,0,0.0,0.0,11.16,LOW,23.11,11.16,LOW,0,NO MODEL DETECTION,NO SIGNIFICANT RISK FACTORS,No strong independent detection signal,NO IMMEDIATE ACTION
E000641,U003,login,14.1,0.0,0,46.2256638048616,0,0.0,0.0,11.16,LOW,23.11,11.16,LOW,0,NO MODEL DETECTION,NO SIGNIFICANT RISK FACTORS,No strong independent detection signal,NO IMMEDIATE ACTION
E000065,U020,login,14.1,0.0,0,46.2256638048616,0,0.0,0.0,11.16,LOW,23.11,11.16,LOW,0,NO MODEL DETECTION,NO SIGNIFICANT RISK FACTORS,No strong independent detection signal,NO IMMEDIATE ACTION
E000337,U009,login,12.0,0.0,0,47.78415697259156,0,0.0,0.0,10.77,LOW,23.89,10.77,LOW,0,NO MODEL DETECTION,NO SIGNIFICANT RISK FACTORS,No strong independent detection signal,NO IMMEDIATE ACTION
E000643,U005,login,12.0,0.0,0,47.78415697259156,0,0.0,0.0,10.77,LOW,23.89,10.77,LOW,0,NO MODEL DETECTION,NO SIGNIFICANT RISK FACTORS,No strong independent detection signal,NO IMMEDIATE ACTION
E000717,U008,login,12.0,0.0,0,47.78415697259156,0,0.0,0.0,10.77,LOW,23.89,10.77,LOW,0,NO MODEL DETECTION,NO SIGNIFICANT RISK FACTORS,No strong independent detection signal,NO IMMEDIATE ACTION
E000489,U010,login,12.0,0.0,0,47.78415697259156,0,0.0,0.0,10.77,LOW,23.89,10.77,LOW,0,NO MODEL DETECTION,NO SIGNIFICANT RISK FACTORS,No strong independent detection signal,NO IMMEDIATE ACTION
E000134,U008,login,12.0,0.0,0,47.78415697259156,0,0.0,0.0,10.77,LOW,23.89,10.77,LOW,0,NO MODEL DETECTION,NO SIGNIFICANT RISK FACTORS,No strong independent detection signal,NO IMMEDIATE ACTION
E000419,U020,login,12.0,0.0,0,47.78415697259156,0,0.0,0.0,10.77,LOW,23.89,10.77,LOW,0,NO MODEL DETECTION,NO SIGNIFICANT RISK FACTORS,No strong independent detection signal,NO IMMEDIATE ACTION
E000135,U005,login,12.0,0.0,0,47.78415697259156,0,0.0,0.0,10.77,LOW,23.89,10.77,LOW,0,NO MODEL DETECTION,NO SIGNIFICANT RISK FACTORS,No strong independent detection signal,NO IMMEDIATE ACTION
E000339,U005,login,12.0,0.0,0,47.78415697259156,0,0.0,0.0,10.77,LOW,23.89,10.77,LOW,0,NO MODEL DETECTION,NO SIGNIFICANT RISK FACTORS,No strong independent detection signal,NO IMMEDIATE ACTION
E000640,U010,login,12.0,0.0,0,47.78415697259156,0,0.0,0.0,10.77,LOW,23.89,10.77,LOW,0,NO MODEL DETECTION,NO SIGNIFICANT RISK FACTORS,No strong independent detection signal,NO IMMEDIATE ACTION
E000204,U008,login,12.0,0.0,0,47.78415697259156,0,0.0,0.0,10.77,LOW,23.89,10.77,LOW,0,NO MODEL DETECTION,NO SIGNIFICANT RISK FACTORS,No strong independent detection signal,NO IMMEDIATE ACTION
E000558,U020,login,12.0,0.0,0,47.78415697259156,0,0.0,0.0,10.77,LOW,23.89,10.77,LOW,0,NO MODEL DETECTION,NO SIGNIFICANT RISK FACTORS,No strong independent detection signal,NO IMMEDIATE ACTION
E000020,U017,login,12.0,0.0,0,47.78415697259156,0,0.0,0.0,10.77,LOW,23.89,10.77,LOW,0,NO MODEL DETECTION,NO SIGNIFICANT RISK FACTORS,No strong independent detection signal,NO IMMEDIATE ACTION
E000462,U017,login,12.0,0.0,0,47.78415697259156,0,0.0,0.0,10.77,LOW,23.89,10.77,LOW,0,NO MODEL DETECTION,NO SIGNIFICANT RISK FACTORS,No strong independent detection signal,NO IMMEDIATE ACTION
E000491,U005,login,12.0,0.0,0,47.78415697259156,0,0.0,0.0,10.77,LOW,23.89,10.77,LOW,0,NO MODEL DETECTION,NO SIGNIFICANT RISK FACTORS,No strong independent detection signal,NO IMMEDIATE ACTION
E000642,U008,login,12.0,0.0,0,47.78415697259156,0,0.0,0.0,10.77,LOW,23.89,10.77,LOW,0,NO MODEL DETECTION,NO SIGNIFICANT RISK FACTORS,No strong independent detection signal,NO IMMEDIATE ACTION
E000422,U005,login,12.0,0.0,0,47.78415697259156,0,0.0,0.0,10.77,LOW,23.89,10.77,LOW,0,NO MODEL DETECTION,NO SIGNIFICANT RISK FACTORS,No strong independent detection signal,NO IMMEDIATE ACTION
E000207,U020,login,12.0,0.0,0,47.78415697259156,0,0.0,0.0,10.77,LOW,23.89,10.77,LOW,0,NO MODEL DETECTION,NO SIGNIFICANT RISK FACTORS,No strong independent detection signal,NO IMMEDIATE ACTION
E000559,U010,login,12.0,0.0,0,47.78415697259156,0,0.0,0.0,10.77,LOW,23.89,10.77,LOW,0,NO MODEL DETECTION,NO SIGNIFICANT RISK FACTORS,No strong independent detection signal,NO IMMEDIATE ACTION
E000520,U015,transaction,4.5,0.25,0,34.06114428205439,0,25.97,8.74,10.02,LOW,17.16,10.02,LOW,0,NO MODEL DETECTION,ELEVATED CONTEXTUAL RISK,Elevated contextual risk detected,NO IMMEDIATE ACTION
E000480,U014,transaction,4.5,0.0,0,34.06114428205439,0,19.01,15.07,9.87,LOW,17.03,9.87,LOW,0,NO MODEL DETECTION,NO SIGNIFICANT RISK FACTORS,No strong independent detection signal,NO IMMEDIATE ACTION
E000099,U002,transaction,4.5,0.0,0,34.06114428205439,0,16.77,13.51,9.49,LOW,17.03,9.49,LOW,0,NO MODEL DETECTION,NO SIGNIFICANT RISK FACTORS,No strong independent detection signal,NO IMMEDIATE ACTION
E000452,U013,transaction,4.5,0.0,0,34.06114428205439,0,22.82,6.86,9.43,LOW,17.03,9.43,LOW,0,NO MODEL DETECTION,ELEVATED CONTEXTUAL RISK,Elevated contextual risk detected,NO IMMEDIATE ACTION
E000304,U012,transaction,4.5,0.0,0,34.06114428205439,0,22.76,6.82,9.42,LOW,17.03,9.42,LOW,0,NO MODEL DETECTION,ELEVATED CONTEXTUAL RISK,Elevated contextual risk detected,NO IMMEDIATE ACTION
E000312,U013,transaction,4.5,0.0,0,34.06114428205439,0,22.69,6.7,9.4,LOW,17.03,9.4,LOW,0,NO MODEL DETECTION,ELEVATED CONTEXTUAL RISK,Elevated contextual risk detected,NO IMMEDIATE ACTION
E000014,U012,transaction,4.5,0.0,0,34.06114428205439,0,22.58,6.68,9.39,LOW,17.03,9.39,LOW,0,NO MODEL DETECTION,ELEVATED CONTEXTUAL RISK,Elevated contextual risk detected,NO IMMEDIATE ACTION
E000190,U002,transaction,4.5,0.0,0,34.06114428205439,0,16.08,13.06,9.37,LOW,17.03,9.37,LOW,0,NO MODEL DETECTION,NO SIGNIFICANT RISK FACTORS,No strong independent detection signal,NO IMMEDIATE ACTION
E000458,U004,transaction,4.5,0.0,0,34.06114428205439,0,22.09,6.13,9.28,LOW,17.03,9.28,LOW,0,NO MODEL DETECTION,ELEVATED CONTEXTUAL RISK,Elevated contextual risk detected,NO IMMEDIATE ACTION
E000518,U012,login,2.1,0.0,0,47.529471395831344,0,15.0,0.0,9.26,LOW,23.76,9.26,LOW,0,NO MODEL DETECTION,NO SIGNIFICANT RISK FACTORS,No strong independent detection signal,NO IMMEDIATE ACTION
E000227,U019,login,2.1,0.0,0,47.529471395831344,0,15.0,0.0,9.26,LOW,23.76,9.26,LOW,0,NO MODEL DETECTION,NO SIGNIFICANT RISK FACTORS,No strong independent detection signal,NO IMMEDIATE ACTION
E000443,U015,login,2.1,0.0,0,47.529471395831344,0,15.0,0.0,9.26,LOW,23.76,9.26,LOW,0,NO MODEL DETECTION,NO SIGNIFICANT RISK FACTORS,No strong independent detection signal,NO IMMEDIATE ACTION
E000451,U012,login,2.1,0.0,0,47.529471395831344,0,15.0,0.0,9.26,LOW,23.76,9.26,LOW,0,NO MODEL DETECTION,NO SIGNIFICANT RISK FACTORS,No strong independent detection signal,NO IMMEDIATE ACTION
E000078,U012,login,2.1,0.0,0,47.529471395831344,0,15.0,0.0,9.26,LOW,23.76,9.26,LOW,0,NO MODEL DETECTION,NO SIGNIFICANT RISK FACTORS,No strong independent detection signal,NO IMMEDIATE ACTION
E000229,U006,login,2.1,0.0,0,47.529471395831344,0,15.0,0.0,9.26,LOW,23.76,9.26,LOW,0,NO MODEL DETECTION,NO SIGNIFICANT RISK FACTORS,No strong independent detection signal,NO IMMEDIATE ACTION
E000075,U006,login,2.1,0.0,0,47.529471395831344,0,15.0,0.0,9.26,LOW,23.76,9.26,LOW,0,NO MODEL DETECTION,NO SIGNIFICANT RISK FACTORS,No strong independent detection signal,NO IMMEDIATE ACTION
E000662,U015,login,2.1,0.0,0,47.529471395831344,0,15.0,0.0,9.26,LOW,23.76,9.26,LOW,0,NO MODEL DETECTION,NO SIGNIFICANT RISK FACTORS,No strong independent detection signal,NO IMMEDIATE ACTION
E000589,U015,login,2.1,0.0,0,47.529471395831344,0,15.0,0.0,9.26,LOW,23.76,9.26,LOW,0,NO MODEL DETECTION,NO SIGNIFICANT RISK FACTORS,No strong independent detection signal,NO IMMEDIATE ACTION
E000298,U019,login,2.1,0.0,0,47.529471395831344,0,15.0,0.0,9.26,LOW,23.76,9.26,LOW,0,NO MODEL DETECTION,NO SIGNIFICANT RISK FACTORS,No strong independent detection signal,NO IMMEDIATE ACTION
E000377,U012,login,2.1,0.0,0,47.529471395831344,0,15.0,0.0,9.26,LOW,23.76,9.26,LOW,0,NO MODEL DETECTION,NO SIGNIFICANT RISK FACTORS,No strong independent detection signal,NO IMMEDIATE ACTION
E000074,U015,login,2.1,0.0,0,47.529471395831344,0,15.0,0.0,9.26,LOW,23.76,9.26,LOW,0,NO MODEL DETECTION,NO SIGNIFICANT RISK FACTORS,No strong independent detection signal,NO IMMEDIATE ACTION
E000587,U013,login,2.1,0.0,0,47.529471395831344,0,15.0,0.0,9.26,LOW,23.76,9.26,LOW,0,NO MODEL DETECTION,NO SIGNIFICANT RISK FACTORS,No strong independent detection signal,NO IMMEDIATE ACTION
E000164,U006,login,2.1,0.0,0,47.529471395831344,0,15.0,0.0,9.26,LOW,23.76,9.26,LOW,0,NO MODEL DETECTION,NO SIGNIFICANT RISK FACTORS,No strong independent detection signal,NO IMMEDIATE ACTION
E000303,U013,login,2.1,0.0,0,47.529471395831344,0,15.0,0.0,9.26,LOW,23.76,9.26,LOW,0,NO MODEL DETECTION,NO SIGNIFICANT RISK FACTORS,No strong independent detection signal,NO IMMEDIATE ACTION
E000661,U006,login,2.1,0.0,0,47.529471395831344,0,15.0,0.0,9.26,LOW,23.76,9.26,LOW,0,NO MODEL DETECTION,NO SIGNIFICANT RISK FACTORS,No strong independent detection signal,NO IMMEDIATE ACTION
E000592,U012,login,2.1,0.0,0,47.529471395831344,0,15.0,0.0,9.26,LOW,23.76,9.26,LOW,0,NO MODEL DETECTION,NO SIGNIFICANT RISK FACTORS,No strong independent detection signal,NO IMMEDIATE ACTION
E000007,U013,login,2.1,0.0,0,47.529471395831344,0,15.0,0.0,9.26,LOW,23.76,9.26,LOW,0,NO MODEL DETECTION,NO SIGNIFICANT RISK FACTORS,No strong independent detection signal,NO IMMEDIATE ACTION
E000073,U019,login,2.1,0.0,0,47.529471395831344,0,15.0,0.0,9.26,LOW,23.76,9.26,LOW,0,NO MODEL DETECTION,NO SIGNIFICANT RISK FACTORS,No strong independent detection signal,NO IMMEDIATE ACTION
E000375,U015,login,2.1,0.0,0,47.529471395831344,0,15.0,0.0,9.26,LOW,23.76,9.26,LOW,0,NO MODEL DETECTION,NO SIGNIFICANT RISK FACTORS,No strong independent detection signal,NO IMMEDIATE ACTION
E000182,U011,transaction,3.0,0.0,0,48.42236583867139,0,5.2,4.9,9.17,LOW,24.21,9.17,LOW,0,NO MODEL DETECTION,NO SIGNIFICANT RISK FACTORS,No strong independent detection signal,NO IMMEDIATE ACTION
E000547,U014,transaction,4.5,0.0,0,34.06114428205439,0,14.59,11.75,9.09,LOW,17.03,9.09,LOW,0,NO MODEL DETECTION,NO SIGNIFICANT RISK FACTORS,No strong independent detection signal,NO IMMEDIATE ACTION
E000634,U002,transaction,4.5,0.0,0,34.06114428205439,0,13.76,11.32,8.97,LOW,17.03,8.97,LOW,0,NO MODEL DETECTION,NO SIGNIFICANT RISK FACTORS,No strong independent detection signal,NO IMMEDIATE ACTION
E000016,U013,transaction,4.5,0.0,0,34.06114428205439,0,19.6,4.45,8.86,LOW,17.03,8.86,LOW,0,NO MODEL DETECTION,NO SIGNIFICANT RISK FACTORS,No strong independent detection signal,NO IMMEDIATE ACTION
E000457,U002,login,6.0,0.0,0,36.87150867763505,0,15.0,0.0,8.83,LOW,18.44,8.83,LOW,0,NO MODEL DETECTION,NO SIGNIFICANT RISK FACTORS,No strong independent detection signal,NO IMMEDIATE ACTION
E000456,U004,login,6.0,0.0,0,36.87150867763505,0,15.0,0.0,8.83,LOW,18.44,8.83,LOW,0,NO MODEL DETECTION,NO SIGNIFICANT RISK FACTORS,No strong independent detection signal,NO IMMEDIATE ACTION
E000527,U011,login,6.0,0.0,0,36.87150867763505,0,15.0,0.0,8.83,LOW,18.44,8.83,LOW,0,NO MODEL DETECTION,NO SIGNIFICANT RISK FACTORS,No strong independent detection signal,NO IMMEDIATE ACTION
E000175,U004,login,6.0,0.0,0,36.87150867763505,0,15.0,0.0,8.83,LOW,18.44,8.83,LOW,0,NO MODEL DETECTION,NO SIGNIFICANT RISK FACTORS,No strong independent detection signal,NO IMMEDIATE ACTION
E000313,U002,login,6.0,0.0,0,36.87150867763505,0,15.0,0.0,8.83,LOW,18.44,8.83,LOW,0,NO MODEL DETECTION,NO SIGNIFICANT RISK FACTORS,No strong independent detection signal,NO IMMEDIATE ACTION
E000174,U011,login,6.0,0.0,0,36.87150867763505,0,15.0,0.0,8.83,LOW,18.44,8.83,LOW,0,NO MODEL DETECTION,NO SIGNIFICANT RISK FACTORS,No strong independent detection signal,NO IMMEDIATE ACTION
E000246,U011,login,6.0,0.0,0,36.87150867763505,0,15.0,0.0,8.83,LOW,18.44,8.83,LOW,0,NO MODEL DETECTION,NO SIGNIFICANT RISK FACTORS,No strong independent detection signal,NO IMMEDIATE ACTION
E000173,U002,login,6.0,0.0,0,36.87150867763505,0,15.0,0.0,8.83,LOW,18.44,8.83,LOW,0,NO MODEL DETECTION,NO SIGNIFICANT RISK FACTORS,No strong independent detection signal,NO IMMEDIATE ACTION
E000459,U001,login,6.0,0.0,0,36.87150867763505,0,15.0,0.0,8.83,LOW,18.44,8.83,LOW,0,NO MODEL DETECTION,NO SIGNIFICANT RISK FACTORS,No strong independent detection signal,NO IMMEDIATE ACTION
E000603,U002,login,6.0,0.0,0,36.87150867763505,0,15.0,0.0,8.83,LOW,18.44,8.83,LOW,0,NO MODEL DETECTION,NO SIGNIFICANT RISK FACTORS,No strong independent detection signal,NO IMMEDIATE ACTION
E000602,U004,login,6.0,0.0,0,36.87150867763505,0,15.0,0.0,8.83,LOW,18.44,8.83,LOW,0,NO MODEL DETECTION,NO SIGNIFICANT RISK FACTORS,No strong independent detection signal,NO IMMEDIATE ACTION
E000094,U012,transaction,4.5,0.0,0,34.06114428205439,0,19.18,4.14,8.79,LOW,17.03,8.79,LOW,0,NO MODEL DETECTION,NO SIGNIFICANT RISK FACTORS,No strong independent detection signal,NO IMMEDIATE ACTION
E000539,U007,transaction,4.5,0.0,0,34.06114428205439,0,12.09,9.58,8.63,LOW,17.03,8.63,LOW,0,NO MODEL DETECTION,NO SIGNIFICANT RISK FACTORS,No strong independent detection signal,NO IMMEDIATE ACTION
E000196,U007,transaction,4.5,0.0,0,34.06114428205439,0,11.23,9.36,8.52,LOW,17.03,8.52,LOW,0,NO MODEL DETECTION,NO SIGNIFICANT RISK FACTORS,No strong independent detection signal,NO IMMEDIATE ACTION
E000052,U007,transaction,4.5,0.0,0,34.06114428205439,0,9.86,8.4,8.29,LOW,17.03,8.29,LOW,0,NO MODEL DETECTION,NO SIGNIFICANT RISK FACTORS,No strong independent detection signal,NO IMMEDIATE ACTION
E000088,U019,transaction,4.5,0.0,0,34.06114428205439,0,15.77,0.39,8.08,LOW,17.03,8.08,LOW,0,NO MODEL DETECTION,NO SIGNIFICANT RISK FACTORS,No strong independent detection signal,NO IMMEDIATE ACTION
E000210,U003,transaction,4.5,0.25,0,34.06114428205439,0,7.77,6.57,7.98,LOW,17.16,7.98,LOW,0,NO MODEL DETECTION,NO SIGNIFICANT RISK FACTORS,No strong independent detection signal,NO IMMEDIATE ACTION
E000573,U008,transaction,4.5,0.0,0,34.06114428205439,0,7.43,6.38,7.84,LOW,17.03,7.84,LOW,0,NO MODEL DETECTION,NO SIGNIFICANT RISK FACTORS,No strong independent detection signal,NO IMMEDIATE ACTION
E000532,U004,transaction,4.5,0.0,0,34.06114428205439,0,7.15,6.17,7.79,LOW,17.03,7.79,LOW,0,NO MODEL DETECTION,NO SIGNIFICANT RISK FACTORS,No strong independent detection signal,NO IMMEDIATE ACTION
E000150,U003,transaction,4.5,0.0,0,34.06114428205439,0,6.96,6.22,7.78,LOW,17.03,7.78,LOW,0,NO MODEL DETECTION,NO SIGNIFICANT RISK FACTORS,No strong independent detection signal,NO IMMEDIATE ACTION
E000648,U008,transaction,4.5,0.0,0,34.06114428205439,0,6.92,6.19,7.77,LOW,17.03,7.77,LOW,0,NO MODEL DETECTION,NO SIGNIFICANT RISK FACTORS,No strong independent detection signal,NO IMMEDIATE ACTION
E000139,U010,login,2.1,0.0,0,47.529471395831344,0,0.0,0.0,7.76,LOW,23.76,7.76,LOW,0,NO MODEL DETECTION,NO SIGNIFICANT RISK FACTORS,No strong independent detection signal,NO IMMEDIATE ACTION
E000721,U005,login,2.1,0.0,0,47.529471395831344,0,0.0,0.0,7.76,LOW,23.76,7.76,LOW,0,NO MODEL DETECTION,NO SIGNIFICANT RISK FACTORS,No strong independent detection signal,NO IMMEDIATE ACTION
E000562,U005,login,2.1,0.0,0,47.529471395831344,0,0.0,0.0,7.76,LOW,23.76,7.76,LOW,0,NO MODEL DETECTION,NO SIGNIFICANT RISK FACTORS,No strong independent detection signal,NO IMMEDIATE ACTION
E000282,U010,login,2.1,0.0,0,47.529471395831344,0,0.0,0.0,7.76,LOW,23.76,7.76,LOW,0,NO MODEL DETECTION,NO SIGNIFICANT RISK FACTORS,No strong independent detection signal,NO IMMEDIATE ACTION
E000350,U010,login,2.1,0.0,0,47.529471395831344,0,0.0,0.0,7.76,LOW,23.76,7.76,LOW,0,NO MODEL DETECTION,NO SIGNIFICANT RISK FACTORS,No strong independent detection signal,NO IMMEDIATE ACTION
E000054,U010,login,2.1,0.0,0,47.529471395831344,0,0.0,0.0,7.76,LOW,23.76,7.76,LOW,0,NO MODEL DETECTION,NO SIGNIFICANT RISK FACTORS,No strong independent detection signal,NO IMMEDIATE ACTION
E000283,U003,login,2.1,0.0,0,47.529471395831344,0,0.0,0.0,7.76,LOW,23.76,7.76,LOW,0,NO MODEL DETECTION,NO SIGNIFICANT RISK FACTORS,No strong independent detection signal,NO IMMEDIATE ACTION
E000213,U010,login,2.1,0.0,0,47.529471395831344,0,0.0,0.0,7.76,LOW,23.76,7.76,LOW,0,NO MODEL DETECTION,NO SIGNIFICANT RISK FACTORS,No strong independent detection signal,NO IMMEDIATE ACTION
E000563,U003,login,2.1,0.0,0,47.529471395831344,0,0.0,0.0,7.76,LOW,23.76,7.76,LOW,0,NO MODEL DETECTION,NO SIGNIFICANT RISK FACTORS,No strong independent detection signal,NO IMMEDIATE ACTION
E000423,U010,login,2.1,0.0,0,47.529471395831344,0,0.0,0.0,7.76,LOW,23.76,7.76,LOW,0,NO MODEL DETECTION,NO SIGNIFICANT RISK FACTORS,No strong independent detection signal,NO IMMEDIATE ACTION
E000212,U005,login,2.1,0.0,0,47.529471395831344,0,0.0,0.0,7.76,LOW,23.76,7.76,LOW,0,NO MODEL DETECTION,NO SIGNIFICANT RISK FACTORS,No strong independent detection signal,NO IMMEDIATE ACTION
E000723,U003,login,2.1,0.0,0,47.529471395831344,0,0.0,0.0,7.76,LOW,23.76,7.76,LOW,0,NO MODEL DETECTION,NO SIGNIFICANT RISK FACTORS,No strong independent detection signal,NO IMMEDIATE ACTION
E000495,U003,login,2.1,0.0,0,47.529471395831344,0,0.0,0.0,7.76,LOW,23.76,7.76,LOW,0,NO MODEL DETECTION,NO SIGNIFICANT RISK FACTORS,No strong independent detection signal,NO IMMEDIATE ACTION
E000726,U010,login,2.1,0.0,0,47.529471395831344,0,0.0,0.0,7.76,LOW,23.76,7.76,LOW,0,NO MODEL DETECTION,NO SIGNIFICANT RISK FACTORS,No strong independent detection signal,NO IMMEDIATE ACTION
E000058,U005,login,2.1,0.0,0,47.529471395831344,0,0.0,0.0,7.76,LOW,23.76,7.76,LOW,0,NO MODEL DETECTION,NO SIGNIFICANT RISK FACTORS,No strong independent detection signal,NO IMMEDIATE ACTION
E000138,U008,transaction,4.5,0.0,0,34.06114428205439,0,6.83,6.06,7.75,LOW,17.03,7.75,LOW,0,NO MODEL DETECTION,NO SIGNIFICANT RISK FACTORS,No strong independent detection signal,NO IMMEDIATE ACTION
E000418,U018,transaction,4.5,0.0,0,34.06114428205439,0,6.74,6.06,7.74,LOW,17.03,7.74,LOW,0,NO MODEL DETECTION,NO SIGNIFICANT RISK FACTORS,No strong independent detection signal,NO IMMEDIATE ACTION
E000576,U003,transaction,4.5,0.25,0,34.06114428205439,0,6.25,5.43,7.71,LOW,17.16,7.71,LOW,0,NO MODEL DETECTION,NO SIGNIFICANT RISK FACTORS,No strong independent detection signal,NO IMMEDIATE ACTION
E000329,U004,transaction,4.5,0.0,0,34.06114428205439,0,6.44,5.83,7.69,LOW,17.03,7.69,LOW,0,NO MODEL DETECTION,NO SIGNIFICANT RISK FACTORS,No strong independent detection signal,NO IMMEDIATE ACTION
E000553,U018,transaction,4.5,0.0,0,34.06114428205439,0,6.07,5.36,7.6,LOW,17.03,7.6,LOW,0,NO MODEL DETECTION,NO SIGNIFICANT RISK FACTORS,No strong independent detection signal,NO IMMEDIATE ACTION
E000109,U016,transaction,4.5,0.0,0,34.06114428205439,0,5.99,5.43,7.6,LOW,17.03,7.6,LOW,0,NO MODEL DETECTION,NO SIGNIFICANT RISK FACTORS,No strong independent detection signal,NO IMMEDIATE ACTION
E000630,U016,transaction,4.5,0.0,0,34.06114428205439,0,5.74,5.3,7.56,LOW,17.03,7.56,LOW,0,NO MODEL DETECTION,NO SIGNIFICANT RISK FACTORS,No strong independent detection signal,NO IMMEDIATE ACTION
E000435,U020,transaction,4.5,0.0,0,34.06114428205439,0,5.68,5.26,7.55,LOW,17.03,7.55,LOW,0,NO MODEL DETECTION,NO SIGNIFICANT RISK FACTORS,No strong independent detection signal,NO IMMEDIATE ACTION
E000120,U004,transaction,4.5,0.0,0,34.06114428205439,0,5.66,5.24,7.55,LOW,17.03,7.55,LOW,0,NO MODEL DETECTION,NO SIGNIFICANT RISK FACTORS,No strong independent detection signal,NO IMMEDIATE ACTION
E000263,U004,transaction,4.5,0.0,0,34.06114428205439,0,5.68,5.26,7.55,LOW,17.03,7.55,LOW,0,NO MODEL DETECTION,NO SIGNIFICANT RISK FACTORS,No strong independent detection signal,NO IMMEDIATE ACTION
E000636,U018,transaction,4.5,0.0,0,34.06114428205439,0,5.65,5.17,7.54,LOW,17.03,7.54,LOW,0,NO MODEL DETECTION,NO SIGNIFICANT RISK FACTORS,No strong independent detection signal,NO IMMEDIATE ACTION
E000360,U008,transaction,4.5,0.0,0,34.06114428205439,0,5.38,5.04,7.5,LOW,17.03,7.5,LOW,0,NO MODEL DETECTION,NO SIGNIFICANT RISK FACTORS,No strong independent detection signal,NO IMMEDIATE ACTION
E000499,U008,transaction,4.5,0.0,0,34.06114428205439,0,5.32,4.99,7.49,LOW,17.03,7.49,LOW,0,NO MODEL DETECTION,NO SIGNIFICANT RISK FACTORS,No strong independent detection signal,NO IMMEDIATE ACTION
E000294,U008,transaction,4.5,0.0,0,34.06114428205439,0,5.08,4.81,7.45,LOW,17.03,7.45,LOW,0,NO MODEL DETECTION,NO SIGNIFICANT RISK FACTORS,No strong independent detection signal,NO IMMEDIATE ACTION
E000463,U014,login,6.0,0.0,0,36.87150867763505,0,0.0,0.0,7.33,LOW,18.44,7.33,LOW,0,NO MODEL DETECTION,NO SIGNIFICANT RISK FACTORS,No strong independent detection signal,NO IMMEDIATE ACTION
E000683,U016,login,6.0,0.0,0,36.87150867763505,0,0.0,0.0,7.33,LOW,18.44,7.33,LOW,0,NO MODEL DETECTION,NO SIGNIFICANT RISK FACTORS,No strong independent detection signal,NO IMMEDIATE ACTION
E000116,U017,login,6.0,0.0,0,36.87150867763505,0,0.0,0.0,7.33,LOW,18.44,7.33,LOW,0,NO MODEL DETECTION,NO SIGNIFICANT RISK FACTORS,No strong independent detection signal,NO IMMEDIATE ACTION
E000694,U004,login,6.0,0.0,0,36.87150867763505,0,0.0,0.0,7.33,LOW,18.44,7.33,LOW,0,NO MODEL DETECTION,NO SIGNIFICANT RISK FACTORS,No strong independent detection signal,NO IMMEDIATE ACTION
E000178,U016,login,6.0,0.0,0,36.87150867763505,0,0.0,0.0,7.33,LOW,18.44,7.33,LOW,0,NO MODEL DETECTION,NO SIGNIFICANT RISK FACTORS,No strong independent detection signal,NO IMMEDIATE ACTION
E000183,U018,login,6.0,0.0,0,36.87150867763505,0,0.0,0.0,7.33,LOW,18.44,7.33,LOW,0,NO MODEL DETECTION,NO SIGNIFICANT RISK FACTORS,No strong independent detection signal,NO IMMEDIATE ACTION
E000395,U017,login,6.0,0.0,0,36.87150867763505,0,0.0,0.0,7.33,LOW,18.44,7.33,LOW,0,NO MODEL DETECTION,NO SIGNIFICANT RISK FACTORS,No strong independent detection signal,NO IMMEDIATE ACTION
E000387,U007,login,6.0,0.0,0,36.87150867763505,0,0.0,0.0,7.33,LOW,18.44,7.33,LOW,0,NO MODEL DETECTION,NO SIGNIFICANT RISK FACTORS,No strong independent detection signal,NO IMMEDIATE ACTION
E000531,U009,login,6.0,0.0,0,36.87150867763505,0,0.0,0.0,7.33,LOW,18.44,7.33,LOW,0,NO MODEL DETECTION,NO SIGNIFICANT RISK FACTORS,No strong independent detection signal,NO IMMEDIATE ACTION
E000688,U018,login,6.0,0.0,0,36.87150867763505,0,0.0,0.0,7.33,LOW,18.44,7.33,LOW,0,NO MODEL DETECTION,NO SIGNIFICANT RISK FACTORS,No strong independent detection signal,NO IMMEDIATE ACTION
E000024,U018,login,6.0,0.0,0,36.87150867763505,0,0.0,0.0,7.33,LOW,18.44,7.33,LOW,0,NO MODEL DETECTION,NO SIGNIFICANT RISK FACTORS,No strong independent detection signal,NO IMMEDIATE ACTION
E000385,U016,login,6.0,0.0,0,36.87150867763505,0,0.0,0.0,7.33,LOW,18.44,7.33,LOW,0,NO MODEL DETECTION,NO SIGNIFICANT RISK FACTORS,No strong independent detection signal,NO IMMEDIATE ACTION
E000682,U009,login,6.0,0.0,0,36.87150867763505,0,0.0,0.0,7.33,LOW,18.44,7.33,LOW,0,NO MODEL DETECTION,NO SIGNIFICANT RISK FACTORS,No strong independent detection signal,NO IMMEDIATE ACTION
E000017,U016,login,6.0,0.0,0,36.87150867763505,0,0.0,0.0,7.33,LOW,18.44,7.33,LOW,0,NO MODEL DETECTION,NO SIGNIFICANT RISK FACTORS,No strong independent detection signal,NO IMMEDIATE ACTION
E000614,U018,login,6.0,0.0,0,36.87150867763505,0,0.0,0.0,7.33,LOW,18.44,7.33,LOW,0,NO MODEL DETECTION,NO SIGNIFICANT RISK FACTORS,No strong independent detection signal,NO IMMEDIATE ACTION
E000189,U017,login,6.0,0.0,0,36.87150867763505,0,0.0,0.0,7.33,LOW,18.44,7.33,LOW,0,NO MODEL DETECTION,NO SIGNIFICANT RISK FACTORS,No strong independent detection signal,NO IMMEDIATE ACTION
E000548,U016,login,6.0,0.0,0,36.87150867763505,0,0.0,0.0,7.33,LOW,18.44,7.33,LOW,0,NO MODEL DETECTION,NO SIGNIFICANT RISK FACTORS,No strong independent detection signal,NO IMMEDIATE ACTION
E000609,U016,login,6.0,0.0,0,36.87150867763505,0,0.0,0.0,7.33,LOW,18.44,7.33,LOW,0,NO MODEL DETECTION,NO SIGNIFICANT RISK FACTORS,No strong independent detection signal,NO IMMEDIATE ACTION
E000255,U001,login,6.0,0.0,0,36.87150867763505,0,0.0,0.0,7.33,LOW,18.44,7.33,LOW,0,NO MODEL DETECTION,NO SIGNIFICANT RISK FACTORS,No strong independent detection signal,NO IMMEDIATE ACTION
E000475,U016,login,6.0,0.0,0,36.87150867763505,0,0.0,0.0,7.33,LOW,18.44,7.33,LOW,0,NO MODEL DETECTION,NO SIGNIFICANT RISK FACTORS,No strong independent detection signal,NO IMMEDIATE ACTION
E000447,U019,transaction,0.0,0.25,0,0.0,0,23.03,6.53,3.04,LOW,0.12,3.04,LOW,0,NO MODEL DETECTION,ELEVATED CONTEXTUAL RISK,Elevated contextual risk detected,NO IMMEDIATE ACTION
E000156,U015,transaction,0.0,0.0,0,0.0,0,22.89,6.85,2.97,LOW,0.0,2.97,LOW,0,NO MODEL DETECTION,ELEVATED CONTEXTUAL RISK,Elevated contextual risk detected,NO IMMEDIATE ACTION
E000083,U015,transaction,0.0,0.0,0,0.0,0,22.87,6.84,2.97,LOW,0.0,2.97,LOW,0,NO MODEL DETECTION,ELEVATED CONTEXTUAL RISK,Elevated contextual risk detected,NO IMMEDIATE ACTION
E000678,U015,transaction,0.0,0.0,0,0.0,0,22.66,6.74,2.94,LOW,0.0,2.94,LOW,0,NO MODEL DETECTION,ELEVATED CONTEXTUAL RISK,Elevated contextual risk detected,NO IMMEDIATE ACTION
E000596,U012,transaction,0.0,0.0,0,0.0,0,22.59,6.5,2.91,LOW,0.0,2.91,LOW,0,NO MODEL DETECTION,ELEVATED CONTEXTUAL RISK,Elevated contextual risk detected,NO IMMEDIATE ACTION
E000245,U015,transaction,0.0,0.0,0,0.0,0,22.4,6.55,2.9,LOW,0.0,2.9,LOW,0,NO MODEL DETECTION,ELEVATED CONTEXTUAL RISK,Elevated contextual risk detected,NO IMMEDIATE ACTION
E000668,U013,transaction,0.0,0.0,0,0.0,0,22.02,6.26,2.83,LOW,0.0,2.83,LOW,0,NO MODEL DETECTION,ELEVATED CONTEXTUAL RISK,Elevated contextual risk detected,NO IMMEDIATE ACTION
E000455,U012,transaction,0.0,0.0,0,0.0,0,21.94,6.2,2.81,LOW,0.0,2.81,LOW,0,NO MODEL DETECTION,ELEVATED CONTEXTUAL RISK,Elevated contextual risk detected,NO IMMEDIATE ACTION
E000510,U006,transaction,0.0,0.0,0,0.0,0,21.79,6.03,2.78,LOW,0.0,2.78,LOW,0,NO MODEL DETECTION,ELEVATED CONTEXTUAL RISK,Elevated contextual risk detected,NO IMMEDIATE ACTION
E000084,U015,file_access,0.0,0.5,0,0.0,0,20.97,4.99,2.77,LOW,0.25,2.77,LOW,0,NO MODEL DETECTION,ELEVATED CONTEXTUAL RISK,Elevated contextual risk detected,NO IMMEDIATE ACTION
E000370,U013,transaction,0.0,0.0,0,0.0,0,21.67,5.94,2.76,LOW,0.0,2.76,LOW,0,NO MODEL DETECTION,ELEVATED CONTEXTUAL RISK,Elevated contextual risk detected,NO IMMEDIATE ACTION
E000241,U012,transaction,0.0,0.0,0,0.0,0,21.61,5.89,2.75,LOW,0.0,2.75,LOW,0,NO MODEL DETECTION,ELEVATED CONTEXTUAL RISK,Elevated contextual risk detected,NO IMMEDIATE ACTION
E000368,U006,transaction,0.0,0.0,0,0.0,0,21.41,5.62,2.7,LOW,0.0,2.7,LOW,0,NO MODEL DETECTION,ELEVATED CONTEXTUAL RISK,Elevated contextual risk detected,NO IMMEDIATE ACTION
E000240,U013,transaction,0.0,0.0,0,0.0,0,21.24,5.68,2.69,LOW,0.0,2.69,LOW,0,NO MODEL DETECTION,ELEVATED CONTEXTUAL RISK,Elevated contextual risk detected,NO IMMEDIATE ACTION
E000169,U012,transaction,0.0,0.0,0,0.0,0,21.27,5.64,2.69,LOW,0.0,2.69,LOW,0,NO MODEL DETECTION,ELEVATED CONTEXTUAL RISK,Elevated contextual risk detected,NO IMMEDIATE ACTION
E000381,U012,transaction,0.0,0.0,0,0.0,0,21.2,5.65,2.68,LOW,0.0,2.68,LOW,0,NO MODEL DETECTION,ELEVATED CONTEXTUAL RISK,Elevated contextual risk detected,NO IMMEDIATE ACTION
E000244,U006,transaction,0.0,0.0,0,0.0,0,20.92,5.44,2.64,LOW,0.0,2.64,LOW,0,NO MODEL DETECTION,ELEVATED CONTEXTUAL RISK,Elevated contextual risk detected,NO IMMEDIATE ACTION
E000166,U015,file_access,0.0,0.0,0,0.0,0,21.23,5.11,2.63,LOW,0.0,2.63,LOW,0,NO MODEL DETECTION,ELEVATED CONTEXTUAL RISK,Elevated contextual risk detected,NO IMMEDIATE ACTION
E000161,U019,transaction,0.0,0.0,0,0.0,0,20.89,5.35,2.62,LOW,0.0,2.62,LOW,0,NO MODEL DETECTION,ELEVATED CONTEXTUAL RISK,Elevated contextual risk detected,NO IMMEDIATE ACTION
E000372,U019,transaction,0.0,0.0,0,0.0,0,20.85,5.32,2.62,LOW,0.0,2.62,LOW,0,NO MODEL DETECTION,ELEVATED CONTEXTUAL RISK,Elevated contextual risk detected,NO IMMEDIATE ACTION
E000378,U015,transaction,0.0,0.0,0,0.0,0,20.7,5.28,2.6,LOW,0.0,2.6,LOW,0,NO MODEL DETECTION,ELEVATED CONTEXTUAL RISK,Elevated contextual risk detected,NO IMMEDIATE ACTION
E000243,U019,transaction,0.0,0.0,0,0.0,0,20.7,5.28,2.6,LOW,0.0,2.6,LOW,0,NO MODEL DETECTION,ELEVATED CONTEXTUAL RISK,Elevated contextual risk detected,NO IMMEDIATE ACTION
E000093,U013,transaction,0.0,0.0,0,0.0,0,20.75,5.12,2.59,LOW,0.0,2.59,LOW,0,NO MODEL DETECTION,ELEVATED CONTEXTUAL RISK,Elevated contextual risk detected,NO IMMEDIATE ACTION
E000525,U012,transaction,0.0,0.0,0,0.0,0,20.66,5.24,2.59,LOW,0.0,2.59,LOW,0,NO MODEL DETECTION,ELEVATED CONTEXTUAL RISK,Elevated contextual risk detected,NO IMMEDIATE ACTION
E000601,U015,transaction,0.0,0.0,0,0.0,0,20.58,5.18,2.58,LOW,0.0,2.58,LOW,0,NO MODEL DETECTION,ELEVATED CONTEXTUAL RISK,Elevated contextual risk detected,NO IMMEDIATE ACTION
E000595,U013,transaction,0.0,0.0,0,0.0,0,20.59,5.13,2.57,LOW,0.0,2.57,LOW,0,NO MODEL DETECTION,ELEVATED CONTEXTUAL RISK,Elevated contextual risk detected,NO IMMEDIATE ACTION
E000515,U013,transaction,0.0,0.0,0,0.0,0,20.36,5.02,2.54,LOW,0.0,2.54,LOW,0,NO MODEL DETECTION,ELEVATED CONTEXTUAL RISK,Elevated contextual risk detected,NO IMMEDIATE ACTION
E000523,U019,transaction,0.0,0.0,0,0.0,0,20.32,4.99,2.53,LOW,0.0,2.53,LOW,0,NO MODEL DETECTION,ELEVATED CONTEXTUAL RISK,Elevated contextual risk detected,NO IMMEDIATE ACTION
E000302,U019,transaction,0.0,0.0,0,0.0,0,20.21,4.84,2.51,LOW,0.0,2.51,LOW,0,NO MODEL DETECTION,ELEVATED CONTEXTUAL RISK,Elevated contextual risk detected,NO IMMEDIATE ACTION
E000310,U013,file_access,0.0,0.25,0,0.0,0,19.77,4.39,2.5,LOW,0.12,2.5,LOW,0,NO MODEL DETECTION,NO SIGNIFICANT RISK FACTORS,No strong independent detection signal,NO IMMEDIATE ACTION
E000157,U013,transaction,0.0,0.0,0,0.0,0,19.94,4.7,2.46,LOW,0.0,2.46,LOW,0,NO MODEL DETECTION,NO SIGNIFICANT RISK FACTORS,No strong independent detection signal,NO IMMEDIATE ACTION
E000675,U019,transaction,0.0,0.0,0,0.0,0,19.88,4.66,2.45,LOW,0.0,2.45,LOW,0,NO MODEL DETECTION,NO SIGNIFICANT RISK FACTORS,No strong independent detection signal,NO IMMEDIATE ACTION
E000398,U014,transaction,0.0,0.0,0,0.0,0,13.21,10.84,2.41,LOW,0.0,2.41,LOW,0,NO MODEL DETECTION,NO SIGNIFICANT RISK FACTORS,No strong independent detection signal,NO IMMEDIATE ACTION
E000015,U015,transaction,0.0,0.0,0,0.0,0,19.54,4.4,2.39,LOW,0.0,2.39,LOW,0,NO MODEL DETECTION,NO SIGNIFICANT RISK FACTORS,No strong independent detection signal,NO IMMEDIATE ACTION
E000299,U015,file_access,0.0,0.0,0,0.0,0,19.25,4.12,2.34,LOW,0.0,2.34,LOW,0,NO MODEL DETECTION,NO SIGNIFICANT RISK FACTORS,No strong independent detection signal,NO IMMEDIATE ACTION
E000160,U015,file_access,0.0,0.0,0,0.0,0,19.25,4.12,2.34,LOW,0.0,2.34,LOW,0,NO MODEL DETECTION,NO SIGNIFICANT RISK FACTORS,No strong independent detection signal,NO IMMEDIATE ACTION
E000315,U002,file_access,0.0,0.0,0,0.0,0,19.25,4.12,2.34,LOW,0.0,2.34,LOW,0,NO MODEL DETECTION,NO SIGNIFICANT RISK FACTORS,No strong independent detection signal,NO IMMEDIATE ACTION
E000598,U015,file_access,0.0,0.0,0,0.0,0,19.0,4.0,2.3,LOW,0.0,2.3,LOW,0,NO MODEL DETECTION,NO SIGNIFICANT RISK FACTORS,No strong independent detection signal,NO IMMEDIATE ACTION
E000517,U019,file_access,0.0,0.0,0,0.0,0,19.0,4.0,2.3,LOW,0.0,2.3,LOW,0,NO MODEL DETECTION,NO SIGNIFICANT RISK FACTORS,No strong independent detection signal,NO IMMEDIATE ACTION
E000308,U012,file_access,0.0,0.0,0,0.0,0,19.0,4.0,2.3,LOW,0.0,2.3,LOW,0,NO MODEL DETECTION,NO SIGNIFICANT RISK FACTORS,No strong independent detection signal,NO IMMEDIATE ACTION
E000512,U013,file_access,0.0,0.0,0,0.0,0,19.0,4.0,2.3,LOW,0.0,2.3,LOW,0,NO MODEL DETECTION,NO SIGNIFICANT RISK FACTORS,No strong independent detection signal,NO IMMEDIATE ACTION
E000086,U015,file_access,0.0,0.25,0,0.0,0,17.75,1.38,2.0,LOW,0.12,2.0,LOW,0,NO MODEL DETECTION,NO SIGNIFICANT RISK FACTORS,No strong independent detection signal,NO IMMEDIATE ACTION
E000089,U019,file_access,0.0,0.25,0,0.0,0,17.75,1.38,2.0,LOW,0.12,2.0,LOW,0,NO MODEL DETECTION,NO SIGNIFICANT RISK FACTORS,No strong independent detection signal,NO IMMEDIATE ACTION
E000450,U015,file_access,0.0,0.25,0,0.0,0,17.75,1.38,2.0,LOW,0.12,2.0,LOW,0,NO MODEL DETECTION,NO SIGNIFICANT RISK FACTORS,No strong independent detection signal,NO IMMEDIATE ACTION
E000501,U005,transaction,0.0,0.0,0,0.0,0,10.99,9.05,2.0,LOW,0.0,2.0,LOW,0,NO MODEL DETECTION,NO SIGNIFICANT RISK FACTORS,No strong independent detection signal,NO IMMEDIATE ACTION
E000521,U015,file_access,0.0,0.5,0,0.0,0,16.55,0.78,1.91,LOW,0.25,1.91,LOW,0,NO MODEL DETECTION,NO SIGNIFICANT RISK FACTORS,No strong independent detection signal,NO IMMEDIATE ACTION
E000170,U012,file_access,0.0,0.0,0,0.0,0,17.23,1.11,1.83,LOW,0.0,1.83,LOW,0,NO MODEL DETECTION,NO SIGNIFICANT RISK FACTORS,No strong independent detection signal,NO IMMEDIATE ACTION
E000608,U001,transaction,0.0,0.25,0,0.0,0,9.7,7.52,1.81,LOW,0.12,1.81,LOW,0,NO MODEL DETECTION,NO SIGNIFICANT RISK FACTORS,No strong independent detection signal,NO IMMEDIATE ACTION
E000380,U012,file_access,0.0,0.0,0,0.0,0,16.97,0.99,1.8,LOW,0.0,1.8,LOW,0,NO MODEL DETECTION,NO SIGNIFICANT RISK FACTORS,No strong independent detection signal,NO IMMEDIATE ACTION
E000374,U013,file_access,0.0,0.0,0,0.0,0,16.97,0.99,1.8,LOW,0.0,1.8,LOW,0,NO MODEL DETECTION,NO SIGNIFICANT RISK FACTORS,No strong independent detection signal,NO IMMEDIATE ACTION
E000221,U005,transaction,0.0,0.0,0,0.0,0,9.55,8.1,1.77,LOW,0.0,1.77,LOW,0,NO MODEL DETECTION,NO SIGNIFICANT RISK FACTORS,No strong independent detection signal,NO IMMEDIATE ACTION
E000674,U012,file_access,0.0,0.0,0,0.0,0,16.03,0.51,1.65,LOW,0.0,1.65,LOW,0,NO MODEL DETECTION,NO SIGNIFICANT RISK FACTORS,No strong independent detection signal,NO IMMEDIATE ACTION
E000599,U012,file_access,0.0,0.0,0,0.0,0,16.03,0.51,1.65,LOW,0.0,1.65,LOW,0,NO MODEL DETECTION,NO SIGNIFICANT RISK FACTORS,No strong independent detection signal,NO IMMEDIATE ACTION
E000362,U005,transaction,0.0,0.0,0,0.0,0,8.8,7.6,1.64,LOW,0.0,1.64,LOW,0,NO MODEL DETECTION,NO SIGNIFICANT RISK FACTORS,No strong independent detection signal,NO IMMEDIATE ACTION
E000091,U012,file_access,0.0,0.0,0,0.0,0,15.77,0.39,1.62,LOW,0.0,1.62,LOW,0,NO MODEL DETECTION,NO SIGNIFICANT RISK FACTORS,No strong independent detection signal,NO IMMEDIATE ACTION
E000513,U006,file_access,0.0,0.0,0,0.0,0,15.77,0.39,1.62,LOW,0.0,1.62,LOW,0,NO MODEL DETECTION,NO SIGNIFICANT RISK FACTORS,No strong independent detection signal,NO IMMEDIATE ACTION
E000011,U019,file_access,0.0,0.0,0,0.0,0,15.77,0.39,1.62,LOW,0.0,1.62,LOW,0,NO MODEL DETECTION,NO SIGNIFICANT RISK FACTORS,No strong independent detection signal,NO IMMEDIATE ACTION
E000167,U012,file_access,0.0,0.0,0,0.0,0,15.77,0.39,1.62,LOW,0.0,1.62,LOW,0,NO MODEL DETECTION,NO SIGNIFICANT RISK FACTORS,No strong independent detection signal,NO IMMEDIATE ACTION
E000581,U019,file_access,0.0,0.0,0,0.0,0,15.77,0.39,1.62,LOW,0.0,1.62,LOW,0,NO MODEL DETECTION,NO SIGNIFICANT RISK FACTORS,No strong independent detection signal,NO IMMEDIATE ACTION
E000376,U015,file_access,0.0,0.0,0,0.0,0,15.77,0.39,1.62,LOW,0.0,1.62,LOW,0,NO MODEL DETECTION,NO SIGNIFICANT RISK FACTORS,No strong independent detection signal,NO IMMEDIATE ACTION
E000529,U007,file_access,0.0,0.0,0,0.0,0,15.77,0.39,1.62,LOW,0.0,1.62,LOW,0,NO MODEL DETECTION,NO SIGNIFICANT RISK FACTORS,No strong independent detection signal,NO IMMEDIATE ACTION
E000460,U002,file_access,0.0,0.0,0,0.0,0,15.77,0.39,1.62,LOW,0.0,1.62,LOW,0,NO MODEL DETECTION,NO SIGNIFICANT RISK FACTORS,No strong independent detection signal,NO IMMEDIATE ACTION
E000449,U015,file_access,0.0,0.0,0,0.0,0,15.77,0.39,1.62,LOW,0.0,1.62,LOW,0,NO MODEL DETECTION,NO SIGNIFICANT RISK FACTORS,No strong independent detection signal,NO IMMEDIATE ACTION
E000151,U010,transaction,0.0,0.0,0,0.0,0,8.7,7.52,1.62,LOW,0.0,1.62,LOW,0,NO MODEL DETECTION,NO SIGNIFICANT RISK FACTORS,No strong independent detection signal,NO IMMEDIATE ACTION
E000671,U013,file_access,0.0,0.0,0,0.0,0,15.77,0.39,1.62,LOW,0.0,1.62,LOW,0,NO MODEL DETECTION,NO SIGNIFICANT RISK FACTORS,No strong independent detection signal,NO IMMEDIATE ACTION
E000004,U015,file_access,0.0,0.0,0,0.0,0,15.77,0.39,1.62,LOW,0.0,1.62,LOW,0,NO MODEL DETECTION,NO SIGNIFICANT RISK FACTORS,No strong independent detection signal,NO IMMEDIATE ACTION
E000081,U013,file_access,0.0,0.0,0,0.0,0,15.77,0.39,1.62,LOW,0.0,1.62,LOW,0,NO MODEL DETECTION,NO SIGNIFICANT RISK FACTORS,No strong independent detection signal,NO IMMEDIATE ACTION
E000660,U019,file_access,0.0,0.0,0,0.0,0,15.77,0.39,1.62,LOW,0.0,1.62,LOW,0,NO MODEL DETECTION,NO SIGNIFICANT RISK FACTORS,No strong independent detection signal,NO IMMEDIATE ACTION
E000163,U019,file_access,0.0,0.0,0,0.0,0,15.77,0.39,1.62,LOW,0.0,1.62,LOW,0,NO MODEL DETECTION,NO SIGNIFICANT RISK FACTORS,No strong independent detection signal,NO IMMEDIATE ACTION
E000570,U005,transaction,0.0,0.0,0,0.0,0,8.37,7.09,1.55,LOW,0.0,1.55,LOW,0,NO MODEL DETECTION,NO SIGNIFICANT RISK FACTORS,No strong independent detection signal,NO IMMEDIATE ACTION
E000369,U019,file_access,0.0,0.0,0,0.0,0,15.25,0.12,1.54,LOW,0.0,1.54,LOW,0,NO MODEL DETECTION,NO SIGNIFICANT RISK FACTORS,No strong independent detection signal,NO IMMEDIATE ACTION
E000168,U012,file_access,0.0,0.0,0,0.0,0,15.25,0.12,1.54,LOW,0.0,1.54,LOW,0,NO MODEL DETECTION,NO SIGNIFICANT RISK FACTORS,No strong independent detection signal,NO IMMEDIATE ACTION
E000158,U019,file_access,0.0,0.0,0,0.0,0,15.25,0.12,1.54,LOW,0.0,1.54,LOW,0,NO MODEL DETECTION,NO SIGNIFICANT RISK FACTORS,No strong independent detection signal,NO IMMEDIATE ACTION
E000718,U007,transaction,0.0,0.0,0,0.0,0,8.2,7.15,1.54,LOW,0.0,1.54,LOW,0,NO MODEL DETECTION,NO SIGNIFICANT RISK FACTORS,No strong independent detection signal,NO IMMEDIATE ACTION
E000233,U013,file_access,0.0,0.0,0,0.0,0,15.25,0.12,1.54,LOW,0.0,1.54,LOW,0,NO MODEL DETECTION,NO SIGNIFICANT RISK FACTORS,No strong independent detection signal,NO IMMEDIATE ACTION
E000172,U006,file_access,0.0,0.0,0,0.0,0,15.25,0.12,1.54,LOW,0.0,1.54,LOW,0,NO MODEL DETECTION,NO SIGNIFICANT RISK FACTORS,No strong independent detection signal,NO IMMEDIATE ACTION
E000441,U006,file_access,0.0,0.0,0,0.0,0,15.25,0.12,1.54,LOW,0.0,1.54,LOW,0,NO MODEL DETECTION,NO SIGNIFICANT RISK FACTORS,No strong independent detection signal,NO IMMEDIATE ACTION
E000522,U012,file_access,0.0,0.0,0,0.0,0,15.25,0.12,1.54,LOW,0.0,1.54,LOW,0,NO MODEL DETECTION,NO SIGNIFICANT RISK FACTORS,No strong independent detection signal,NO IMMEDIATE ACTION
E000673,U012,file_access,0.0,0.0,0,0.0,0,15.25,0.12,1.54,LOW,0.0,1.54,LOW,0,NO MODEL DETECTION,NO SIGNIFICANT RISK FACTORS,No strong independent detection signal,NO IMMEDIATE ACTION
E000238,U012,file_access,0.0,0.0,0,0.0,0,15.25,0.12,1.54,LOW,0.0,1.54,LOW,0,NO MODEL DETECTION,NO SIGNIFICANT RISK FACTORS,No strong independent detection signal,NO IMMEDIATE ACTION
E000009,U012,file_access,0.0,0.0,0,0.0,0,15.25,0.12,1.54,LOW,0.0,1.54,LOW,0,NO MODEL DETECTION,NO SIGNIFICANT RISK FACTORS,No strong independent detection signal,NO IMMEDIATE ACTION
E000082,U012,file_access,0.0,0.0,0,0.0,0,15.25,0.12,1.54,LOW,0.0,1.54,LOW,0,NO MODEL DETECTION,NO SIGNIFICANT RISK FACTORS,No strong independent detection signal,NO IMMEDIATE ACTION
E000237,U006,file_access,0.0,0.0,0,0.0,0,15.25,0.12,1.54,LOW,0.0,1.54,LOW,0,NO MODEL DETECTION,NO SIGNIFICANT RISK FACTORS,No strong independent detection signal,NO IMMEDIATE ACTION
E000439,U006,file_access,0.0,0.0,0,0.0,0,15.25,0.12,1.54,LOW,0.0,1.54,LOW,0,NO MODEL DETECTION,NO SIGNIFICANT RISK FACTORS,No strong independent detection signal,NO IMMEDIATE ACTION
E000159,U013,file_access,0.0,0.0,0,0.0,0,15.25,0.12,1.54,LOW,0.0,1.54,LOW,0,NO MODEL DETECTION,NO SIGNIFICANT RISK FACTORS,No strong independent detection signal,NO IMMEDIATE ACTION
E000371,U006,file_access,0.0,0.0,0,0.0,0,15.25,0.12,1.54,LOW,0.0,1.54,LOW,0,NO MODEL DETECTION,NO SIGNIFICANT RISK FACTORS,No strong independent detection signal,NO IMMEDIATE ACTION
E000314,U002,file_access,0.0,0.0,0,0.0,0,15.25,0.12,1.54,LOW,0.0,1.54,LOW,0,NO MODEL DETECTION,NO SIGNIFICANT RISK FACTORS,No strong independent detection signal,NO IMMEDIATE ACTION
E000006,U015,file_access,0.0,0.0,0,0.0,0,15.25,0.12,1.54,LOW,0.0,1.54,LOW,0,NO MODEL DETECTION,NO SIGNIFICANT RISK FACTORS,No strong independent detection signal,NO IMMEDIATE ACTION
E000665,U006,file_access,0.0,0.0,0,0.0,0,15.25,0.12,1.54,LOW,0.0,1.54,LOW,0,NO MODEL DETECTION,NO SIGNIFICANT RISK FACTORS,No strong independent detection signal,NO IMMEDIATE ACTION
E000584,U006,file_access,0.0,0.0,0,0.0,0,15.25,0.12,1.54,LOW,0.0,1.54,LOW,0,NO MODEL DETECTION,NO SIGNIFICANT RISK FACTORS,No strong independent detection signal,NO IMMEDIATE ACTION
E000236,U013,file_access,0.0,0.0,0,0.0,0,15.25,0.12,1.54,LOW,0.0,1.54,LOW,0,NO MODEL DETECTION,NO SIGNIFICANT RISK FACTORS,No strong independent detection signal,NO IMMEDIATE ACTION
E000659,U013,file_access,0.0,0.0,0,0.0,0,15.25,0.12,1.54,LOW,0.0,1.54,LOW,0,NO MODEL DETECTION,NO SIGNIFICANT RISK FACTORS,No strong independent detection signal,NO IMMEDIATE ACTION
E000373,U013,file_access,0.0,0.0,0,0.0,0,15.25,0.12,1.54,LOW,0.0,1.54,LOW,0,NO MODEL DETECTION,NO SIGNIFICANT RISK FACTORS,No strong independent detection signal,NO IMMEDIATE ACTION
E000454,U012,file_access,0.0,0.0,0,0.0,0,15.25,0.12,1.54,LOW,0.0,1.54,LOW,0,NO MODEL DETECTION,NO SIGNIFICANT RISK FACTORS,No strong independent detection signal,NO IMMEDIATE ACTION
E000077,U006,file_access,0.0,0.0,0,0.0,0,15.25,0.12,1.54,LOW,0.0,1.54,LOW,0,NO MODEL DETECTION,NO SIGNIFICANT RISK FACTORS,No strong independent detection signal,NO IMMEDIATE ACTION
E000165,U015,file_access,0.0,0.0,0,0.0,0,15.25,0.12,1.54,LOW,0.0,1.54,LOW,0,NO MODEL DETECTION,NO SIGNIFICANT RISK FACTORS,No strong independent detection signal,NO IMMEDIATE ACTION
E000230,U015,file_access,0.0,0.0,0,0.0,0,15.0,0.0,1.5,LOW,0.0,1.5,LOW,0,NO MODEL DETECTION,NO SIGNIFICANT RISK FACTORS,No strong independent detection signal,NO IMMEDIATE ACTION
E000311,U015,transaction,0.0,0.0,0,0.0,0,15.0,0.0,1.5,LOW,0.0,1.5,LOW,0,NO MODEL DETECTION,NO SIGNIFICANT RISK FACTORS,No strong independent detection signal,NO IMMEDIATE ACTION
E000524,U012,file_access,0.0,0.0,0,0.0,0,15.0,0.0,1.5,LOW,0.0,1.5,LOW,0,NO MODEL DETECTION,NO SIGNIFICANT RISK FACTORS,No strong independent detection signal,NO IMMEDIATE ACTION
E000676,U013,file_access,0.0,0.0,0,0.0,0,15.0,0.0,1.5,LOW,0.0,1.5,LOW,0,NO MODEL DETECTION,NO SIGNIFICANT RISK FACTORS,No strong independent detection signal,NO IMMEDIATE ACTION
E000597,U015,file_access,0.0,0.0,0,0.0,0,15.0,0.0,1.5,LOW,0.0,1.5,LOW,0,NO MODEL DETECTION,NO SIGNIFICANT RISK FACTORS,No strong independent detection signal,NO IMMEDIATE ACTION
E000080,U015,file_access,0.0,0.0,0,0.0,0,15.0,0.0,1.5,LOW,0.0,1.5,LOW,0,NO MODEL DETECTION,NO SIGNIFICANT RISK FACTORS,No strong independent detection signal,NO IMMEDIATE ACTION
E000085,U006,file_access,0.0,0.0,0,0.0,0,15.0,0.0,1.5,LOW,0.0,1.5,LOW,0,NO MODEL DETECTION,NO SIGNIFICANT RISK FACTORS,No strong independent detection signal,NO IMMEDIATE ACTION
E000305,U015,file_access,0.0,0.0,0,0.0,0,15.0,0.0,1.5,LOW,0.0,1.5,LOW,0,NO MODEL DETECTION,NO SIGNIFICANT RISK FACTORS,No strong independent detection signal,NO IMMEDIATE ACTION
E000519,U015,file_access,0.0,0.0,0,0.0,0,15.0,0.0,1.5,LOW,0.0,1.5,LOW,0,NO MODEL DETECTION,NO SIGNIFICANT RISK FACTORS,No strong independent detection signal,NO IMMEDIATE ACTION
E000516,U015,file_access,0.0,0.0,0,0.0,0,15.0,0.0,1.5,LOW,0.0,1.5,LOW,0,NO MODEL DETECTION,NO SIGNIFICANT RISK FACTORS,No strong independent detection signal,NO IMMEDIATE ACTION
E000306,U006,file_access,0.0,0.0,0,0.0,0,15.0,0.0,1.5,LOW,0.0,1.5,LOW,0,NO MODEL DETECTION,NO SIGNIFICANT RISK FACTORS,No strong independent detection signal,NO IMMEDIATE ACTION
E000677,U012,file_access,0.0,0.0,0,0.0,0,15.0,0.0,1.5,LOW,0.0,1.5,LOW,0,NO MODEL DETECTION,NO SIGNIFICANT RISK FACTORS,No strong independent detection signal,NO IMMEDIATE ACTION
E000600,U012,file_access,0.0,0.0,0,0.0,0,15.0,0.0,1.5,LOW,0.0,1.5,LOW,0,NO MODEL DETECTION,NO SIGNIFICANT RISK FACTORS,No strong independent detection signal,NO IMMEDIATE ACTION
E000309,U013,file_access,0.0,0.0,0,0.0,0,15.0,0.0,1.5,LOW,0.0,1.5,LOW,0,NO MODEL DETECTION,NO SIGNIFICANT RISK FACTORS,No strong independent detection signal,NO IMMEDIATE ACTION
E000453,U012,file_access,0.0,0.0,0,0.0,0,15.0,0.0,1.5,LOW,0.0,1.5,LOW,0,NO MODEL DETECTION,NO SIGNIFICANT RISK FACTORS,No strong independent detection signal,NO IMMEDIATE ACTION
E000239,U019,file_access,0.0,0.0,0,0.0,0,15.0,0.0,1.5,LOW,0.0,1.5,LOW,0,NO MODEL DETECTION,NO SIGNIFICANT RISK FACTORS,No strong independent detection signal,NO IMMEDIATE ACTION
E000235,U012,file_access,0.0,0.0,0,0.0,0,15.0,0.0,1.5,LOW,0.0,1.5,LOW,0,NO MODEL DETECTION,NO SIGNIFICANT RISK FACTORS,No strong independent detection signal,NO IMMEDIATE ACTION
E000379,U012,file_access,0.0,0.0,0,0.0,0,15.0,0.0,1.5,LOW,0.0,1.5,LOW,0,NO MODEL DETECTION,NO SIGNIFICANT RISK FACTORS,No strong independent detection signal,NO IMMEDIATE ACTION
E000231,U013,file_access,0.0,0.0,0,0.0,0,15.0,0.0,1.5,LOW,0.0,1.5,LOW,0,NO MODEL DETECTION,NO SIGNIFICANT RISK FACTORS,No strong independent detection signal,NO IMMEDIATE ACTION
E000445,U013,file_access,0.0,0.0,0,0.0,0,15.0,0.0,1.5,LOW,0.0,1.5,LOW,0,NO MODEL DETECTION,NO SIGNIFICANT RISK FACTORS,No strong independent detection signal,NO IMMEDIATE ACTION
E000013,U013,file_access,0.0,0.0,0,0.0,0,15.0,0.0,1.5,LOW,0.0,1.5,LOW,0,NO MODEL DETECTION,NO SIGNIFICANT RISK FACTORS,No strong independent detection signal,NO IMMEDIATE ACTION
E000444,U006,file_access,0.0,0.0,0,0.0,0,15.0,0.0,1.5,LOW,0.0,1.5,LOW,0,NO MODEL DETECTION,NO SIGNIFICANT RISK FACTORS,No strong independent detection signal,NO IMMEDIATE ACTION
E000076,U019,file_access,0.0,0.0,0,0.0,0,15.0,0.0,1.5,LOW,0.0,1.5,LOW,0,NO MODEL DETECTION,NO SIGNIFICANT RISK FACTORS,No strong independent detection signal,NO IMMEDIATE ACTION
E000008,U006,file_access,0.0,0.0,0,0.0,0,15.0,0.0,1.5,LOW,0.0,1.5,LOW,0,NO MODEL DETECTION,NO SIGNIFICANT RISK FACTORS,No strong independent detection signal,NO IMMEDIATE ACTION
E000171,U006,file_access,0.0,0.0,0,0.0,0,15.0,0.0,1.5,LOW,0.0,1.5,LOW,0,NO MODEL DETECTION,NO SIGNIFICANT RISK FACTORS,No strong independent detection signal,NO IMMEDIATE ACTION
E000232,U006,file_access,0.0,0.0,0,0.0,0,15.0,0.0,1.5,LOW,0.0,1.5,LOW,0,NO MODEL DETECTION,NO SIGNIFICANT RISK FACTORS,No strong independent detection signal,NO IMMEDIATE ACTION
E000234,U019,file_access,0.0,0.0,0,0.0,0,15.0,0.0,1.5,LOW,0.0,1.5,LOW,0,NO MODEL DETECTION,NO SIGNIFICANT RISK FACTORS,No strong independent detection signal,NO IMMEDIATE ACTION
E000242,U006,file_access,0.0,0.0,0,0.0,0,15.0,0.0,1.5,LOW,0.0,1.5,LOW,0,NO MODEL DETECTION,NO SIGNIFICANT RISK FACTORS,No strong independent detection signal,NO IMMEDIATE ACTION
E000301,U006,file_access,0.0,0.0,0,0.0,0,15.0,0.0,1.5,LOW,0.0,1.5,LOW,0,NO MODEL DETECTION,NO SIGNIFICANT RISK FACTORS,No strong independent detection signal,NO IMMEDIATE ACTION
E000672,U015,file_access,0.0,0.0,0,0.0,0,15.0,0.0,1.5,LOW,0.0,1.5,LOW,0,NO MODEL DETECTION,NO SIGNIFICANT RISK FACTORS,No strong independent detection signal,NO IMMEDIATE ACTION
E000448,U015,transaction,0.0,0.0,0,0.0,0,15.0,0.0,1.5,LOW,0.0,1.5,LOW,0,NO MODEL DETECTION,NO SIGNIFICANT RISK FACTORS,No strong independent detection signal,NO IMMEDIATE ACTION
E000307,U019,file_access,0.0,0.0,0,0.0,0,15.0,0.0,1.5,LOW,0.0,1.5,LOW,0,NO MODEL DETECTION,NO SIGNIFICANT RISK FACTORS,No strong independent detection signal,NO IMMEDIATE ACTION
E000090,U012,file_access,0.0,0.0,0,0.0,0,15.0,0.0,1.5,LOW,0.0,1.5,LOW,0,NO MODEL DETECTION,NO SIGNIFICANT RISK FACTORS,No strong independent detection signal,NO IMMEDIATE ACTION
E000446,U019,file_access,0.0,0.0,0,0.0,0,15.0,0.0,1.5,LOW,0.0,1.5,LOW,0,NO MODEL DETECTION,NO SIGNIFICANT RISK FACTORS,No strong independent detection signal,NO IMMEDIATE ACTION
E000012,U013,file_access,0.0,0.0,0,0.0,0,15.0,0.0,1.5,LOW,0.0,1.5,LOW,0,NO MODEL DETECTION,NO SIGNIFICANT RISK FACTORS,No strong independent detection signal,NO IMMEDIATE ACTION
E000593,U013,file_access,0.0,0.0,0,0.0,0,15.0,0.0,1.5,LOW,0.0,1.5,LOW,0,NO MODEL DETECTION,NO SIGNIFICANT RISK FACTORS,No strong independent detection signal,NO IMMEDIATE ACTION
E000010,U019,file_access,0.0,0.0,0,0.0,0,15.0,0.0,1.5,LOW,0.0,1.5,LOW,0,NO MODEL DETECTION,NO SIGNIFICANT RISK FACTORS,No strong independent detection signal,NO IMMEDIATE ACTION
E000087,U019,file_access,0.0,0.0,0,0.0,0,15.0,0.0,1.5,LOW,0.0,1.5,LOW,0,NO MODEL DETECTION,NO SIGNIFICANT RISK FACTORS,No strong independent detection signal,NO IMMEDIATE ACTION
E000681,U001,file_access,0.0,0.0,0,0.0,0,15.0,0.0,1.5,LOW,0.0,1.5,LOW,0,NO MODEL DETECTION,NO SIGNIFICANT RISK FACTORS,No strong independent detection signal,NO IMMEDIATE ACTION
E000594,U012,file_access,0.0,0.0,0,0.0,0,15.0,0.0,1.5,LOW,0.0,1.5,LOW,0,NO MODEL DETECTION,NO SIGNIFICANT RISK FACTORS,No strong independent detection signal,NO IMMEDIATE ACTION
E000092,U013,file_access,0.0,0.0,0,0.0,0,15.0,0.0,1.5,LOW,0.0,1.5,LOW,0,NO MODEL DETECTION,NO SIGNIFICANT RISK FACTORS,No strong independent detection signal,NO IMMEDIATE ACTION
E000287,U003,transaction,0.0,0.0,0,0.0,0,8.23,6.61,1.48,LOW,0.0,1.48,LOW,0,NO MODEL DETECTION,NO SIGNIFICANT RISK FACTORS,No strong independent detection signal,NO IMMEDIATE ACTION
E000273,U007,transaction,0.0,0.0,0,0.0,0,7.8,6.85,1.46,LOW,0.0,1.46,LOW,0,NO MODEL DETECTION,NO SIGNIFICANT RISK FACTORS,No strong independent detection signal,NO IMMEDIATE ACTION
E000131,U014,transaction,0.0,0.0,0,0.0,0,7.58,6.68,1.43,LOW,0.0,1.43,LOW,0,NO MODEL DETECTION,NO SIGNIFICANT RISK FACTORS,No strong independent detection signal,NO IMMEDIATE ACTION
E000566,U010,transaction,0.0,0.0,0,0.0,0,7.45,6.4,1.39,LOW,0.0,1.39,LOW,0,NO MODEL DETECTION,NO SIGNIFICANT RISK FACTORS,No strong independent detection signal,NO IMMEDIATE ACTION
E000027,U001,transaction,0.0,0.0,0,0.0,0,7.3,6.48,1.38,LOW,0.0,1.38,LOW,0,NO MODEL DETECTION,NO SIGNIFICANT RISK FACTORS,No strong independent detection signal,NO IMMEDIATE ACTION
E000323,U002,transaction,0.0,0.0,0,0.0,0,7.26,6.44,1.37,LOW,0.0,1.37,LOW,0,NO MODEL DETECTION,NO SIGNIFICANT RISK FACTORS,No strong independent detection signal,NO IMMEDIATE ACTION
E000627,U014,transaction,0.0,0.0,0,0.0,0,7.22,6.42,1.36,LOW,0.0,1.36,LOW,0,NO MODEL DETECTION,NO SIGNIFICANT RISK FACTORS,No strong independent detection signal,NO IMMEDIATE ACTION
E000697,U002,transaction,0.0,0.0,0,0.0,0,7.16,6.37,1.35,LOW,0.0,1.35,LOW,0,NO MODEL DETECTION,NO SIGNIFICANT RISK FACTORS,No strong independent detection signal,NO IMMEDIATE ACTION
E000654,U010,transaction,0.0,0.0,0,0.0,0,7.02,6.26,1.33,LOW,0.0,1.33,LOW,0,NO MODEL DETECTION,NO SIGNIFICANT RISK FACTORS,No strong independent detection signal,NO IMMEDIATE ACTION
E000060,U003,transaction,0.0,0.0,0,0.0,0,7.15,6.17,1.33,LOW,0.0,1.33,LOW,0,NO MODEL DETECTION,NO SIGNIFICANT RISK FACTORS,No strong independent detection signal,NO IMMEDIATE ACTION
E000618,U004,transaction,0.0,0.0,0,0.0,0,7.05,6.1,1.32,LOW,0.0,1.32,LOW,0,NO MODEL DETECTION,NO SIGNIFICANT RISK FACTORS,No strong independent detection signal,NO IMMEDIATE ACTION
E000414,U009,transaction,0.0,0.0,0,0.0,0,7.27,5.89,1.32,LOW,0.0,1.32,LOW,0,NO MODEL DETECTION,NO SIGNIFICANT RISK FACTORS,No strong independent detection signal,NO IMMEDIATE ACTION
E000280,U020,transaction,0.0,0.0,0,0.0,0,6.75,5.87,1.26,LOW,0.0,1.26,LOW,0,NO MODEL DETECTION,NO SIGNIFICANT RISK FACTORS,No strong independent detection signal,NO IMMEDIATE ACTION
E000270,U016,transaction,0.0,0.0,0,0.0,0,6.69,5.83,1.25,LOW,0.0,1.25,LOW,0,NO MODEL DETECTION,NO SIGNIFICANT RISK FACTORS,No strong independent detection signal,NO IMMEDIATE ACTION
E000363,U003,transaction,0.0,0.0,0,0.0,0,6.52,5.89,1.24,LOW,0.0,1.24,LOW,0,NO MODEL DETECTION,NO SIGNIFICANT RISK FACTORS,No strong independent detection signal,NO IMMEDIATE ACTION
E000497,U003,transaction,0.0,0.0,0,0.0,0,6.65,5.8,1.24,LOW,0.0,1.24,LOW,0,NO MODEL DETECTION,NO SIGNIFICANT RISK FACTORS,No strong independent detection signal,NO IMMEDIATE ACTION
E000272,U014,transaction,0.0,0.0,0,0.0,0,6.54,5.9,1.24,LOW,0.0,1.24,LOW,0,NO MODEL DETECTION,NO SIGNIFICANT RISK FACTORS,No strong independent detection signal,NO IMMEDIATE ACTION
E000061,U008,transaction,0.0,0.0,0,0.0,0,6.57,5.74,1.23,LOW,0.0,1.23,LOW,0,NO MODEL DETECTION,NO SIGNIFICANT RISK FACTORS,No strong independent detection signal,NO IMMEDIATE ACTION
E000332,U018,transaction,0.0,0.0,0,0.0,0,6.49,5.8,1.23,LOW,0.0,1.23,LOW,0,NO MODEL DETECTION,NO SIGNIFICANT RISK FACTORS,No strong independent detection signal,NO IMMEDIATE ACTION
E000645,U003,transaction,0.0,0.0,0,0.0,0,6.42,5.82,1.22,LOW,0.0,1.22,LOW,0,NO MODEL DETECTION,NO SIGNIFICANT RISK FACTORS,No strong independent detection signal,NO IMMEDIATE ACTION
E000071,U020,transaction,0.0,0.0,0,0.0,0,6.43,5.76,1.22,LOW,0.0,1.22,LOW,0,NO MODEL DETECTION,NO SIGNIFICANT RISK FACTORS,No strong independent detection signal,NO IMMEDIATE ACTION
E000403,U007,file_access,0.0,0.0,0,0.0,0,6.75,5.38,1.21,LOW,0.0,1.21,LOW,0,NO MODEL DETECTION,NO SIGNIFICANT RISK FACTORS,No strong independent detection signal,NO IMMEDIATE ACTION
E000364,U020,transaction,0.0,0.0,0,0.0,0,6.22,5.66,1.19,LOW,0.0,1.19,LOW,0,NO MODEL DETECTION,NO SIGNIFICANT RISK FACTORS,No strong independent detection signal,NO IMMEDIATE ACTION
E000709,U018,transaction,0.0,0.0,0,0.0,0,6.25,5.62,1.19,LOW,0.0,1.19,LOW,0,NO MODEL DETECTION,NO SIGNIFICANT RISK FACTORS,No strong independent detection signal,NO IMMEDIATE ACTION
E000507,U020,transaction,0.0,0.0,0,0.0,0,6.21,5.59,1.18,LOW,0.0,1.18,LOW,0,NO MODEL DETECTION,NO SIGNIFICANT RISK FACTORS,No strong independent detection signal,NO IMMEDIATE ACTION
E000571,U020,transaction,0.0,0.0,0,0.0,0,6.16,5.62,1.18,LOW,0.0,1.18,LOW,0,NO MODEL DETECTION,NO SIGNIFICANT RISK FACTORS,No strong independent detection signal,NO IMMEDIATE ACTION
E000198,U018,transaction,0.0,0.0,0,0.0,0,6.14,5.6,1.17,LOW,0.0,1.17,LOW,0,NO MODEL DETECTION,NO SIGNIFICANT RISK FACTORS,No strong independent detection signal,NO IMMEDIATE ACTION
E000702,U016,transaction,0.0,0.0,0,0.0,0,6.15,5.55,1.17,LOW,0.0,1.17,LOW,0,NO MODEL DETECTION,NO SIGNIFICANT RISK FACTORS,No strong independent detection signal,NO IMMEDIATE ACTION
E000714,U004,transaction,0.0,0.0,0,0.0,0,6.06,5.54,1.16,LOW,0.0,1.16,LOW,0,NO MODEL DETECTION,NO SIGNIFICANT RISK FACTORS,No strong independent detection signal,NO IMMEDIATE ACTION
E000719,U008,transaction,0.0,0.0,0,0.0,0,6.11,5.52,1.16,LOW,0.0,1.16,LOW,0,NO MODEL DETECTION,NO SIGNIFICANT RISK FACTORS,No strong independent detection signal,NO IMMEDIATE ACTION
E000735,U020,transaction,0.0,0.0,0,0.0,0,6.0,5.5,1.15,LOW,0.0,1.15,LOW,0,NO MODEL DETECTION,NO SIGNIFICANT RISK FACTORS,No strong independent detection signal,NO IMMEDIATE ACTION
E000217,U008,transaction,0.0,0.0,0,0.0,0,6.0,5.5,1.15,LOW,0.0,1.15,LOW,0,NO MODEL DETECTION,NO SIGNIFICANT RISK FACTORS,No strong independent detection signal,NO IMMEDIATE ACTION
E000656,U020,transaction,0.0,0.0,0,0.0,0,5.9,5.42,1.13,LOW,0.0,1.13,LOW,0,NO MODEL DETECTION,NO SIGNIFICANT RISK FACTORS,No strong independent detection signal,NO IMMEDIATE ACTION
E000416,U016,transaction,0.0,0.0,0,0.0,0,5.9,5.42,1.13,LOW,0.0,1.13,LOW,0,NO MODEL DETECTION,NO SIGNIFICANT RISK FACTORS,No strong independent detection signal,NO IMMEDIATE ACTION
E000051,U004,transaction,0.0,0.0,0,0.0,0,5.9,5.42,1.13,LOW,0.0,1.13,LOW,0,NO MODEL DETECTION,NO SIGNIFICANT RISK FACTORS,No strong independent detection signal,NO IMMEDIATE ACTION
E000152,U020,transaction,0.0,0.0,0,0.0,0,5.9,5.42,1.13,LOW,0.0,1.13,LOW,0,NO MODEL DETECTION,NO SIGNIFICANT RISK FACTORS,No strong independent detection signal,NO IMMEDIATE ACTION
E000560,U016,transaction,0.0,0.0,0,0.0,0,5.88,5.41,1.13,LOW,0.0,1.13,LOW,0,NO MODEL DETECTION,NO SIGNIFICANT RISK FACTORS,No strong independent detection signal,NO IMMEDIATE ACTION
E000437,U008,transaction,0.0,0.0,0,0.0,0,5.88,5.41,1.13,LOW,0.0,1.13,LOW,0,NO MODEL DETECTION,NO SIGNIFICANT RISK FACTORS,No strong independent detection signal,NO IMMEDIATE ACTION
E000277,U018,transaction,0.0,0.0,0,0.0,0,5.9,5.42,1.13,LOW,0.0,1.13,LOW,0,NO MODEL DETECTION,NO SIGNIFICANT RISK FACTORS,No strong independent detection signal,NO IMMEDIATE ACTION
E000429,U010,file_access,0.0,0.0,0,0.0,0,6.23,5.11,1.13,LOW,0.0,1.13,LOW,0,NO MODEL DETECTION,NO SIGNIFICANT RISK FACTORS,No strong independent detection signal,NO IMMEDIATE ACTION
E000133,U018,transaction,0.0,0.0,0,0.0,0,5.82,5.36,1.12,LOW,0.0,1.12,LOW,0,NO MODEL DETECTION,NO SIGNIFICANT RISK FACTORS,No strong independent detection signal,NO IMMEDIATE ACTION
E000044,U016,transaction,0.0,0.0,0,0.0,0,5.84,5.38,1.12,LOW,0.0,1.12,LOW,0,NO MODEL DETECTION,NO SIGNIFICANT RISK FACTORS,No strong independent detection signal,NO IMMEDIATE ACTION
E000391,U011,file_access,0.0,0.0,0,0.0,0,5.97,4.99,1.1,LOW,0.0,1.1,LOW,0,NO MODEL DETECTION,NO SIGNIFICANT RISK FACTORS,No strong independent detection signal,NO IMMEDIATE ACTION
E000649,U008,file_access,0.0,0.0,0,0.0,0,5.97,4.99,1.1,LOW,0.0,1.1,LOW,0,NO MODEL DETECTION,NO SIGNIFICANT RISK FACTORS,No strong independent detection signal,NO IMMEDIATE ACTION
E000736,U003,transaction,0.0,0.0,0,0.0,0,5.58,5.18,1.08,LOW,0.0,1.08,LOW,0,NO MODEL DETECTION,NO SIGNIFICANT RISK FACTORS,No strong independent detection signal,NO IMMEDIATE ACTION
E000114,U007,file_access,0.0,0.25,0,0.0,0,5.03,4.51,1.04,LOW,0.12,1.04,LOW,0,NO MODEL DETECTION,NO SIGNIFICANT RISK FACTORS,No strong independent detection signal,NO IMMEDIATE ACTION
E000711,U018,file_access,0.0,0.25,0,0.0,0,5.03,4.51,1.04,LOW,0.12,1.04,LOW,0,NO MODEL DETECTION,NO SIGNIFICANT RISK FACTORS,No strong independent detection signal,NO IMMEDIATE ACTION
E000607,U001,file_access,0.0,0.25,0,0.0,0,5.03,4.51,1.04,LOW,0.12,1.04,LOW,0,NO MODEL DETECTION,NO SIGNIFICANT RISK FACTORS,No strong independent detection signal,NO IMMEDIATE ACTION
E000638,U007,transaction,0.0,0.0,0,0.0,0,5.02,4.76,0.98,LOW,0.0,0.98,LOW,0,NO MODEL DETECTION,NO SIGNIFICANT RISK FACTORS,No strong independent detection signal,NO IMMEDIATE ACTION
E000331,U017,file_access,0.0,0.0,0,0.0,0,4.77,4.39,0.92,LOW,0.0,0.92,LOW,0,NO MODEL DETECTION,NO SIGNIFICANT RISK FACTORS,No strong independent detection signal,NO IMMEDIATE ACTION
E000407,U001,file_access,0.0,0.0,0,0.0,0,4.77,4.39,0.92,LOW,0.0,0.92,LOW,0,NO MODEL DETECTION,NO SIGNIFICANT RISK FACTORS,No strong independent detection signal,NO IMMEDIATE ACTION
E000432,U005,file_access,0.0,0.0,0,0.0,0,4.77,4.39,0.92,LOW,0.0,0.92,LOW,0,NO MODEL DETECTION,NO SIGNIFICANT RISK FACTORS,No strong independent detection signal,NO IMMEDIATE ACTION
E000254,U007,file_access,0.0,0.0,0,0.0,0,4.77,4.39,0.92,LOW,0.0,0.92,LOW,0,NO MODEL DETECTION,NO SIGNIFICANT RISK FACTORS,No strong independent detection signal,NO IMMEDIATE ACTION
E000140,U010,file_access,0.0,0.0,0,0.0,0,4.77,4.39,0.92,LOW,0.0,0.92,LOW,0,NO MODEL DETECTION,NO SIGNIFICANT RISK FACTORS,No strong independent detection signal,NO IMMEDIATE ACTION
E000148,U010,file_access,0.0,0.0,0,0.0,0,4.77,4.39,0.92,LOW,0.0,0.92,LOW,0,NO MODEL DETECTION,NO SIGNIFICANT RISK FACTORS,No strong independent detection signal,NO IMMEDIATE ACTION
E000424,U010,file_access,0.0,0.0,0,0.0,0,4.77,4.39,0.92,LOW,0.0,0.92,LOW,0,NO MODEL DETECTION,NO SIGNIFICANT RISK FACTORS,No strong independent detection signal,NO IMMEDIATE ACTION
E000402,U007,file_access,0.0,0.0,0,0.0,0,4.77,4.39,0.92,LOW,0.0,0.92,LOW,0,NO MODEL DETECTION,NO SIGNIFICANT RISK FACTORS,No strong independent detection signal,NO IMMEDIATE ACTION
E000022,U017,file_access,0.0,0.0,0,0.0,0,4.77,4.39,0.92,LOW,0.0,0.92,LOW,0,NO MODEL DETECTION,NO SIGNIFICANT RISK FACTORS,No strong independent detection signal,NO IMMEDIATE ACTION
E000113,U011,file_access,0.0,0.0,0,0.0,0,4.77,4.39,0.92,LOW,0.0,0.92,LOW,0,NO MODEL DETECTION,NO SIGNIFICANT RISK FACTORS,No strong independent detection signal,NO IMMEDIATE ACTION
E000047,U002,transaction,0.0,0.0,0,0.0,0,4.5,4.38,0.89,LOW,0.0,0.89,LOW,0,NO MODEL DETECTION,NO SIGNIFICANT RISK FACTORS,No strong independent detection signal,NO IMMEDIATE ACTION
E000334,U007,transaction,0.0,0.0,0,0.0,0,4.36,4.27,0.86,LOW,0.0,0.86,LOW,0,NO MODEL DETECTION,NO SIGNIFICANT RISK FACTORS,No strong independent detection signal,NO IMMEDIATE ACTION
E000704,U004,file_access,0.0,0.0,0,0.0,0,4.25,4.12,0.84,LOW,0.0,0.84,LOW,0,NO MODEL DETECTION,NO SIGNIFICANT RISK FACTORS,No strong independent detection signal,NO IMMEDIATE ACTION
E000130,U017,file_access,0.0,0.0,0,0.0,0,4.25,4.12,0.84,LOW,0.0,0.84,LOW,0,NO MODEL DETECTION,NO SIGNIFICANT RISK FACTORS,No strong independent detection signal,NO IMMEDIATE ACTION
E000251,U004,file_access,0.0,0.0,0,0.0,0,4.25,4.12,0.84,LOW,0.0,0.84,LOW,0,NO MODEL DETECTION,NO SIGNIFICANT RISK FACTORS,No strong independent detection signal,NO IMMEDIATE ACTION
E000067,U005,file_access,0.0,0.0,0,0.0,0,4.25,4.12,0.84,LOW,0.0,0.84,LOW,0,NO MODEL DETECTION,NO SIGNIFICANT RISK FACTORS,No strong independent detection signal,NO IMMEDIATE ACTION
E000728,U008,file_access,0.0,0.0,0,0.0,0,4.25,4.12,0.84,LOW,0.0,0.84,LOW,0,NO MODEL DETECTION,NO SIGNIFICANT RISK FACTORS,No strong independent detection signal,NO IMMEDIATE ACTION
E000038,U017,file_access,0.0,0.0,0,0.0,0,4.25,4.12,0.84,LOW,0.0,0.84,LOW,0,NO MODEL DETECTION,NO SIGNIFICANT RISK FACTORS,No strong independent detection signal,NO IMMEDIATE ACTION
E000474,U009,file_access,0.0,0.0,0,0.0,0,4.25,4.12,0.84,LOW,0.0,0.84,LOW,0,NO MODEL DETECTION,NO SIGNIFICANT RISK FACTORS,No strong independent detection signal,NO IMMEDIATE ACTION
E000619,U018,file_access,0.0,0.0,0,0.0,0,4.25,4.12,0.84,LOW,0.0,0.84,LOW,0,NO MODEL DETECTION,NO SIGNIFICANT RISK FACTORS,No strong independent detection signal,NO IMMEDIATE ACTION
E000072,U020,file_access,0.0,0.0,0,0.0,0,4.25,4.12,0.84,LOW,0.0,0.84,LOW,0,NO MODEL DETECTION,NO SIGNIFICANT RISK FACTORS,No strong independent detection signal,NO IMMEDIATE ACTION
E000687,U009,file_access,0.0,0.0,0,0.0,0,4.25,4.12,0.84,LOW,0.0,0.84,LOW,0,NO MODEL DETECTION,NO SIGNIFICANT RISK FACTORS,No strong independent detection signal,NO IMMEDIATE ACTION
E000700,U007,file_access,0.0,0.0,0,0.0,0,4.25,4.12,0.84,LOW,0.0,0.84,LOW,0,NO MODEL DETECTION,NO SIGNIFICANT RISK FACTORS,No strong independent detection signal,NO IMMEDIATE ACTION
E000031,U014,file_access,0.0,0.0,0,0.0,0,4.25,4.12,0.84,LOW,0.0,0.84,LOW,0,NO MODEL DETECTION,NO SIGNIFICANT RISK FACTORS,No strong independent detection signal,NO IMMEDIATE ACTION
E000557,U016,file_access,0.0,0.0,0,0.0,0,4.25,4.12,0.84,LOW,0.0,0.84,LOW,0,NO MODEL DETECTION,NO SIGNIFICANT RISK FACTORS,No strong independent detection signal,NO IMMEDIATE ACTION
E000108,U001,file_access,0.0,0.0,0,0.0,0,4.25,4.12,0.84,LOW,0.0,0.84,LOW,0,NO MODEL DETECTION,NO SIGNIFICANT RISK FACTORS,No strong independent detection signal,NO IMMEDIATE ACTION
E000492,U005,file_access,0.0,0.0,0,0.0,0,4.0,4.0,0.8,LOW,0.0,0.8,LOW,0,NO MODEL DETECTION,NO SIGNIFICANT RISK FACTORS,No strong independent detection signal,NO IMMEDIATE ACTION
E000147,U005,file_access,0.0,0.0,0,0.0,0,4.0,4.0,0.8,LOW,0.0,0.8,LOW,0,NO MODEL DETECTION,NO SIGNIFICANT RISK FACTORS,No strong independent detection signal,NO IMMEDIATE ACTION
E000626,U018,file_access,0.0,0.0,0,0.0,0,4.0,4.0,0.8,LOW,0.0,0.8,LOW,0,NO MODEL DETECTION,NO SIGNIFICANT RISK FACTORS,No strong independent detection signal,NO IMMEDIATE ACTION
E000037,U001,file_access,0.0,0.0,0,0.0,0,4.0,4.0,0.8,LOW,0.0,0.8,LOW,0,NO MODEL DETECTION,NO SIGNIFICANT RISK FACTORS,No strong independent detection signal,NO IMMEDIATE ACTION
E000126,U011,file_access,0.0,0.0,0,0.0,0,4.0,4.0,0.8,LOW,0.0,0.8,LOW,0,NO MODEL DETECTION,NO SIGNIFICANT RISK FACTORS,No strong independent detection signal,NO IMMEDIATE ACTION
E000145,U010,file_access,0.0,0.0,0,0.0,0,4.0,4.0,0.8,LOW,0.0,0.8,LOW,0,NO MODEL DETECTION,NO SIGNIFICANT RISK FACTORS,No strong independent detection signal,NO IMMEDIATE ACTION
E000434,U008,file_access,0.0,0.0,0,0.0,0,4.0,4.0,0.8,LOW,0.0,0.8,LOW,0,NO MODEL DETECTION,NO SIGNIFICANT RISK FACTORS,No strong independent detection signal,NO IMMEDIATE ACTION
E000465,U002,file_access,0.0,0.0,0,0.0,0,4.0,4.0,0.8,LOW,0.0,0.8,LOW,0,NO MODEL DETECTION,NO SIGNIFICANT RISK FACTORS,No strong independent detection signal,NO IMMEDIATE ACTION
E000390,U011,file_access,0.0,0.0,0,0.0,0,4.0,4.0,0.8,LOW,0.0,0.8,LOW,0,NO MODEL DETECTION,NO SIGNIFICANT RISK FACTORS,No strong independent detection signal,NO IMMEDIATE ACTION
E000401,U011,file_access,0.0,0.0,0,0.0,0,4.0,4.0,0.8,LOW,0.0,0.8,LOW,0,NO MODEL DETECTION,NO SIGNIFICANT RISK FACTORS,No strong independent detection signal,NO IMMEDIATE ACTION
E000476,U017,file_access,0.0,0.0,0,0.0,0,4.0,4.0,0.8,LOW,0.0,0.8,LOW,0,NO MODEL DETECTION,NO SIGNIFICANT RISK FACTORS,No strong independent detection signal,NO IMMEDIATE ACTION
E000208,U003,file_access,0.0,0.0,0,0.0,0,4.0,4.0,0.8,LOW,0.0,0.8,LOW,0,NO MODEL DETECTION,NO SIGNIFICANT RISK FACTORS,No strong independent detection signal,NO IMMEDIATE ACTION
E000149,U003,file_access,0.0,0.0,0,0.0,0,4.0,4.0,0.8,LOW,0.0,0.8,LOW,0,NO MODEL DETECTION,NO SIGNIFICANT RISK FACTORS,No strong independent detection signal,NO IMMEDIATE ACTION
E000644,U010,file_access,0.0,0.0,0,0.0,0,4.0,4.0,0.8,LOW,0.0,0.8,LOW,0,NO MODEL DETECTION,NO SIGNIFICANT RISK FACTORS,No strong independent detection signal,NO IMMEDIATE ACTION
E000479,U014,file_access,0.0,0.0,0,0.0,0,4.0,4.0,0.8,LOW,0.0,0.8,LOW,0,NO MODEL DETECTION,NO SIGNIFICANT RISK FACTORS,No strong independent detection signal,NO IMMEDIATE ACTION
E000546,U014,file_access,0.0,0.0,0,0.0,0,4.0,4.0,0.8,LOW,0.0,0.8,LOW,0,NO MODEL DETECTION,NO SIGNIFICANT RISK FACTORS,No strong independent detection signal,NO IMMEDIATE ACTION
E000409,U009,file_access,0.0,0.0,0,0.0,0,4.0,4.0,0.8,LOW,0.0,0.8,LOW,0,NO MODEL DETECTION,NO SIGNIFICANT RISK FACTORS,No strong independent detection signal,NO IMMEDIATE ACTION
E000637,U017,file_access,0.0,0.0,0,0.0,0,4.0,4.0,0.8,LOW,0.0,0.8,LOW,0,NO MODEL DETECTION,NO SIGNIFICANT RISK FACTORS,No strong independent detection signal,NO IMMEDIATE ACTION
E000397,U016,file_access,0.0,0.0,0,0.0,0,4.0,4.0,0.8,LOW,0.0,0.8,LOW,0,NO MODEL DETECTION,NO SIGNIFICANT RISK FACTORS,No strong independent detection signal,NO IMMEDIATE ACTION
E000269,U016,file_access,0.0,0.0,0,0.0,0,4.0,4.0,0.8,LOW,0.0,0.8,LOW,0,NO MODEL DETECTION,NO SIGNIFICANT RISK FACTORS,No strong independent detection signal,NO IMMEDIATE ACTION
E000621,U007,file_access,0.0,0.0,0,0.0,0,4.0,4.0,0.8,LOW,0.0,0.8,LOW,0,NO MODEL DETECTION,NO SIGNIFICANT RISK FACTORS,No strong independent detection signal,NO IMMEDIATE ACTION
E000115,U007,file_access,0.0,0.25,0,0.0,0,3.0,1.5,0.54,LOW,0.12,0.54,LOW,0,NO MODEL DETECTION,NO SIGNIFICANT RISK FACTORS,No strong independent detection signal,NO IMMEDIATE ACTION
E000698,U014,file_access,0.0,0.0,0,0.0,0,2.75,1.38,0.41,LOW,0.0,0.41,LOW,0,NO MODEL DETECTION,NO SIGNIFICANT RISK FACTORS,No strong independent detection signal,NO IMMEDIATE ACTION
E000433,U005,file_access,0.0,0.0,0,0.0,0,2.75,1.38,0.41,LOW,0.0,0.41,LOW,0,NO MODEL DETECTION,NO SIGNIFICANT RISK FACTORS,No strong independent detection signal,NO IMMEDIATE ACTION
E000107,U014,file_access,0.0,0.0,0,0.0,0,2.23,1.11,0.33,LOW,0.0,0.33,LOW,0,NO MODEL DETECTION,NO SIGNIFICANT RISK FACTORS,No strong independent detection signal,NO IMMEDIATE ACTION
E000413,U018,file_access,0.0,0.0,0,0.0,0,2.23,1.11,0.33,LOW,0.0,0.33,LOW,0,NO MODEL DETECTION,NO SIGNIFICANT RISK FACTORS,No strong independent detection signal,NO IMMEDIATE ACTION
E000635,U017,file_access,0.0,0.0,0,0.0,0,2.23,1.11,0.33,LOW,0.0,0.33,LOW,0,NO MODEL DETECTION,NO SIGNIFICANT RISK FACTORS,No strong independent detection signal,NO IMMEDIATE ACTION
E000399,U014,file_access,0.0,0.0,0,0.0,0,2.23,1.11,0.33,LOW,0.0,0.33,LOW,0,NO MODEL DETECTION,NO SIGNIFICANT RISK FACTORS,No strong independent detection signal,NO IMMEDIATE ACTION
E000356,U008,file_access,0.0,0.0,0,0.0,0,2.23,1.11,0.33,LOW,0.0,0.33,LOW,0,NO MODEL DETECTION,NO SIGNIFICANT RISK FACTORS,No strong independent detection signal,NO IMMEDIATE ACTION
E000353,U020,file_access,0.0,0.0,0,0.0,0,2.23,1.11,0.33,LOW,0.0,0.33,LOW,0,NO MODEL DETECTION,NO SIGNIFICANT RISK FACTORS,No strong independent detection signal,NO IMMEDIATE ACTION
E000650,U008,file_access,0.0,0.25,0,0.0,0,1.55,0.78,0.32,LOW,0.12,0.32,LOW,0,NO MODEL DETECTION,NO SIGNIFICANT RISK FACTORS,No strong independent detection signal,NO IMMEDIATE ACTION
E000345,U009,file_access,0.0,0.0,0,0.0,0,1.97,0.99,0.3,LOW,0.0,0.3,LOW,0,NO MODEL DETECTION,NO SIGNIFICANT RISK FACTORS,No strong independent detection signal,NO IMMEDIATE ACTION
E000490,U010,file_access,0.0,0.0,0,0.0,0,1.97,0.99,0.3,LOW,0.0,0.3,LOW,0,NO MODEL DETECTION,NO SIGNIFICANT RISK FACTORS,No strong independent detection signal,NO IMMEDIATE ACTION
E000025,U002,file_access,0.0,0.0,0,0.0,0,1.97,0.99,0.3,LOW,0.0,0.3,LOW,0,NO MODEL DETECTION,NO SIGNIFICANT RISK FACTORS,No strong independent detection signal,NO IMMEDIATE ACTION
E000195,U017,file_access,0.0,0.0,0,0.0,0,1.97,0.99,0.3,LOW,0.0,0.3,LOW,0,NO MODEL DETECTION,NO SIGNIFICANT RISK FACTORS,No strong independent detection signal,NO IMMEDIATE ACTION
E000325,U007,file_access,0.0,0.0,0,0.0,0,1.97,0.99,0.3,LOW,0.0,0.3,LOW,0,NO MODEL DETECTION,NO SIGNIFICANT RISK FACTORS,No strong independent detection signal,NO IMMEDIATE ACTION
E000289,U010,file_access,0.0,0.0,0,0.0,0,1.97,0.99,0.3,LOW,0.0,0.3,LOW,0,NO MODEL DETECTION,NO SIGNIFICANT RISK FACTORS,No strong independent detection signal,NO IMMEDIATE ACTION
E000505,U020,file_access,0.0,0.0,0,0.0,0,1.97,0.99,0.3,LOW,0.0,0.3,LOW,0,NO MODEL DETECTION,NO SIGNIFICANT RISK FACTORS,No strong independent detection signal,NO IMMEDIATE ACTION
E000579,U005,file_access,0.0,0.0,0,0.0,0,1.97,0.99,0.3,LOW,0.0,0.3,LOW,0,NO MODEL DETECTION,NO SIGNIFICANT RISK FACTORS,No strong independent detection signal,NO IMMEDIATE ACTION
E000321,U011,file_access,0.0,0.0,0,0.0,0,1.97,0.99,0.3,LOW,0.0,0.3,LOW,0,NO MODEL DETECTION,NO SIGNIFICANT RISK FACTORS,No strong independent detection signal,NO IMMEDIATE ACTION
E000030,U016,file_access,0.0,0.0,0,0.0,0,1.97,0.99,0.3,LOW,0.0,0.3,LOW,0,NO MODEL DETECTION,NO SIGNIFICANT RISK FACTORS,No strong independent detection signal,NO IMMEDIATE ACTION
E000696,U014,file_access,0.0,0.0,0,0.0,0,1.97,0.99,0.3,LOW,0.0,0.3,LOW,0,NO MODEL DETECTION,NO SIGNIFICANT RISK FACTORS,No strong independent detection signal,NO IMMEDIATE ACTION
E000063,U010,file_access,0.0,0.0,0,0.0,0,1.97,0.99,0.3,LOW,0.0,0.3,LOW,0,NO MODEL DETECTION,NO SIGNIFICANT RISK FACTORS,No strong independent detection signal,NO IMMEDIATE ACTION
E000578,U003,file_access,0.0,0.25,0,0.0,0,1.27,0.64,0.28,LOW,0.12,0.28,LOW,0,NO MODEL DETECTION,NO SIGNIFICANT RISK FACTORS,No strong independent detection signal,NO IMMEDIATE ACTION
E000506,U020,file_access,0.0,0.0,0,0.0,0,1.55,0.78,0.23,LOW,0.0,0.23,LOW,0,NO MODEL DETECTION,NO SIGNIFICANT RISK FACTORS,No strong independent detection signal,NO IMMEDIATE ACTION
E000575,U008,file_access,0.0,0.0,0,0.0,0,1.03,0.51,0.15,LOW,0.0,0.15,LOW,0,NO MODEL DETECTION,NO SIGNIFICANT RISK FACTORS,No strong independent detection signal,NO IMMEDIATE ACTION
E000268,U017,file_access,0.0,0.0,0,0.0,0,1.03,0.51,0.15,LOW,0.0,0.15,LOW,0,NO MODEL DETECTION,NO SIGNIFICANT RISK FACTORS,No strong independent detection signal,NO IMMEDIATE ACTION
E000703,U002,file_access,0.0,0.0,0,0.0,0,1.03,0.51,0.15,LOW,0.0,0.15,LOW,0,NO MODEL DETECTION,NO SIGNIFICANT RISK FACTORS,No strong independent detection signal,NO IMMEDIATE ACTION
E000215,U020,file_access,0.0,0.0,0,0.0,0,1.03,0.51,0.15,LOW,0.0,0.15,LOW,0,NO MODEL DETECTION,NO SIGNIFICANT RISK FACTORS,No strong independent detection signal,NO IMMEDIATE ACTION
E000050,U009,file_access,0.0,0.0,0,0.0,0,1.03,0.51,0.15,LOW,0.0,0.15,LOW,0,NO MODEL DETECTION,NO SIGNIFICANT RISK FACTORS,No strong independent detection signal,NO IMMEDIATE ACTION
E000568,U010,file_access,0.0,0.0,0,0.0,0,1.03,0.51,0.15,LOW,0.0,0.15,LOW,0,NO MODEL DETECTION,NO SIGNIFICANT RISK FACTORS,No strong independent detection signal,NO IMMEDIATE ACTION
E000333,U018,file_access,0.0,0.0,0,0.0,0,1.03,0.51,0.15,LOW,0.0,0.15,LOW,0,NO MODEL DETECTION,NO SIGNIFICANT RISK FACTORS,No strong independent detection signal,NO IMMEDIATE ACTION
E000097,U002,file_access,0.0,0.0,0,0.0,0,0.77,0.39,0.12,LOW,0.0,0.12,LOW,0,NO MODEL DETECTION,NO SIGNIFICANT RISK FACTORS,No strong independent detection signal,NO IMMEDIATE ACTION
E000701,U002,file_access,0.0,0.0,0,0.0,0,0.77,0.39,0.12,LOW,0.0,0.12,LOW,0,NO MODEL DETECTION,NO SIGNIFICANT RISK FACTORS,No strong independent detection signal,NO IMMEDIATE ACTION
E000285,U020,file_access,0.0,0.0,0,0.0,0,0.77,0.39,0.12,LOW,0.0,0.12,LOW,0,NO MODEL DETECTION,NO SIGNIFICANT RISK FACTORS,No strong independent detection signal,NO IMMEDIATE ACTION
E000483,U007,transaction,0.0,0.0,0,0.0,0,0.77,0.39,0.12,LOW,0.0,0.12,LOW,0,NO MODEL DETECTION,NO SIGNIFICANT RISK FACTORS,No strong independent detection signal,NO IMMEDIATE ACTION
E000341,U005,file_access,0.0,0.0,0,0.0,0,0.77,0.39,0.12,LOW,0.0,0.12,LOW,0,NO MODEL DETECTION,NO SIGNIFICANT RISK FACTORS,No strong independent detection signal,NO IMMEDIATE ACTION
E000544,U001,file_access,0.0,0.0,0,0.0,0,0.77,0.39,0.12,LOW,0.0,0.12,LOW,0,NO MODEL DETECTION,NO SIGNIFICANT RISK FACTORS,No strong independent detection signal,NO IMMEDIATE ACTION
E000606,U001,file_access,0.0,0.0,0,0.0,0,0.77,0.39,0.12,LOW,0.0,0.12,LOW,0,NO MODEL DETECTION,NO SIGNIFICANT RISK FACTORS,No strong independent detection signal,NO IMMEDIATE ACTION
E000214,U020,file_access,0.0,0.0,0,0.0,0,0.77,0.39,0.12,LOW,0.0,0.12,LOW,0,NO MODEL DETECTION,NO SIGNIFICANT RISK FACTORS,No strong independent detection signal,NO IMMEDIATE ACTION
E000265,U018,file_access,0.0,0.0,0,0.0,0,0.77,0.39,0.12,LOW,0.0,0.12,LOW,0,NO MODEL DETECTION,NO SIGNIFICANT RISK FACTORS,No strong independent detection signal,NO IMMEDIATE ACTION
E000046,U018,file_access,0.0,0.0,0,0.0,0,0.77,0.39,0.12,LOW,0.0,0.12,LOW,0,NO MODEL DETECTION,NO SIGNIFICANT RISK FACTORS,No strong independent detection signal,NO IMMEDIATE ACTION
E000111,U007,file_access,0.0,0.0,0,0.0,0,0.77,0.39,0.12,LOW,0.0,0.12,LOW,0,NO MODEL DETECTION,NO SIGNIFICANT RISK FACTORS,No strong independent detection signal,NO IMMEDIATE ACTION
E000199,U018,file_access,0.0,0.0,0,0.0,0,0.77,0.39,0.12,LOW,0.0,0.12,LOW,0,NO MODEL DETECTION,NO SIGNIFICANT RISK FACTORS,No strong independent detection signal,NO IMMEDIATE ACTION
E000318,U004,file_access,0.0,0.0,0,0.0,0,0.77,0.39,0.12,LOW,0.0,0.12,LOW,0,NO MODEL DETECTION,NO SIGNIFICANT RISK FACTORS,No strong independent detection signal,NO IMMEDIATE ACTION
E000691,U011,file_access,0.0,0.0,0,0.0,0,0.77,0.39,0.12,LOW,0.0,0.12,LOW,0,NO MODEL DETECTION,NO SIGNIFICANT RISK FACTORS,No strong independent detection signal,NO IMMEDIATE ACTION
E000142,U020,file_access,0.0,0.0,0,0.0,0,0.77,0.39,0.12,LOW,0.0,0.12,LOW,0,NO MODEL DETECTION,NO SIGNIFICANT RISK FACTORS,No strong independent detection signal,NO IMMEDIATE ACTION
E000574,U003,file_access,0.0,0.0,0,0.0,0,0.77,0.39,0.12,LOW,0.0,0.12,LOW,0,NO MODEL DETECTION,NO SIGNIFICANT RISK FACTORS,No strong independent detection signal,NO IMMEDIATE ACTION
E000137,U005,transaction,0.0,0.0,0,0.0,0,0.77,0.39,0.12,LOW,0.0,0.12,LOW,0,NO MODEL DETECTION,NO SIGNIFICANT RISK FACTORS,No strong independent detection signal,NO IMMEDIATE ACTION
E000734,U010,file_access,0.0,0.0,0,0.0,0,0.77,0.39,0.12,LOW,0.0,0.12,LOW,0,NO MODEL DETECTION,NO SIGNIFICANT RISK FACTORS,No strong independent detection signal,NO IMMEDIATE ACTION
E000494,U005,file_access,0.0,0.0,0,0.0,0,0.77,0.39,0.12,LOW,0.0,0.12,LOW,0,NO MODEL DETECTION,NO SIGNIFICANT RISK FACTORS,No strong independent detection signal,NO IMMEDIATE ACTION
E000690,U011,file_access,0.0,0.0,0,0.0,0,0.77,0.39,0.12,LOW,0.0,0.12,LOW,0,NO MODEL DETECTION,NO SIGNIFICANT RISK FACTORS,No strong independent detection signal,NO IMMEDIATE ACTION
E000652,U005,transaction,0.0,0.0,0,0.0,0,0.77,0.39,0.12,LOW,0.0,0.12,LOW,0,NO MODEL DETECTION,NO SIGNIFICANT RISK FACTORS,No strong independent detection signal,NO IMMEDIATE ACTION
E000732,U020,file_access,0.0,0.0,0,0.0,0,0.77,0.39,0.12,LOW,0.0,0.12,LOW,0,NO MODEL DETECTION,NO SIGNIFICANT RISK FACTORS,No strong independent detection signal,NO IMMEDIATE ACTION
E000342,U009,file_access,0.0,0.0,0,0.0,0,0.77,0.39,0.12,LOW,0.0,0.12,LOW,0,NO MODEL DETECTION,NO SIGNIFICANT RISK FACTORS,No strong independent detection signal,NO IMMEDIATE ACTION
E000464,U014,file_access,0.0,0.0,0,0.0,0,0.77,0.39,0.12,LOW,0.0,0.12,LOW,0,NO MODEL DETECTION,NO SIGNIFICANT RISK FACTORS,No strong independent detection signal,NO IMMEDIATE ACTION
E000291,U008,file_access,0.0,0.0,0,0.0,0,0.77,0.39,0.12,LOW,0.0,0.12,LOW,0,NO MODEL DETECTION,NO SIGNIFICANT RISK FACTORS,No strong independent detection signal,NO IMMEDIATE ACTION
E000349,U008,file_access,0.0,0.0,0,0.0,0,0.77,0.39,0.12,LOW,0.0,0.12,LOW,0,NO MODEL DETECTION,NO SIGNIFICANT RISK FACTORS,No strong independent detection signal,NO IMMEDIATE ACTION
E000624,U007,file_access,0.0,0.0,0,0.0,0,0.77,0.39,0.12,LOW,0.0,0.12,LOW,0,NO MODEL DETECTION,NO SIGNIFICANT RISK FACTORS,No strong independent detection signal,NO IMMEDIATE ACTION
E000049,U009,file_access,0.0,0.0,0,0.0,0,0.77,0.39,0.12,LOW,0.0,0.12,LOW,0,NO MODEL DETECTION,NO SIGNIFICANT RISK FACTORS,No strong independent detection signal,NO IMMEDIATE ACTION
E000633,U017,file_access,0.0,0.0,0,0.0,0,0.77,0.39,0.12,LOW,0.0,0.12,LOW,0,NO MODEL DETECTION,NO SIGNIFICANT RISK FACTORS,No strong independent detection signal,NO IMMEDIATE ACTION
E000033,U014,transaction,0.0,0.0,0,0.0,0,0.77,0.39,0.12,LOW,0.0,0.12,LOW,0,NO MODEL DETECTION,NO SIGNIFICANT RISK FACTORS,No strong independent detection signal,NO IMMEDIATE ACTION
E000543,U009,file_access,0.0,0.0,0,0.0,0,0.77,0.39,0.12,LOW,0.0,0.12,LOW,0,NO MODEL DETECTION,NO SIGNIFICANT RISK FACTORS,No strong independent detection signal,NO IMMEDIATE ACTION
E000615,U018,file_access,0.0,0.0,0,0.0,0,0.77,0.39,0.12,LOW,0.0,0.12,LOW,0,NO MODEL DETECTION,NO SIGNIFICANT RISK FACTORS,No strong independent detection signal,NO IMMEDIATE ACTION
E000358,U003,file_access,0.0,0.0,0,0.0,0,0.77,0.39,0.12,LOW,0.0,0.12,LOW,0,NO MODEL DETECTION,NO SIGNIFICANT RISK FACTORS,No strong independent detection signal,NO IMMEDIATE ACTION
E000486,U018,file_access,0.0,0.0,0,0.0,0,0.77,0.39,0.12,LOW,0.0,0.12,LOW,0,NO MODEL DETECTION,NO SIGNIFICANT RISK FACTORS,No strong independent detection signal,NO IMMEDIATE ACTION
E000187,U007,file_access,0.0,0.0,0,0.0,0,0.77,0.39,0.12,LOW,0.0,0.12,LOW,0,NO MODEL DETECTION,NO SIGNIFICANT RISK FACTORS,No strong independent detection signal,NO IMMEDIATE ACTION
E000550,U018,file_access,0.0,0.0,0,0.0,0,0.77,0.39,0.12,LOW,0.0,0.12,LOW,0,NO MODEL DETECTION,NO SIGNIFICANT RISK FACTORS,No strong independent detection signal,NO IMMEDIATE ACTION
E000117,U014,file_access,0.0,0.0,0,0.0,0,0.5,0.25,0.08,LOW,0.0,0.08,LOW,0,NO MODEL DETECTION,NO SIGNIFICANT RISK FACTORS,No strong independent detection signal,NO IMMEDIATE ACTION
E000488,U018,file_access,0.0,0.0,0,0.0,0,0.5,0.25,0.08,LOW,0.0,0.08,LOW,0,NO MODEL DETECTION,NO SIGNIFICANT RISK FACTORS,No strong independent detection signal,NO IMMEDIATE ACTION
E000326,U007,file_access,0.0,0.0,0,0.0,0,0.5,0.25,0.08,LOW,0.0,0.08,LOW,0,NO MODEL DETECTION,NO SIGNIFICANT RISK FACTORS,No strong independent detection signal,NO IMMEDIATE ACTION
E000127,U017,file_access,0.0,0.0,0,0.0,0,0.25,0.12,0.04,LOW,0.0,0.04,LOW,0,NO MODEL DETECTION,NO SIGNIFICANT RISK FACTORS,No strong independent detection signal,NO IMMEDIATE ACTION
E000223,U010,file_access,0.0,0.0,0,0.0,0,0.25,0.12,0.04,LOW,0.0,0.04,LOW,0,NO MODEL DETECTION,NO SIGNIFICANT RISK FACTORS,No strong independent detection signal,NO IMMEDIATE ACTION
E000686,U002,file_access,0.0,0.0,0,0.0,0,0.25,0.12,0.04,LOW,0.0,0.04,LOW,0,NO MODEL DETECTION,NO SIGNIFICANT RISK FACTORS,No strong independent detection signal,NO IMMEDIATE ACTION
E000203,U009,file_access,0.0,0.0,0,0.0,0,0.25,0.12,0.04,LOW,0.0,0.04,LOW,0,NO MODEL DETECTION,NO SIGNIFICANT RISK FACTORS,No strong independent detection signal,NO IMMEDIATE ACTION
E000041,U007,file_access,0.0,0.0,0,0.0,0,0.25,0.12,0.04,LOW,0.0,0.04,LOW,0,NO MODEL DETECTION,NO SIGNIFICANT RISK FACTORS,No strong independent detection signal,NO IMMEDIATE ACTION
E000536,U001,file_access,0.0,0.0,0,0.0,0,0.25,0.12,0.04,LOW,0.0,0.04,LOW,0,NO MODEL DETECTION,NO SIGNIFICANT RISK FACTORS,No strong independent detection signal,NO IMMEDIATE ACTION
E000461,U001,file_access,0.0,0.0,0,0.0,0,0.25,0.12,0.04,LOW,0.0,0.04,LOW,0,NO MODEL DETECTION,NO SIGNIFICANT RISK FACTORS,No strong independent detection signal,NO IMMEDIATE ACTION
E000537,U001,transaction,0.0,0.0,0,0.0,0,0.25,0.12,0.04,LOW,0.0,0.04,LOW,0,NO MODEL DETECTION,NO SIGNIFICANT RISK FACTORS,No strong independent detection signal,NO IMMEDIATE ACTION
E000710,U004,file_access,0.0,0.0,0,0.0,0,0.25,0.12,0.04,LOW,0.0,0.04,LOW,0,NO MODEL DETECTION,NO SIGNIFICANT RISK FACTORS,No strong independent detection signal,NO IMMEDIATE ACTION
E000534,U004,file_access,0.0,0.0,0,0.0,0,0.25,0.12,0.04,LOW,0.0,0.04,LOW,0,NO MODEL DETECTION,NO SIGNIFICANT RISK FACTORS,No strong independent detection signal,NO IMMEDIATE ACTION
E000222,U010,file_access,0.0,0.0,0,0.0,0,0.25,0.12,0.04,LOW,0.0,0.04,LOW,0,NO MODEL DETECTION,NO SIGNIFICANT RISK FACTORS,No strong independent detection signal,NO IMMEDIATE ACTION
E000122,U001,file_access,0.0,0.0,0,0.0,0,0.25,0.12,0.04,LOW,0.0,0.04,LOW,0,NO MODEL DETECTION,NO SIGNIFICANT RISK FACTORS,No strong independent detection signal,NO IMMEDIATE ACTION
E000481,U011,file_access,0.0,0.0,0,0.0,0,0.25,0.12,0.04,LOW,0.0,0.04,LOW,0,NO MODEL DETECTION,NO SIGNIFICANT RISK FACTORS,No strong independent detection signal,NO IMMEDIATE ACTION
E000421,U020,file_access,0.0,0.0,0,0.0,0,0.25,0.12,0.04,LOW,0.0,0.04,LOW,0,NO MODEL DETECTION,NO SIGNIFICANT RISK FACTORS,No strong independent detection signal,NO IMMEDIATE ACTION
E000620,U011,file_access,0.0,0.0,0,0.0,0,0.25,0.12,0.04,LOW,0.0,0.04,LOW,0,NO MODEL DETECTION,NO SIGNIFICANT RISK FACTORS,No strong independent detection signal,NO IMMEDIATE ACTION
E000253,U011,file_access,0.0,0.0,0,0.0,0,0.25,0.12,0.04,LOW,0.0,0.04,LOW,0,NO MODEL DETECTION,NO SIGNIFICANT RISK FACTORS,No strong independent detection signal,NO IMMEDIATE ACTION
E000389,U001,file_access,0.0,0.0,0,0.0,0,0.25,0.12,0.04,LOW,0.0,0.04,LOW,0,NO MODEL DETECTION,NO SIGNIFICANT RISK FACTORS,No strong independent detection signal,NO IMMEDIATE ACTION
E000260,U001,file_access,0.0,0.0,0,0.0,0,0.25,0.12,0.04,LOW,0.0,0.04,LOW,0,NO MODEL DETECTION,NO SIGNIFICANT RISK FACTORS,No strong independent detection signal,NO IMMEDIATE ACTION
E000258,U001,file_access,0.0,0.0,0,0.0,0,0.25,0.12,0.04,LOW,0.0,0.04,LOW,0,NO MODEL DETECTION,NO SIGNIFICANT RISK FACTORS,No strong independent detection signal,NO IMMEDIATE ACTION
E000427,U010,file_access,0.0,0.0,0,0.0,0,0.25,0.12,0.04,LOW,0.0,0.04,LOW,0,NO MODEL DETECTION,NO SIGNIFICANT RISK FACTORS,No strong independent detection signal,NO IMMEDIATE ACTION
E000411,U018,file_access,0.0,0.0,0,0.0,0,0.25,0.12,0.04,LOW,0.0,0.04,LOW,0,NO MODEL DETECTION,NO SIGNIFICANT RISK FACTORS,No strong independent detection signal,NO IMMEDIATE ACTION
E000393,U002,file_access,0.0,0.0,0,0.0,0,0.25,0.12,0.04,LOW,0.0,0.04,LOW,0,NO MODEL DETECTION,NO SIGNIFICANT RISK FACTORS,No strong independent detection signal,NO IMMEDIATE ACTION
E000551,U018,file_access,0.0,0.0,0,0.0,0,0.25,0.12,0.04,LOW,0.0,0.04,LOW,0,NO MODEL DETECTION,NO SIGNIFICANT RISK FACTORS,No strong independent detection signal,NO IMMEDIATE ACTION
E000727,U005,file_access,0.0,0.0,0,0.0,0,0.25,0.12,0.04,LOW,0.0,0.04,LOW,0,NO MODEL DETECTION,NO SIGNIFICANT RISK FACTORS,No strong independent detection signal,NO IMMEDIATE ACTION
E000705,U018,file_access,0.0,0.0,0,0.0,0,0.25,0.12,0.04,LOW,0.0,0.04,LOW,0,NO MODEL DETECTION,NO SIGNIFICANT RISK FACTORS,No strong independent detection signal,NO IMMEDIATE ACTION
E000555,U018,file_access,0.0,0.0,0,0.0,0,0.25,0.12,0.04,LOW,0.0,0.04,LOW,0,NO MODEL DETECTION,NO SIGNIFICANT RISK FACTORS,No strong independent detection signal,NO IMMEDIATE ACTION
E000129,U011,file_access,0.0,0.0,0,0.0,0,0.25,0.12,0.04,LOW,0.0,0.04,LOW,0,NO MODEL DETECTION,NO SIGNIFICANT RISK FACTORS,No strong independent detection signal,NO IMMEDIATE ACTION
E000191,U001,file_access,0.0,0.0,0,0.0,0,0.25,0.12,0.04,LOW,0.0,0.04,LOW,0,NO MODEL DETECTION,NO SIGNIFICANT RISK FACTORS,No strong independent detection signal,NO IMMEDIATE ACTION
E000605,U004,file_access,0.0,0.0,0,0.0,0,0.25,0.12,0.04,LOW,0.0,0.04,LOW,0,NO MODEL DETECTION,NO SIGNIFICANT RISK FACTORS,No strong independent detection signal,NO IMMEDIATE ACTION
E000388,U002,transaction,0.0,0.0,0,0.0,0,0.25,0.12,0.04,LOW,0.0,0.04,LOW,0,NO MODEL DETECTION,NO SIGNIFICANT RISK FACTORS,No strong independent detection signal,NO IMMEDIATE ACTION
E000469,U002,transaction,0.0,0.0,0,0.0,0,0.25,0.12,0.04,LOW,0.0,0.04,LOW,0,NO MODEL DETECTION,NO SIGNIFICANT RISK FACTORS,No strong independent detection signal,NO IMMEDIATE ACTION
E000035,U016,file_access,0.0,0.0,0,0.0,0,0.25,0.12,0.04,LOW,0.0,0.04,LOW,0,NO MODEL DETECTION,NO SIGNIFICANT RISK FACTORS,No strong independent detection signal,NO IMMEDIATE ACTION
E000344,U009,file_access,0.0,0.0,0,0.0,0,0.25,0.12,0.04,LOW,0.0,0.04,LOW,0,NO MODEL DETECTION,NO SIGNIFICANT RISK FACTORS,No strong independent detection signal,NO IMMEDIATE ACTION
E000466,U014,file_access,0.0,0.0,0,0.0,0,0.25,0.12,0.04,LOW,0.0,0.04,LOW,0,NO MODEL DETECTION,NO SIGNIFICANT RISK FACTORS,No strong independent detection signal,NO IMMEDIATE ACTION
E000405,U016,file_access,0.0,0.0,0,0.0,0,0.25,0.12,0.04,LOW,0.0,0.04,LOW,0,NO MODEL DETECTION,NO SIGNIFICANT RISK FACTORS,No strong independent detection signal,NO IMMEDIATE ACTION
E000351,U020,file_access,0.0,0.0,0,0.0,0,0.25,0.12,0.04,LOW,0.0,0.04,LOW,0,NO MODEL DETECTION,NO SIGNIFICANT RISK FACTORS,No strong independent detection signal,NO IMMEDIATE ACTION
E000284,U020,file_access,0.0,0.0,0,0.0,0,0.25,0.12,0.04,LOW,0.0,0.04,LOW,0,NO MODEL DETECTION,NO SIGNIFICANT RISK FACTORS,No strong independent detection signal,NO IMMEDIATE ACTION
E000098,U004,file_access,0.0,0.0,0,0.0,0,0.25,0.12,0.04,LOW,0.0,0.04,LOW,0,NO MODEL DETECTION,NO SIGNIFICANT RISK FACTORS,No strong independent detection signal,NO IMMEDIATE ACTION
E000043,U009,file_access,0.0,0.0,0,0.0,0,0.25,0.12,0.04,LOW,0.0,0.04,LOW,0,NO MODEL DETECTION,NO SIGNIFICANT RISK FACTORS,No strong independent detection signal,NO IMMEDIATE ACTION
E000144,U008,file_access,0.0,0.0,0,0.0,0,0.25,0.12,0.04,LOW,0.0,0.04,LOW,0,NO MODEL DETECTION,NO SIGNIFICANT RISK FACTORS,No strong independent detection signal,NO IMMEDIATE ACTION
E000355,U008,file_access,0.0,0.0,0,0.0,0,0.25,0.12,0.04,LOW,0.0,0.04,LOW,0,NO MODEL DETECTION,NO SIGNIFICANT RISK FACTORS,No strong independent detection signal,NO IMMEDIATE ACTION
E000653,U008,file_access,0.0,0.0,0,0.0,0,0.25,0.12,0.04,LOW,0.0,0.04,LOW,0,NO MODEL DETECTION,NO SIGNIFICANT RISK FACTORS,No strong independent detection signal,NO IMMEDIATE ACTION
E000412,U009,file_access,0.0,0.0,0,0.0,0,0.25,0.12,0.04,LOW,0.0,0.04,LOW,0,NO MODEL DETECTION,NO SIGNIFICANT RISK FACTORS,No strong independent detection signal,NO IMMEDIATE ACTION
E000502,U008,file_access,0.0,0.0,0,0.0,0,0.25,0.12,0.04,LOW,0.0,0.04,LOW,0,NO MODEL DETECTION,NO SIGNIFICANT RISK FACTORS,No strong independent detection signal,NO IMMEDIATE ACTION
E000384,U002,file_access,0.0,0.0,0,0.0,0,0.25,0.12,0.04,LOW,0.0,0.04,LOW,0,NO MODEL DETECTION,NO SIGNIFICANT RISK FACTORS,No strong independent detection signal,NO IMMEDIATE ACTION
E000192,U007,file_access,0.0,0.0,0,0.0,0,0.25,0.12,0.04,LOW,0.0,0.04,LOW,0,NO MODEL DETECTION,NO SIGNIFICANT RISK FACTORS,No strong independent detection signal,NO IMMEDIATE ACTION
E000473,U007,file_access,0.0,0.0,0,0.0,0,0.25,0.12,0.04,LOW,0.0,0.04,LOW,0,NO MODEL DETECTION,NO SIGNIFICANT RISK FACTORS,No strong independent detection signal,NO IMMEDIATE ACTION
E000209,U003,file_access,0.0,0.0,0,0.0,0,0.25,0.12,0.04,LOW,0.0,0.04,LOW,0,NO MODEL DETECTION,NO SIGNIFICANT RISK FACTORS,No strong independent detection signal,NO IMMEDIATE ACTION
E000286,U003,file_access,0.0,0.0,0,0.0,0,0.25,0.12,0.04,LOW,0.0,0.04,LOW,0,NO MODEL DETECTION,NO SIGNIFICANT RISK FACTORS,No strong independent detection signal,NO IMMEDIATE ACTION
E000415,U017,file_access,0.0,0.0,0,0.0,0,0.25,0.12,0.04,LOW,0.0,0.04,LOW,0,NO MODEL DETECTION,NO SIGNIFICANT RISK FACTORS,No strong independent detection signal,NO IMMEDIATE ACTION
E000057,U003,file_access,0.0,0.0,0,0.0,0,0.25,0.12,0.04,LOW,0.0,0.04,LOW,0,NO MODEL DETECTION,NO SIGNIFICANT RISK FACTORS,No strong independent detection signal,NO IMMEDIATE ACTION
E000105,U014,file_access,0.0,0.0,0,0.0,0,0.25,0.12,0.04,LOW,0.0,0.04,LOW,0,NO MODEL DETECTION,NO SIGNIFICANT RISK FACTORS,No strong independent detection signal,NO IMMEDIATE ACTION
E000266,U017,file_access,0.0,0.0,0,0.0,0,0.25,0.12,0.04,LOW,0.0,0.04,LOW,0,NO MODEL DETECTION,NO SIGNIFICANT RISK FACTORS,No strong independent detection signal,NO IMMEDIATE ACTION
E000610,U016,file_access,0.0,0.0,0,0.0,0,0.25,0.12,0.04,LOW,0.0,0.04,LOW,0,NO MODEL DETECTION,NO SIGNIFICANT RISK FACTORS,No strong independent detection signal,NO IMMEDIATE ACTION
E000055,U003,file_access,0.0,0.0,0,0.0,0,0.25,0.12,0.04,LOW,0.0,0.04,LOW,0,NO MODEL DETECTION,NO SIGNIFICANT RISK FACTORS,No strong independent detection signal,NO IMMEDIATE ACTION
E000069,U005,transaction,0.0,0.0,0,0.0,0,0.0,0.0,0.0,LOW,0.0,0.0,LOW,0,NO MODEL DETECTION,NO SIGNIFICANT RISK FACTORS,No strong independent detection signal,NO IMMEDIATE ACTION
E000064,U005,file_access,0.0,0.0,0,0.0,0,0.0,0.0,0.0,LOW,0.0,0.0,LOW,0,NO MODEL DETECTION,NO SIGNIFICANT RISK FACTORS,No strong independent detection signal,NO IMMEDIATE ACTION
E000572,U003,file_access,0.0,0.0,0,0.0,0,0.0,0.0,0.0,LOW,0.0,0.0,LOW,0,NO MODEL DETECTION,NO SIGNIFICANT RISK FACTORS,No strong independent detection signal,NO IMMEDIATE ACTION
E000503,U003,file_access,0.0,0.0,0,0.0,0,0.0,0.0,0.0,LOW,0.0,0.0,LOW,0,NO MODEL DETECTION,NO SIGNIFICANT RISK FACTORS,No strong independent detection signal,NO IMMEDIATE ACTION
E000616,U004,file_access,0.0,0.0,0,0.0,0,0.0,0.0,0.0,LOW,0.0,0.0,LOW,0,NO MODEL DETECTION,NO SIGNIFICANT RISK FACTORS,No strong independent detection signal,NO IMMEDIATE ACTION
E000530,U004,file_access,0.0,0.0,0,0.0,0,0.0,0.0,0.0,LOW,0.0,0.0,LOW,0,NO MODEL DETECTION,NO SIGNIFICANT RISK FACTORS,No strong independent detection signal,NO IMMEDIATE ACTION
E000320,U011,file_access,0.0,0.0,0,0.0,0,0.0,0.0,0.0,LOW,0.0,0.0,LOW,0,NO MODEL DETECTION,NO SIGNIFICANT RISK FACTORS,No strong independent detection signal,NO IMMEDIATE ACTION
E000121,U001,file_access,0.0,0.0,0,0.0,0,0.0,0.0,0.0,LOW,0.0,0.0,LOW,0,NO MODEL DETECTION,NO SIGNIFICANT RISK FACTORS,No strong independent detection signal,NO IMMEDIATE ACTION
E000382,U011,login,0.0,0.0,0,0.0,0,0.0,0.0,0.0,LOW,0.0,0.0,LOW,0,NO MODEL DETECTION,NO SIGNIFICANT RISK FACTORS,No strong independent detection signal,NO IMMEDIATE ACTION
E000471,U011,login,0.0,0.0,0,0.0,0,0.0,0.0,0.0,LOW,0.0,0.0,LOW,0,NO MODEL DETECTION,NO SIGNIFICANT RISK FACTORS,No strong independent detection signal,NO IMMEDIATE ACTION
E000478,U011,file_access,0.0,0.0,0,0.0,0,0.0,0.0,0.0,LOW,0.0,0.0,LOW,0,NO MODEL DETECTION,NO SIGNIFICANT RISK FACTORS,No strong independent detection signal,NO IMMEDIATE ACTION
E000496,U020,login,0.0,0.0,0,0.0,0,0.0,0.0,0.0,LOW,0.0,0.0,LOW,0,NO MODEL DETECTION,NO SIGNIFICANT RISK FACTORS,No strong independent detection signal,NO IMMEDIATE ACTION
E000112,U004,file_access,0.0,0.0,0,0.0,0,0.0,0.0,0.0,LOW,0.0,0.0,LOW,0,NO MODEL DETECTION,NO SIGNIFICANT RISK FACTORS,No strong independent detection signal,NO IMMEDIATE ACTION
E000564,U020,file_access,0.0,0.0,0,0.0,0,0.0,0.0,0.0,LOW,0.0,0.0,LOW,0,NO MODEL DETECTION,NO SIGNIFICANT RISK FACTORS,No strong independent detection signal,NO IMMEDIATE ACTION
E000646,U020,login,0.0,0.0,0,0.0,0,0.0,0.0,0.0,LOW,0.0,0.0,LOW,0,NO MODEL DETECTION,NO SIGNIFICANT RISK FACTORS,No strong independent detection signal,NO IMMEDIATE ACTION
E000655,U020,file_access,0.0,0.0,0,0.0,0,0.0,0.0,0.0,LOW,0.0,0.0,LOW,0,NO MODEL DETECTION,NO SIGNIFICANT RISK FACTORS,No strong independent detection signal,NO IMMEDIATE ACTION
E000722,U020,login,0.0,0.0,0,0.0,0,0.0,0.0,0.0,LOW,0.0,0.0,LOW,0,NO MODEL DETECTION,NO SIGNIFICANT RISK FACTORS,No strong independent detection signal,NO IMMEDIATE ACTION
E000730,U020,file_access,0.0,0.0,0,0.0,0,0.0,0.0,0.0,LOW,0.0,0.0,LOW,0,NO MODEL DETECTION,NO SIGNIFICANT RISK FACTORS,No strong independent detection signal,NO IMMEDIATE ACTION
E000631,U011,file_access,0.0,0.0,0,0.0,0,0.0,0.0,0.0,LOW,0.0,0.0,LOW,0,NO MODEL DETECTION,NO SIGNIFICANT RISK FACTORS,No strong independent detection signal,NO IMMEDIATE ACTION
E000689,U011,login,0.0,0.0,0,0.0,0,0.0,0.0,0.0,LOW,0.0,0.0,LOW,0,NO MODEL DETECTION,NO SIGNIFICANT RISK FACTORS,No strong independent detection signal,NO IMMEDIATE ACTION
E000713,U011,file_access,0.0,0.0,0,0.0,0,0.0,0.0,0.0,LOW,0.0,0.0,LOW,0,NO MODEL DETECTION,NO SIGNIFICANT RISK FACTORS,No strong independent detection signal,NO IMMEDIATE ACTION
E000177,U001,login,0.0,0.0,0,0.0,0,0.0,0.0,0.0,LOW,0.0,0.0,LOW,0,NO MODEL DETECTION,NO SIGNIFICANT RISK FACTORS,No strong independent detection signal,NO IMMEDIATE ACTION
E000533,U001,login,0.0,0.0,0,0.0,0,0.0,0.0,0.0,LOW,0.0,0.0,LOW,0,NO MODEL DETECTION,NO SIGNIFICANT RISK FACTORS,No strong independent detection signal,NO IMMEDIATE ACTION
E000018,U001,login,0.0,0.0,0,0.0,0,0.0,0.0,0.0,LOW,0.0,0.0,LOW,0,NO MODEL DETECTION,NO SIGNIFICANT RISK FACTORS,No strong independent detection signal,NO IMMEDIATE ACTION
E000733,U010,file_access,0.0,0.0,0,0.0,0,0.0,0.0,0.0,LOW,0.0,0.0,LOW,0,NO MODEL DETECTION,NO SIGNIFICANT RISK FACTORS,No strong independent detection signal,NO IMMEDIATE ACTION
E000110,U011,login,0.0,0.0,0,0.0,0,0.0,0.0,0.0,LOW,0.0,0.0,LOW,0,NO MODEL DETECTION,NO SIGNIFICANT RISK FACTORS,No strong independent detection signal,NO IMMEDIATE ACTION
E000179,U011,file_access,0.0,0.0,0,0.0,0,0.0,0.0,0.0,LOW,0.0,0.0,LOW,0,NO MODEL DETECTION,NO SIGNIFICANT RISK FACTORS,No strong independent detection signal,NO IMMEDIATE ACTION
E000100,U001,login,0.0,0.0,0,0.0,0,0.0,0.0,0.0,LOW,0.0,0.0,LOW,0,NO MODEL DETECTION,NO SIGNIFICANT RISK FACTORS,No strong independent detection signal,NO IMMEDIATE ACTION
E000500,U005,file_access,0.0,0.0,0,0.0,0,0.0,0.0,0.0,LOW,0.0,0.0,LOW,0,NO MODEL DETECTION,NO SIGNIFICANT RISK FACTORS,No strong independent detection signal,NO IMMEDIATE ACTION
E000567,U005,file_access,0.0,0.0,0,0.0,0,0.0,0.0,0.0,LOW,0.0,0.0,LOW,0,NO MODEL DETECTION,NO SIGNIFICANT RISK FACTORS,No strong independent detection signal,NO IMMEDIATE ACTION
E000577,U005,file_access,0.0,0.0,0,0.0,0,0.0,0.0,0.0,LOW,0.0,0.0,LOW,0,NO MODEL DETECTION,NO SIGNIFICANT RISK FACTORS,No strong independent detection signal,NO IMMEDIATE ACTION
E000651,U005,file_access,0.0,0.0,0,0.0,0,0.0,0.0,0.0,LOW,0.0,0.0,LOW,0,NO MODEL DETECTION,NO SIGNIFICANT RISK FACTORS,No strong independent detection signal,NO IMMEDIATE ACTION
E000042,U004,file_access,0.0,0.0,0,0.0,0,0.0,0.0,0.0,LOW,0.0,0.0,LOW,0,NO MODEL DETECTION,NO SIGNIFICANT RISK FACTORS,No strong independent detection signal,NO IMMEDIATE ACTION
E000218,U020,file_access,0.0,0.0,0,0.0,0,0.0,0.0,0.0,LOW,0.0,0.0,LOW,0,NO MODEL DETECTION,NO SIGNIFICANT RISK FACTORS,No strong independent detection signal,NO IMMEDIATE ACTION
E000278,U020,login,0.0,0.0,0,0.0,0,0.0,0.0,0.0,LOW,0.0,0.0,LOW,0,NO MODEL DETECTION,NO SIGNIFICANT RISK FACTORS,No strong independent detection signal,NO IMMEDIATE ACTION
E000347,U020,login,0.0,0.0,0,0.0,0,0.0,0.0,0.0,LOW,0.0,0.0,LOW,0,NO MODEL DETECTION,NO SIGNIFICANT RISK FACTORS,No strong independent detection signal,NO IMMEDIATE ACTION
E000361,U020,file_access,0.0,0.0,0,0.0,0,0.0,0.0,0.0,LOW,0.0,0.0,LOW,0,NO MODEL DETECTION,NO SIGNIFICANT RISK FACTORS,No strong independent detection signal,NO IMMEDIATE ACTION
E000096,U004,login,0.0,0.0,0,0.0,0,0.0,0.0,0.0,LOW,0.0,0.0,LOW,0,NO MODEL DETECTION,NO SIGNIFICANT RISK FACTORS,No strong independent detection signal,NO IMMEDIATE ACTION
E000504,U020,file_access,0.0,0.0,0,0.0,0,0.0,0.0,0.0,LOW,0.0,0.0,LOW,0,NO MODEL DETECTION,NO SIGNIFICANT RISK FACTORS,No strong independent detection signal,NO IMMEDIATE ACTION
E000219,U005,file_access,0.0,0.0,0,0.0,0,0.0,0.0,0.0,LOW,0.0,0.0,LOW,0,NO MODEL DETECTION,NO SIGNIFICANT RISK FACTORS,No strong independent detection signal,NO IMMEDIATE ACTION
E000281,U005,file_access,0.0,0.0,0,0.0,0,0.0,0.0,0.0,LOW,0.0,0.0,LOW,0,NO MODEL DETECTION,NO SIGNIFICANT RISK FACTORS,No strong independent detection signal,NO IMMEDIATE ACTION
E000180,U004,file_access,0.0,0.0,0,0.0,0,0.0,0.0,0.0,LOW,0.0,0.0,LOW,0,NO MODEL DETECTION,NO SIGNIFICANT RISK FACTORS,No strong independent detection signal,NO IMMEDIATE ACTION
E000181,U004,file_access,0.0,0.0,0,0.0,0,0.0,0.0,0.0,LOW,0.0,0.0,LOW,0,NO MODEL DETECTION,NO SIGNIFICANT RISK FACTORS,No strong independent detection signal,NO IMMEDIATE ACTION
E000184,U004,file_access,0.0,0.0,0,0.0,0,0.0,0.0,0.0,LOW,0.0,0.0,LOW,0,NO MODEL DETECTION,NO SIGNIFICANT RISK FACTORS,No strong independent detection signal,NO IMMEDIATE ACTION
E000247,U004,login,0.0,0.0,0,0.0,0,0.0,0.0,0.0,LOW,0.0,0.0,LOW,0,NO MODEL DETECTION,NO SIGNIFICANT RISK FACTORS,No strong independent detection signal,NO IMMEDIATE ACTION
E000249,U004,file_access,0.0,0.0,0,0.0,0,0.0,0.0,0.0,LOW,0.0,0.0,LOW,0,NO MODEL DETECTION,NO SIGNIFICANT RISK FACTORS,No strong independent detection signal,NO IMMEDIATE ACTION
E000317,U004,login,0.0,0.0,0,0.0,0,0.0,0.0,0.0,LOW,0.0,0.0,LOW,0,NO MODEL DETECTION,NO SIGNIFICANT RISK FACTORS,No strong independent detection signal,NO IMMEDIATE ACTION
E000472,U004,file_access,0.0,0.0,0,0.0,0,0.0,0.0,0.0,LOW,0.0,0.0,LOW,0,NO MODEL DETECTION,NO SIGNIFICANT RISK FACTORS,No strong independent detection signal,NO IMMEDIATE ACTION
E000647,U003,file_access,0.0,0.0,0,0.0,0,0.0,0.0,0.0,LOW,0.0,0.0,LOW,0,NO MODEL DETECTION,NO SIGNIFICANT RISK FACTORS,No strong independent detection signal,NO IMMEDIATE ACTION
E000731,U003,file_access,0.0,0.0,0,0.0,0,0.0,0.0,0.0,LOW,0.0,0.0,LOW,0,NO MODEL DETECTION,NO SIGNIFICANT RISK FACTORS,No strong independent detection signal,NO IMMEDIATE ACTION
E000021,U004,login,0.0,0.0,0,0.0,0,0.0,0.0,0.0,LOW,0.0,0.0,LOW,0,NO MODEL DETECTION,NO SIGNIFICANT RISK FACTORS,No strong independent detection signal,NO IMMEDIATE ACTION
E000070,U020,file_access,0.0,0.0,0,0.0,0,0.0,0.0,0.0,LOW,0.0,0.0,LOW,0,NO MODEL DETECTION,NO SIGNIFICANT RISK FACTORS,No strong independent detection signal,NO IMMEDIATE ACTION
E000141,U020,login,0.0,0.0,0,0.0,0,0.0,0.0,0.0,LOW,0.0,0.0,LOW,0,NO MODEL DETECTION,NO SIGNIFICANT RISK FACTORS,No strong independent detection signal,NO IMMEDIATE ACTION
E000724,U008,file_access,0.0,0.0,0,0.0,0,0.0,0.0,0.0,LOW,0.0,0.0,LOW,0,NO MODEL DETECTION,NO SIGNIFICANT RISK FACTORS,No strong independent detection signal,NO IMMEDIATE ACTION
E000040,U009,login,0.0,0.0,0,0.0,0,0.0,0.0,0.0,LOW,0.0,0.0,LOW,0,NO MODEL DETECTION,NO SIGNIFICANT RISK FACTORS,No strong independent detection signal,NO IMMEDIATE ACTION
E000048,U009,transaction,0.0,0.0,0,0.0,0,0.0,0.0,0.0,LOW,0.0,0.0,LOW,0,NO MODEL DETECTION,NO SIGNIFICANT RISK FACTORS,No strong independent detection signal,NO IMMEDIATE ACTION
E000104,U009,login,0.0,0.0,0,0.0,0,0.0,0.0,0.0,LOW,0.0,0.0,LOW,0,NO MODEL DETECTION,NO SIGNIFICANT RISK FACTORS,No strong independent detection signal,NO IMMEDIATE ACTION
E000118,U009,file_access,0.0,0.0,0,0.0,0,0.0,0.0,0.0,LOW,0.0,0.0,LOW,0,NO MODEL DETECTION,NO SIGNIFICANT RISK FACTORS,No strong independent detection signal,NO IMMEDIATE ACTION
E000128,U009,file_access,0.0,0.0,0,0.0,0,0.0,0.0,0.0,LOW,0.0,0.0,LOW,0,NO MODEL DETECTION,NO SIGNIFICANT RISK FACTORS,No strong independent detection signal,NO IMMEDIATE ACTION
E000319,U002,file_access,0.0,0.0,0,0.0,0,0.0,0.0,0.0,LOW,0.0,0.0,LOW,0,NO MODEL DETECTION,NO SIGNIFICANT RISK FACTORS,No strong independent detection signal,NO IMMEDIATE ACTION
E000383,U002,login,0.0,0.0,0,0.0,0,0.0,0.0,0.0,LOW,0.0,0.0,LOW,0,NO MODEL DETECTION,NO SIGNIFICANT RISK FACTORS,No strong independent detection signal,NO IMMEDIATE ACTION
E000206,U008,file_access,0.0,0.0,0,0.0,0,0.0,0.0,0.0,LOW,0.0,0.0,LOW,0,NO MODEL DETECTION,NO SIGNIFICANT RISK FACTORS,No strong independent detection signal,NO IMMEDIATE ACTION
E000279,U008,login,0.0,0.0,0,0.0,0,0.0,0.0,0.0,LOW,0.0,0.0,LOW,0,NO MODEL DETECTION,NO SIGNIFICANT RISK FACTORS,No strong independent detection signal,NO IMMEDIATE ACTION
E000290,U008,file_access,0.0,0.0,0,0.0,0,0.0,0.0,0.0,LOW,0.0,0.0,LOW,0,NO MODEL DETECTION,NO SIGNIFICANT RISK FACTORS,No strong independent detection signal,NO IMMEDIATE ACTION
E000392,U009,login,0.0,0.0,0,0.0,0,0.0,0.0,0.0,LOW,0.0,0.0,LOW,0,NO MODEL DETECTION,NO SIGNIFICANT RISK FACTORS,No strong independent detection signal,NO IMMEDIATE ACTION
E000400,U009,file_access,0.0,0.0,0,0.0,0,0.0,0.0,0.0,LOW,0.0,0.0,LOW,0,NO MODEL DETECTION,NO SIGNIFICANT RISK FACTORS,No strong independent detection signal,NO IMMEDIATE ACTION
E000639,U014,file_access,0.0,0.0,0,0.0,0,0.0,0.0,0.0,LOW,0.0,0.0,LOW,0,NO MODEL DETECTION,NO SIGNIFICANT RISK FACTORS,No strong independent detection signal,NO IMMEDIATE ACTION
E000695,U014,login,0.0,0.0,0,0.0,0,0.0,0.0,0.0,LOW,0.0,0.0,LOW,0,NO MODEL DETECTION,NO SIGNIFICANT RISK FACTORS,No strong independent detection signal,NO IMMEDIATE ACTION
E000712,U014,file_access,0.0,0.0,0,0.0,0,0.0,0.0,0.0,LOW,0.0,0.0,LOW,0,NO MODEL DETECTION,NO SIGNIFICANT RISK FACTORS,No strong independent detection signal,NO IMMEDIATE ACTION
E000715,U014,transaction,0.0,0.0,0,0.0,0,0.0,0.0,0.0,LOW,0.0,0.0,LOW,0,NO MODEL DETECTION,NO SIGNIFICANT RISK FACTORS,No strong independent detection signal,NO IMMEDIATE ACTION
E000106,U002,file_access,0.0,0.0,0,0.0,0,0.0,0.0,0.0,LOW,0.0,0.0,LOW,0,NO MODEL DETECTION,NO SIGNIFICANT RISK FACTORS,No strong independent detection signal,NO IMMEDIATE ACTION
E000176,U002,file_access,0.0,0.0,0,0.0,0,0.0,0.0,0.0,LOW,0.0,0.0,LOW,0,NO MODEL DETECTION,NO SIGNIFICANT RISK FACTORS,No strong independent detection signal,NO IMMEDIATE ACTION
E000569,U008,file_access,0.0,0.0,0,0.0,0,0.0,0.0,0.0,LOW,0.0,0.0,LOW,0,NO MODEL DETECTION,NO SIGNIFICANT RISK FACTORS,No strong independent detection signal,NO IMMEDIATE ACTION
E000720,U008,file_access,0.0,0.0,0,0.0,0,0.0,0.0,0.0,LOW,0.0,0.0,LOW,0,NO MODEL DETECTION,NO SIGNIFICANT RISK FACTORS,No strong independent detection signal,NO IMMEDIATE ACTION
E000293,U008,file_access,0.0,0.0,0,0.0,0,0.0,0.0,0.0,LOW,0.0,0.0,LOW,0,NO MODEL DETECTION,NO SIGNIFICANT RISK FACTORS,No strong independent detection signal,NO IMMEDIATE ACTION
E000428,U008,login,0.0,0.0,0,0.0,0,0.0,0.0,0.0,LOW,0.0,0.0,LOW,0,NO MODEL DETECTION,NO SIGNIFICANT RISK FACTORS,No strong independent detection signal,NO IMMEDIATE ACTION
E000493,U008,login,0.0,0.0,0,0.0,0,0.0,0.0,0.0,LOW,0.0,0.0,LOW,0,NO MODEL DETECTION,NO SIGNIFICANT RISK FACTORS,No strong independent detection signal,NO IMMEDIATE ACTION
E000561,U008,login,0.0,0.0,0,0.0,0,0.0,0.0,0.0,LOW,0.0,0.0,LOW,0,NO MODEL DETECTION,NO SIGNIFICANT RISK FACTORS,No strong independent detection signal,NO IMMEDIATE ACTION
E000404,U002,file_access,0.0,0.0,0,0.0,0,0.0,0.0,0.0,LOW,0.0,0.0,LOW,0,NO MODEL DETECTION,NO SIGNIFICANT RISK FACTORS,No strong independent detection signal,NO IMMEDIATE ACTION
E000538,U007,file_access,0.0,0.0,0,0.0,0,0.0,0.0,0.0,LOW,0.0,0.0,LOW,0,NO MODEL DETECTION,NO SIGNIFICANT RISK FACTORS,No strong independent detection signal,NO IMMEDIATE ACTION
E000611,U007,login,0.0,0.0,0,0.0,0,0.0,0.0,0.0,LOW,0.0,0.0,LOW,0,NO MODEL DETECTION,NO SIGNIFICANT RISK FACTORS,No strong independent detection signal,NO IMMEDIATE ACTION
E000632,U007,file_access,0.0,0.0,0,0.0,0,0.0,0.0,0.0,LOW,0.0,0.0,LOW,0,NO MODEL DETECTION,NO SIGNIFICANT RISK FACTORS,No strong independent detection signal,NO IMMEDIATE ACTION
E000693,U007,login,0.0,0.0,0,0.0,0,0.0,0.0,0.0,LOW,0.0,0.0,LOW,0,NO MODEL DETECTION,NO SIGNIFICANT RISK FACTORS,No strong independent detection signal,NO IMMEDIATE ACTION
E000708,U007,file_access,0.0,0.0,0,0.0,0,0.0,0.0,0.0,LOW,0.0,0.0,LOW,0,NO MODEL DETECTION,NO SIGNIFICANT RISK FACTORS,No strong independent detection signal,NO IMMEDIATE ACTION
E000056,U008,login,0.0,0.0,0,0.0,0,0.0,0.0,0.0,LOW,0.0,0.0,LOW,0,NO MODEL DETECTION,NO SIGNIFICANT RISK FACTORS,No strong independent detection signal,NO IMMEDIATE ACTION
E000059,U008,file_access,0.0,0.0,0,0.0,0,0.0,0.0,0.0,LOW,0.0,0.0,LOW,0,NO MODEL DETECTION,NO SIGNIFICANT RISK FACTORS,No strong independent detection signal,NO IMMEDIATE ACTION
E000136,U008,file_access,0.0,0.0,0,0.0,0,0.0,0.0,0.0,LOW,0.0,0.0,LOW,0,NO MODEL DETECTION,NO SIGNIFICANT RISK FACTORS,No strong independent detection signal,NO IMMEDIATE ACTION
E000143,U008,file_access,0.0,0.0,0,0.0,0,0.0,0.0,0.0,LOW,0.0,0.0,LOW,0,NO MODEL DETECTION,NO SIGNIFICANT RISK FACTORS,No strong independent detection signal,NO IMMEDIATE ACTION
E000028,U016,file_access,0.0,0.0,0,0.0,0,0.0,0.0,0.0,LOW,0.0,0.0,LOW,0,NO MODEL DETECTION,NO SIGNIFICANT RISK FACTORS,No strong independent detection signal,NO IMMEDIATE ACTION
E000101,U016,login,0.0,0.0,0,0.0,0,0.0,0.0,0.0,LOW,0.0,0.0,LOW,0,NO MODEL DETECTION,NO SIGNIFICANT RISK FACTORS,No strong independent detection signal,NO IMMEDIATE ACTION
E000124,U016,file_access,0.0,0.0,0,0.0,0,0.0,0.0,0.0,LOW,0.0,0.0,LOW,0,NO MODEL DETECTION,NO SIGNIFICANT RISK FACTORS,No strong independent detection signal,NO IMMEDIATE ACTION
E000622,U002,file_access,0.0,0.0,0,0.0,0,0.0,0.0,0.0,LOW,0.0,0.0,LOW,0,NO MODEL DETECTION,NO SIGNIFICANT RISK FACTORS,No strong independent detection signal,NO IMMEDIATE ACTION
E000188,U016,file_access,0.0,0.0,0,0.0,0,0.0,0.0,0.0,LOW,0.0,0.0,LOW,0,NO MODEL DETECTION,NO SIGNIFICANT RISK FACTORS,No strong independent detection signal,NO IMMEDIATE ACTION
E000257,U016,login,0.0,0.0,0,0.0,0,0.0,0.0,0.0,LOW,0.0,0.0,LOW,0,NO MODEL DETECTION,NO SIGNIFICANT RISK FACTORS,No strong independent detection signal,NO IMMEDIATE ACTION
E000684,U002,login,0.0,0.0,0,0.0,0,0.0,0.0,0.0,LOW,0.0,0.0,LOW,0,NO MODEL DETECTION,NO SIGNIFICANT RISK FACTORS,No strong independent detection signal,NO IMMEDIATE ACTION
E000095,U002,login,0.0,0.0,0,0.0,0,0.0,0.0,0.0,LOW,0.0,0.0,LOW,0,NO MODEL DETECTION,NO SIGNIFICANT RISK FACTORS,No strong independent detection signal,NO IMMEDIATE ACTION
E000540,U014,login,0.0,0.0,0,0.0,0,0.0,0.0,0.0,LOW,0.0,0.0,LOW,0,NO MODEL DETECTION,NO SIGNIFICANT RISK FACTORS,No strong independent detection signal,NO IMMEDIATE ACTION
E000623,U014,login,0.0,0.0,0,0.0,0,0.0,0.0,0.0,LOW,0.0,0.0,LOW,0,NO MODEL DETECTION,NO SIGNIFICANT RISK FACTORS,No strong independent detection signal,NO IMMEDIATE ACTION
E000193,U009,login,0.0,0.0,0,0.0,0,0.0,0.0,0.0,LOW,0.0,0.0,LOW,0,NO MODEL DETECTION,NO SIGNIFICANT RISK FACTORS,No strong independent detection signal,NO IMMEDIATE ACTION
E000197,U009,file_access,0.0,0.0,0,0.0,0,0.0,0.0,0.0,LOW,0.0,0.0,LOW,0,NO MODEL DETECTION,NO SIGNIFICANT RISK FACTORS,No strong independent detection signal,NO IMMEDIATE ACTION
E000201,U009,file_access,0.0,0.0,0,0.0,0,0.0,0.0,0.0,LOW,0.0,0.0,LOW,0,NO MODEL DETECTION,NO SIGNIFICANT RISK FACTORS,No strong independent detection signal,NO IMMEDIATE ACTION
E000259,U009,login,0.0,0.0,0,0.0,0,0.0,0.0,0.0,LOW,0.0,0.0,LOW,0,NO MODEL DETECTION,NO SIGNIFICANT RISK FACTORS,No strong independent detection signal,NO IMMEDIATE ACTION
E000267,U009,file_access,0.0,0.0,0,0.0,0,0.0,0.0,0.0,LOW,0.0,0.0,LOW,0,NO MODEL DETECTION,NO SIGNIFICANT RISK FACTORS,No strong independent detection signal,NO IMMEDIATE ACTION
E000276,U009,transaction,0.0,0.0,0,0.0,0,0.0,0.0,0.0,LOW,0.0,0.0,LOW,0,NO MODEL DETECTION,NO SIGNIFICANT RISK FACTORS,No strong independent detection signal,NO IMMEDIATE ACTION
E000340,U009,transaction,0.0,0.0,0,0.0,0,0.0,0.0,0.0,LOW,0.0,0.0,LOW,0,NO MODEL DETECTION,NO SIGNIFICANT RISK FACTORS,No strong independent detection signal,NO IMMEDIATE ACTION
E000484,U016,file_access,0.0,0.0,0,0.0,0,0.0,0.0,0.0,LOW,0.0,0.0,LOW,0,NO MODEL DETECTION,NO SIGNIFICANT RISK FACTORS,No strong independent detection signal,NO IMMEDIATE ACTION
E000554,U016,file_access,0.0,0.0,0,0.0,0,0.0,0.0,0.0,LOW,0.0,0.0,LOW,0,NO MODEL DETECTION,NO SIGNIFICANT RISK FACTORS,No strong independent detection signal,NO IMMEDIATE ACTION
E000692,U016,file_access,0.0,0.0,0,0.0,0,0.0,0.0,0.0,LOW,0.0,0.0,LOW,0,NO MODEL DETECTION,NO SIGNIFICANT RISK FACTORS,No strong independent detection signal,NO IMMEDIATE ACTION
E000034,U017,file_access,0.0,0.0,0,0.0,0,0.0,0.0,0.0,LOW,0.0,0.0,LOW,0,NO MODEL DETECTION,NO SIGNIFICANT RISK FACTORS,No strong independent detection signal,NO IMMEDIATE ACTION
E000125,U017,file_access,0.0,0.0,0,0.0,0,0.0,0.0,0.0,LOW,0.0,0.0,LOW,0,NO MODEL DETECTION,NO SIGNIFICANT RISK FACTORS,No strong independent detection signal,NO IMMEDIATE ACTION
E000066,U003,file_access,0.0,0.0,0,0.0,0,0.0,0.0,0.0,LOW,0.0,0.0,LOW,0,NO MODEL DETECTION,NO SIGNIFICANT RISK FACTORS,No strong independent detection signal,NO IMMEDIATE ACTION
E000194,U017,file_access,0.0,0.0,0,0.0,0,0.0,0.0,0.0,LOW,0.0,0.0,LOW,0,NO MODEL DETECTION,NO SIGNIFICANT RISK FACTORS,No strong independent detection signal,NO IMMEDIATE ACTION
E000202,U017,file_access,0.0,0.0,0,0.0,0,0.0,0.0,0.0,LOW,0.0,0.0,LOW,0,NO MODEL DETECTION,NO SIGNIFICANT RISK FACTORS,No strong independent detection signal,NO IMMEDIATE ACTION
E000068,U010,file_access,0.0,0.0,0,0.0,0,0.0,0.0,0.0,LOW,0.0,0.0,LOW,0,NO MODEL DETECTION,NO SIGNIFICANT RISK FACTORS,No strong independent detection signal,NO IMMEDIATE ACTION
E000220,U010,file_access,0.0,0.0,0,0.0,0,0.0,0.0,0.0,LOW,0.0,0.0,LOW,0,NO MODEL DETECTION,NO SIGNIFICANT RISK FACTORS,No strong independent detection signal,NO IMMEDIATE ACTION
E000032,U002,file_access,0.0,0.0,0,0.0,0,0.0,0.0,0.0,LOW,0.0,0.0,LOW,0,NO MODEL DETECTION,NO SIGNIFICANT RISK FACTORS,No strong independent detection signal,NO IMMEDIATE ACTION
E000026,U014,login,0.0,0.0,0,0.0,0,0.0,0.0,0.0,LOW,0.0,0.0,LOW,0,NO MODEL DETECTION,NO SIGNIFICANT RISK FACTORS,No strong independent detection signal,NO IMMEDIATE ACTION
E000102,U014,login,0.0,0.0,0,0.0,0,0.0,0.0,0.0,LOW,0.0,0.0,LOW,0,NO MODEL DETECTION,NO SIGNIFICANT RISK FACTORS,No strong independent detection signal,NO IMMEDIATE ACTION
E000256,U014,login,0.0,0.0,0,0.0,0,0.0,0.0,0.0,LOW,0.0,0.0,LOW,0,NO MODEL DETECTION,NO SIGNIFICANT RISK FACTORS,No strong independent detection signal,NO IMMEDIATE ACTION
E000264,U014,file_access,0.0,0.0,0,0.0,0,0.0,0.0,0.0,LOW,0.0,0.0,LOW,0,NO MODEL DETECTION,NO SIGNIFICANT RISK FACTORS,No strong independent detection signal,NO IMMEDIATE ACTION
E000330,U014,login,0.0,0.0,0,0.0,0,0.0,0.0,0.0,LOW,0.0,0.0,LOW,0,NO MODEL DETECTION,NO SIGNIFICANT RISK FACTORS,No strong independent detection signal,NO IMMEDIATE ACTION
E000336,U014,file_access,0.0,0.0,0,0.0,0,0.0,0.0,0.0,LOW,0.0,0.0,LOW,0,NO MODEL DETECTION,NO SIGNIFICANT RISK FACTORS,No strong independent detection signal,NO IMMEDIATE ACTION
E000394,U014,login,0.0,0.0,0,0.0,0,0.0,0.0,0.0,LOW,0.0,0.0,LOW,0,NO MODEL DETECTION,NO SIGNIFICANT RISK FACTORS,No strong independent detection signal,NO IMMEDIATE ACTION
E000417,U014,file_access,0.0,0.0,0,0.0,0,0.0,0.0,0.0,LOW,0.0,0.0,LOW,0,NO MODEL DETECTION,NO SIGNIFICANT RISK FACTORS,No strong independent detection signal,NO IMMEDIATE ACTION
E000262,U017,login,0.0,0.0,0,0.0,0,0.0,0.0,0.0,LOW,0.0,0.0,LOW,0,NO MODEL DETECTION,NO SIGNIFICANT RISK FACTORS,No strong independent detection signal,NO IMMEDIATE ACTION
E000274,U017,file_access,0.0,0.0,0,0.0,0,0.0,0.0,0.0,LOW,0.0,0.0,LOW,0,NO MODEL DETECTION,NO SIGNIFICANT RISK FACTORS,No strong independent detection signal,NO IMMEDIATE ACTION
E000328,U017,login,0.0,0.0,0,0.0,0,0.0,0.0,0.0,LOW,0.0,0.0,LOW,0,NO MODEL DETECTION,NO SIGNIFICANT RISK FACTORS,No strong independent detection signal,NO IMMEDIATE ACTION
E000410,U017,file_access,0.0,0.0,0,0.0,0,0.0,0.0,0.0,LOW,0.0,0.0,LOW,0,NO MODEL DETECTION,NO SIGNIFICANT RISK FACTORS,No strong independent detection signal,NO IMMEDIATE ACTION
E000252,U007,login,0.0,0.0,0,0.0,0,0.0,0.0,0.0,LOW,0.0,0.0,LOW,0,NO MODEL DETECTION,NO SIGNIFICANT RISK FACTORS,No strong independent detection signal,NO IMMEDIATE ACTION
E000322,U007,login,0.0,0.0,0,0.0,0,0.0,0.0,0.0,LOW,0.0,0.0,LOW,0,NO MODEL DETECTION,NO SIGNIFICANT RISK FACTORS,No strong independent detection signal,NO IMMEDIATE ACTION
E000324,U007,file_access,0.0,0.0,0,0.0,0,0.0,0.0,0.0,LOW,0.0,0.0,LOW,0,NO MODEL DETECTION,NO SIGNIFICANT RISK FACTORS,No strong independent detection signal,NO IMMEDIATE ACTION
E000396,U007,file_access,0.0,0.0,0,0.0,0,0.0,0.0,0.0,LOW,0.0,0.0,LOW,0,NO MODEL DETECTION,NO SIGNIFICANT RISK FACTORS,No strong independent detection signal,NO IMMEDIATE ACTION
E000470,U007,login,0.0,0.0,0,0.0,0,0.0,0.0,0.0,LOW,0.0,0.0,LOW,0,NO MODEL DETECTION,NO SIGNIFICANT RISK FACTORS,No strong independent detection signal,NO IMMEDIATE ACTION
E000482,U007,file_access,0.0,0.0,0,0.0,0,0.0,0.0,0.0,LOW,0.0,0.0,LOW,0,NO MODEL DETECTION,NO SIGNIFICANT RISK FACTORS,No strong independent detection signal,NO IMMEDIATE ACTION
E000468,U017,file_access,0.0,0.0,0,0.0,0,0.0,0.0,0.0,LOW,0.0,0.0,LOW,0,NO MODEL DETECTION,NO SIGNIFICANT RISK FACTORS,No strong independent detection signal,NO IMMEDIATE ACTION
E000545,U017,login,0.0,0.0,0,0.0,0,0.0,0.0,0.0,LOW,0.0,0.0,LOW,0,NO MODEL DETECTION,NO SIGNIFICANT RISK FACTORS,No strong independent detection signal,NO IMMEDIATE ACTION
E000552,U017,file_access,0.0,0.0,0,0.0,0,0.0,0.0,0.0,LOW,0.0,0.0,LOW,0,NO MODEL DETECTION,NO SIGNIFICANT RISK FACTORS,No strong independent detection signal,NO IMMEDIATE ACTION
E000556,U017,file_access,0.0,0.0,0,0.0,0,0.0,0.0,0.0,LOW,0.0,0.0,LOW,0,NO MODEL DETECTION,NO SIGNIFICANT RISK FACTORS,No strong independent detection signal,NO IMMEDIATE ACTION
E000625,U017,login,0.0,0.0,0,0.0,0,0.0,0.0,0.0,LOW,0.0,0.0,LOW,0,NO MODEL DETECTION,NO SIGNIFICANT RISK FACTORS,No strong independent detection signal,NO IMMEDIATE ACTION
E000707,U017,login,0.0,0.0,0,0.0,0,0.0,0.0,0.0,LOW,0.0,0.0,LOW,0,NO MODEL DETECTION,NO SIGNIFICANT RISK FACTORS,No strong independent detection signal,NO IMMEDIATE ACTION
E000716,U017,file_access,0.0,0.0,0,0.0,0,0.0,0.0,0.0,LOW,0.0,0.0,LOW,0,NO MODEL DETECTION,NO SIGNIFICANT RISK FACTORS,No strong independent detection signal,NO IMMEDIATE ACTION
E000216,U003,file_access,0.0,0.0,0,0.0,0,0.0,0.0,0.0,LOW,0.0,0.0,LOW,0,NO MODEL DETECTION,NO SIGNIFICANT RISK FACTORS,No strong independent detection signal,NO IMMEDIATE ACTION
E000039,U018,file_access,0.0,0.0,0,0.0,0,0.0,0.0,0.0,LOW,0.0,0.0,LOW,0,NO MODEL DETECTION,NO SIGNIFICANT RISK FACTORS,No strong independent detection signal,NO IMMEDIATE ACTION
E000498,U010,file_access,0.0,0.0,0,0.0,0,0.0,0.0,0.0,LOW,0.0,0.0,LOW,0,NO MODEL DETECTION,NO SIGNIFICANT RISK FACTORS,No strong independent detection signal,NO IMMEDIATE ACTION
E000565,U010,file_access,0.0,0.0,0,0.0,0,0.0,0.0,0.0,LOW,0.0,0.0,LOW,0,NO MODEL DETECTION,NO SIGNIFICANT RISK FACTORS,No strong independent detection signal,NO IMMEDIATE ACTION
E000348,U008,login,0.0,0.0,0,0.0,0,0.0,0.0,0.0,LOW,0.0,0.0,LOW,0,NO MODEL DETECTION,NO SIGNIFICANT RISK FACTORS,No strong independent detection signal,NO IMMEDIATE ACTION
E000613,U001,file_access,0.0,0.0,0,0.0,0,0.0,0.0,0.0,LOW,0.0,0.0,LOW,0,NO MODEL DETECTION,NO SIGNIFICANT RISK FACTORS,No strong independent detection signal,NO IMMEDIATE ACTION
E000019,U002,login,0.0,0.0,0,0.0,0,0.0,0.0,0.0,LOW,0.0,0.0,LOW,0,NO MODEL DETECTION,NO SIGNIFICANT RISK FACTORS,No strong independent detection signal,NO IMMEDIATE ACTION
E000023,U002,file_access,0.0,0.0,0,0.0,0,0.0,0.0,0.0,LOW,0.0,0.0,LOW,0,NO MODEL DETECTION,NO SIGNIFICANT RISK FACTORS,No strong independent detection signal,NO IMMEDIATE ACTION
E000467,U009,login,0.0,0.0,0,0.0,0,0.0,0.0,0.0,LOW,0.0,0.0,LOW,0,NO MODEL DETECTION,NO SIGNIFICANT RISK FACTORS,No strong independent detection signal,NO IMMEDIATE ACTION
E000541,U009,file_access,0.0,0.0,0,0.0,0,0.0,0.0,0.0,LOW,0.0,0.0,LOW,0,NO MODEL DETECTION,NO SIGNIFICANT RISK FACTORS,No strong independent detection signal,NO IMMEDIATE ACTION
E000612,U009,login,0.0,0.0,0,0.0,0,0.0,0.0,0.0,LOW,0.0,0.0,LOW,0,NO MODEL DETECTION,NO SIGNIFICANT RISK FACTORS,No strong independent detection signal,NO IMMEDIATE ACTION
E000628,U009,file_access,0.0,0.0,0,0.0,0,0.0,0.0,0.0,LOW,0.0,0.0,LOW,0,NO MODEL DETECTION,NO SIGNIFICANT RISK FACTORS,No strong independent detection signal,NO IMMEDIATE ACTION
E000685,U009,file_access,0.0,0.0,0,0.0,0,0.0,0.0,0.0,LOW,0.0,0.0,LOW,0,NO MODEL DETECTION,NO SIGNIFICANT RISK FACTORS,No strong independent detection signal,NO IMMEDIATE ACTION
E000062,U010,file_access,0.0,0.0,0,0.0,0,0.0,0.0,0.0,LOW,0.0,0.0,LOW,0,NO MODEL DETECTION,NO SIGNIFICANT RISK FACTORS,No strong independent detection signal,NO IMMEDIATE ACTION
E000119,U018,login,0.0,0.0,0,0.0,0,0.0,0.0,0.0,LOW,0.0,0.0,LOW,0,NO MODEL DETECTION,NO SIGNIFICANT RISK FACTORS,No strong independent detection signal,NO IMMEDIATE ACTION
E000123,U018,file_access,0.0,0.0,0,0.0,0,0.0,0.0,0.0,LOW,0.0,0.0,LOW,0,NO MODEL DETECTION,NO SIGNIFICANT RISK FACTORS,No strong independent detection signal,NO IMMEDIATE ACTION
E000261,U018,login,0.0,0.0,0,0.0,0,0.0,0.0,0.0,LOW,0.0,0.0,LOW,0,NO MODEL DETECTION,NO SIGNIFICANT RISK FACTORS,No strong independent detection signal,NO IMMEDIATE ACTION
E000271,U018,file_access,0.0,0.0,0,0.0,0,0.0,0.0,0.0,LOW,0.0,0.0,LOW,0,NO MODEL DETECTION,NO SIGNIFICANT RISK FACTORS,No strong independent detection signal,NO IMMEDIATE ACTION
E000327,U018,login,0.0,0.0,0,0.0,0,0.0,0.0,0.0,LOW,0.0,0.0,LOW,0,NO MODEL DETECTION,NO SIGNIFICANT RISK FACTORS,No strong independent detection signal,NO IMMEDIATE ACTION
E000338,U018,file_access,0.0,0.0,0,0.0,0,0.0,0.0,0.0,LOW,0.0,0.0,LOW,0,NO MODEL DETECTION,NO SIGNIFICANT RISK FACTORS,No strong independent detection signal,NO IMMEDIATE ACTION
E000029,U007,login,0.0,0.0,0,0.0,0,0.0,0.0,0.0,LOW,0.0,0.0,LOW,0,NO MODEL DETECTION,NO SIGNIFICANT RISK FACTORS,No strong independent detection signal,NO IMMEDIATE ACTION
E000036,U007,file_access,0.0,0.0,0,0.0,0,0.0,0.0,0.0,LOW,0.0,0.0,LOW,0,NO MODEL DETECTION,NO SIGNIFICANT RISK FACTORS,No strong independent detection signal,NO IMMEDIATE ACTION
E000103,U007,login,0.0,0.0,0,0.0,0,0.0,0.0,0.0,LOW,0.0,0.0,LOW,0,NO MODEL DETECTION,NO SIGNIFICANT RISK FACTORS,No strong independent detection signal,NO IMMEDIATE ACTION
E000132,U007,transaction,0.0,0.0,0,0.0,0,0.0,0.0,0.0,LOW,0.0,0.0,LOW,0,NO MODEL DETECTION,NO SIGNIFICANT RISK FACTORS,No strong independent detection signal,NO IMMEDIATE ACTION
E000185,U007,login,0.0,0.0,0,0.0,0,0.0,0.0,0.0,LOW,0.0,0.0,LOW,0,NO MODEL DETECTION,NO SIGNIFICANT RISK FACTORS,No strong independent detection signal,NO IMMEDIATE ACTION
E000248,U011,file_access,0.0,0.0,0,0.0,0,0.0,0.0,0.0,LOW,0.0,0.0,LOW,0,NO MODEL DETECTION,NO SIGNIFICANT RISK FACTORS,No strong independent detection signal,NO IMMEDIATE ACTION
E000250,U011,file_access,0.0,0.0,0,0.0,0,0.0,0.0,0.0,LOW,0.0,0.0,LOW,0,NO MODEL DETECTION,NO SIGNIFICANT RISK FACTORS,No strong independent detection signal,NO IMMEDIATE ACTION
E000542,U001,file_access,0.0,0.0,0,0.0,0,0.0,0.0,0.0,LOW,0.0,0.0,LOW,0,NO MODEL DETECTION,NO SIGNIFICANT RISK FACTORS,No strong independent detection signal,NO IMMEDIATE ACTION
E000604,U001,login,0.0,0.0,0,0.0,0,0.0,0.0,0.0,LOW,0.0,0.0,LOW,0,NO MODEL DETECTION,NO SIGNIFICANT RISK FACTORS,No strong independent detection signal,NO IMMEDIATE ACTION
E000224,U010,transaction,0.0,0.0,0,0.0,0,0.0,0.0,0.0,LOW,0.0,0.0,LOW,0,NO MODEL DETECTION,NO SIGNIFICANT RISK FACTORS,No strong independent detection signal,NO IMMEDIATE ACTION
E000288,U010,file_access,0.0,0.0,0,0.0,0,0.0,0.0,0.0,LOW,0.0,0.0,LOW,0,NO MODEL DETECTION,NO SIGNIFICANT RISK FACTORS,No strong independent detection signal,NO IMMEDIATE ACTION
E000295,U010,transaction,0.0,0.0,0,0.0,0,0.0,0.0,0.0,LOW,0.0,0.0,LOW,0,NO MODEL DETECTION,NO SIGNIFICANT RISK FACTORS,No strong independent detection signal,NO IMMEDIATE ACTION
E000359,U010,file_access,0.0,0.0,0,0.0,0,0.0,0.0,0.0,LOW,0.0,0.0,LOW,0,NO MODEL DETECTION,NO SIGNIFICANT RISK FACTORS,No strong independent detection signal,NO IMMEDIATE ACTION
E000436,U010,transaction,0.0,0.0,0,0.0,0,0.0,0.0,0.0,LOW,0.0,0.0,LOW,0,NO MODEL DETECTION,NO SIGNIFICANT RISK FACTORS,No strong independent detection signal,NO IMMEDIATE ACTION
E000408,U018,login,0.0,0.0,0,0.0,0,0.0,0.0,0.0,LOW,0.0,0.0,LOW,0,NO MODEL DETECTION,NO SIGNIFICANT RISK FACTORS,No strong independent detection signal,NO IMMEDIATE ACTION
E000477,U018,login,0.0,0.0,0,0.0,0,0.0,0.0,0.0,LOW,0.0,0.0,LOW,0,NO MODEL DETECTION,NO SIGNIFICANT RISK FACTORS,No strong independent detection signal,NO IMMEDIATE ACTION
E000485,U018,file_access,0.0,0.0,0,0.0,0,0.0,0.0,0.0,LOW,0.0,0.0,LOW,0,NO MODEL DETECTION,NO SIGNIFICANT RISK FACTORS,No strong independent detection signal,NO IMMEDIATE ACTION
E000549,U018,login,0.0,0.0,0,0.0,0,0.0,0.0,0.0,LOW,0.0,0.0,LOW,0,NO MODEL DETECTION,NO SIGNIFICANT RISK FACTORS,No strong independent detection signal,NO IMMEDIATE ACTION
E000292,U003,file_access,0.0,0.0,0,0.0,0,0.0,0.0,0.0,LOW,0.0,0.0,LOW,0,NO MODEL DETECTION,NO SIGNIFICANT RISK FACTORS,No strong independent detection signal,NO IMMEDIATE ACTION
E000352,U003,file_access,0.0,0.0,0,0.0,0,0.0,0.0,0.0,LOW,0.0,0.0,LOW,0,NO MODEL DETECTION,NO SIGNIFICANT RISK FACTORS,No strong independent detection signal,NO IMMEDIATE ACTION
E000725,U005,file_access,0.0,0.0,0,0.0,0,0.0,0.0,0.0,LOW,0.0,0.0,LOW,0,NO MODEL DETECTION,NO SIGNIFICANT RISK FACTORS,No strong independent detection signal,NO IMMEDIATE ACTION
E000729,U005,transaction,0.0,0.0,0,0.0,0,0.0,0.0,0.0,LOW,0.0,0.0,LOW,0,NO MODEL DETECTION,NO SIGNIFICANT RISK FACTORS,No strong independent detection signal,NO IMMEDIATE ACTION
E000357,U003,file_access,0.0,0.0,0,0.0,0,0.0,0.0,0.0,LOW,0.0,0.0,LOW,0,NO MODEL DETECTION,NO SIGNIFICANT RISK FACTORS,No strong independent detection signal,NO IMMEDIATE ACTION
E000699,U018,file_access,0.0,0.0,0,0.0,0,0.0,0.0,0.0,LOW,0.0,0.0,LOW,0,NO MODEL DETECTION,NO SIGNIFICANT RISK FACTORS,No strong independent detection signal,NO IMMEDIATE ACTION
E000425,U003,file_access,0.0,0.0,0,0.0,0,0.0,0.0,0.0,LOW,0.0,0.0,LOW,0,NO MODEL DETECTION,NO SIGNIFICANT RISK FACTORS,No strong independent detection signal,NO IMMEDIATE ACTION
E000430,U003,file_access,0.0,0.0,0,0.0,0,0.0,0.0,0.0,LOW,0.0,0.0,LOW,0,NO MODEL DETECTION,NO SIGNIFICANT RISK FACTORS,No strong independent detection signal,NO IMMEDIATE ACTION
E000346,U005,file_access,0.0,0.0,0,0.0,0,0.0,0.0,0.0,LOW,0.0,0.0,LOW,0,NO MODEL DETECTION,NO SIGNIFICANT RISK FACTORS,No strong independent detection signal,NO IMMEDIATE ACTION
E000354,U005,file_access,0.0,0.0,0,0.0,0,0.0,0.0,0.0,LOW,0.0,0.0,LOW,0,NO MODEL DETECTION,NO SIGNIFICANT RISK FACTORS,No strong independent detection signal,NO IMMEDIATE ACTION
E000431,U005,transaction,0.0,0.0,0,0.0,0,0.0,0.0,0.0,LOW,0.0,0.0,LOW,0,NO MODEL DETECTION,NO SIGNIFICANT RISK FACTORS,No strong independent detection signal,NO IMMEDIATE ACTION
E000487,U011,file_access,0.0,0.0,0,0.0,0,0.0,0.0,0.0,LOW,0.0,0.0,LOW,0,NO MODEL DETECTION,NO SIGNIFICANT RISK FACTORS,No strong independent detection signal,NO IMMEDIATE ACTION
E000535,U011,file_access,0.0,0.0,0,0.0,0,0.0,0.0,0.0,LOW,0.0,0.0,LOW,0,NO MODEL DETECTION,NO SIGNIFICANT RISK FACTORS,No strong independent detection signal,NO IMMEDIATE ACTION
E000617,U011,login,0.0,0.0,0,0.0,0,0.0,0.0,0.0,LOW,0.0,0.0,LOW,0,NO MODEL DETECTION,NO SIGNIFICANT RISK FACTORS,No strong independent detection signal,NO IMMEDIATE ACTION
E000186,U001,file_access,0.0,0.0,0,0.0,0,0.0,0.0,0.0,LOW,0.0,0.0,LOW,0,NO MODEL DETECTION,NO SIGNIFICANT RISK FACTORS,No strong independent detection signal,NO IMMEDIATE ACTION
E000200,U001,transaction,0.0,0.0,0,0.0,0,0.0,0.0,0.0,LOW,0.0,0.0,LOW,0,NO MODEL DETECTION,NO SIGNIFICANT RISK FACTORS,No strong independent detection signal,NO IMMEDIATE ACTION
E000386,U001,login,0.0,0.0,0,0.0,0,0.0,0.0,0.0,LOW,0.0,0.0,LOW,0,NO MODEL DETECTION,NO SIGNIFICANT RISK FACTORS,No strong independent detection signal,NO IMMEDIATE ACTION
E000406,U001,file_access,0.0,0.0,0,0.0,0,0.0,0.0,0.0,LOW,0.0,0.0,LOW,0,NO MODEL DETECTION,NO SIGNIFICANT RISK FACTORS,No strong independent detection signal,NO IMMEDIATE ACTION
E000316,U011,login,0.0,0.0,0,0.0,0,0.0,0.0,0.0,LOW,0.0,0.0,LOW,0,NO MODEL DETECTION,NO SIGNIFICANT RISK FACTORS,No strong independent detection signal,NO IMMEDIATE ACTION
