event_id,user_id,timestamp,event_type,m13_risk_score,m13_risk_level,m13_attack_prediction,m13_detection_confidence,m14_attack_stage,m14_suspicious_event,m14_campaign_id,campaign_event_count,campaign_users,campaign_stages,campaign_duration_minutes,campaign_progression_score,campaign_risk_score,campaign_risk_level,campaign_confidence,attack_chain_detected,m14_final_risk_score,m14_final_risk_level,m14_campaign_explanation,m14_recommended_action
E000591,U001,,transaction,96.96,CRITICAL,1,100.0,IMPACT,1,CMP0001,5.0,1.0,IMPACT → PERSISTENCE → DATA_ACCESS → PRIVILEGE_ESCALATION → INITIAL_ACCESS,0.0,0.0,68.93,HIGH,58.18,1,100.0,CRITICAL,MULTI-STAGE ATTACK CHAIN DETECTED: IMPACT → PERSISTENCE → DATA_ACCESS → PRIVILEGE_ESCALATION → INITIAL_ACCESS,"IMMEDIATE INVESTIGATION, CONTAINMENT AND INCIDENT RESPONSE"
E000669,U002,,transaction,97.05,CRITICAL,1,100.0,IMPACT,1,CMP0002,5.0,1.0,IMPACT → PERSISTENCE → DATA_ACCESS → PRIVILEGE_ESCALATION → INITIAL_ACCESS,0.0,0.0,68.98,HIGH,58.23,1,100.0,CRITICAL,MULTI-STAGE ATTACK CHAIN DETECTED: IMPACT → PERSISTENCE → DATA_ACCESS → PRIVILEGE_ESCALATION → INITIAL_ACCESS,"IMMEDIATE INVESTIGATION, CONTAINMENT AND INCIDENT RESPONSE"
E000667,U002,,beneficiary_change,86.63,CRITICAL,1,100.0,PERSISTENCE,1,CMP0002,5.0,1.0,IMPACT → PERSISTENCE → DATA_ACCESS → PRIVILEGE_ESCALATION → INITIAL_ACCESS,0.0,0.0,68.98,HIGH,58.23,1,96.63,CRITICAL,MULTI-STAGE ATTACK CHAIN DETECTED: IMPACT → PERSISTENCE → DATA_ACCESS → PRIVILEGE_ESCALATION → INITIAL_ACCESS,"IMMEDIATE INVESTIGATION, CONTAINMENT AND INCIDENT RESPONSE"
E000590,U001,,beneficiary_change,86.63,CRITICAL,1,100.0,PERSISTENCE,1,CMP0001,5.0,1.0,IMPACT → PERSISTENCE → DATA_ACCESS → PRIVILEGE_ESCALATION → INITIAL_ACCESS,0.0,0.0,68.93,HIGH,58.18,1,96.63,CRITICAL,MULTI-STAGE ATTACK CHAIN DETECTED: IMPACT → PERSISTENCE → DATA_ACCESS → PRIVILEGE_ESCALATION → INITIAL_ACCESS,"IMMEDIATE INVESTIGATION, CONTAINMENT AND INCIDENT RESPONSE"
E000588,U001,,file_access,80.67,CRITICAL,1,99.8,DATA_ACCESS,1,CMP0001,5.0,1.0,IMPACT → PERSISTENCE → DATA_ACCESS → PRIVILEGE_ESCALATION → INITIAL_ACCESS,0.0,0.0,68.93,HIGH,58.18,1,90.67,CRITICAL,MULTI-STAGE ATTACK CHAIN DETECTED: IMPACT → PERSISTENCE → DATA_ACCESS → PRIVILEGE_ESCALATION → INITIAL_ACCESS,"IMMEDIATE INVESTIGATION, CONTAINMENT AND INCIDENT RESPONSE"
E000666,U002,,file_access,80.67,CRITICAL,1,99.8,DATA_ACCESS,1,CMP0002,5.0,1.0,IMPACT → PERSISTENCE → DATA_ACCESS → PRIVILEGE_ESCALATION → INITIAL_ACCESS,0.0,0.0,68.98,HIGH,58.23,1,90.67,CRITICAL,MULTI-STAGE ATTACK CHAIN DETECTED: IMPACT → PERSISTENCE → DATA_ACCESS → PRIVILEGE_ESCALATION → INITIAL_ACCESS,"IMMEDIATE INVESTIGATION, CONTAINMENT AND INCIDENT RESPONSE"
E000586,U001,,permission_change,76.31,HIGH,1,100.0,PRIVILEGE_ESCALATION,1,CMP0001,5.0,1.0,IMPACT → PERSISTENCE → DATA_ACCESS → PRIVILEGE_ESCALATION → INITIAL_ACCESS,0.0,0.0,68.93,HIGH,58.18,1,86.31,CRITICAL,MULTI-STAGE ATTACK CHAIN DETECTED: IMPACT → PERSISTENCE → DATA_ACCESS → PRIVILEGE_ESCALATION → INITIAL_ACCESS,"IMMEDIATE INVESTIGATION, CONTAINMENT AND INCIDENT RESPONSE"
E000664,U002,,permission_change,76.31,HIGH,1,100.0,PRIVILEGE_ESCALATION,1,CMP0002,5.0,1.0,IMPACT → PERSISTENCE → DATA_ACCESS → PRIVILEGE_ESCALATION → INITIAL_ACCESS,0.0,0.0,68.98,HIGH,58.23,1,86.31,CRITICAL,MULTI-STAGE ATTACK CHAIN DETECTED: IMPACT → PERSISTENCE → DATA_ACCESS → PRIVILEGE_ESCALATION → INITIAL_ACCESS,"IMMEDIATE INVESTIGATION, CONTAINMENT AND INCIDENT RESPONSE"
E000663,U002,,login,68.36,HIGH,1,94.28,INITIAL_ACCESS,1,CMP0002,5.0,1.0,IMPACT → PERSISTENCE → DATA_ACCESS → PRIVILEGE_ESCALATION → INITIAL_ACCESS,0.0,0.0,68.98,HIGH,58.23,1,78.36,HIGH,MULTI-STAGE ATTACK CHAIN DETECTED: IMPACT → PERSISTENCE → DATA_ACCESS → PRIVILEGE_ESCALATION → INITIAL_ACCESS,HIGH PRIORITY SECURITY INVESTIGATION
E000585,U001,,login,68.36,HIGH,1,94.28,INITIAL_ACCESS,1,CMP0001,5.0,1.0,IMPACT → PERSISTENCE → DATA_ACCESS → PRIVILEGE_ESCALATION → INITIAL_ACCESS,0.0,0.0,68.93,HIGH,58.18,1,78.36,HIGH,MULTI-STAGE ATTACK CHAIN DETECTED: IMPACT → PERSISTENCE → DATA_ACCESS → PRIVILEGE_ESCALATION → INITIAL_ACCESS,HIGH PRIORITY SECURITY INVESTIGATION
E000508,U013,,login,25.62,LOW-MODERATE,0,43.36,INITIAL_ACCESS,0,NONE,0.0,0.0,NONE,0.0,0.0,0.0,LOW,0.0,0,25.62,LOW,NO ATTACK CAMPAIGN DETECTED,CONTINUE MONITORING
E000580,U019,,login,20.1,LOW-MODERATE,0,37.74,INITIAL_ACCESS,0,NONE,0.0,0.0,NONE,0.0,0.0,0.0,LOW,0.0,0,20.1,LOW,NO ATTACK CAMPAIGN DETECTED,CONTINUE MONITORING
E000582,U019,,transaction,16.52,LOW,0,34.84,IMPACT,0,NONE,0.0,0.0,NONE,0.0,0.0,0.0,LOW,0.0,0,16.52,LOW,NO ATTACK CAMPAIGN DETECTED,CONTINUE MONITORING
E000275,U005,,login,16.51,LOW,0,34.71,INITIAL_ACCESS,0,NONE,0.0,0.0,NONE,0.0,0.0,0.0,LOW,0.0,0,16.51,LOW,NO ATTACK CAMPAIGN DETECTED,CONTINUE MONITORING
E000679,U012,,transaction,16.21,LOW,0,34.84,IMPACT,0,NONE,0.0,0.0,NONE,0.0,0.0,0.0,LOW,0.0,0,16.21,LOW,NO ATTACK CAMPAIGN DETECTED,CONTINUE MONITORING
E000426,U003,,transaction,14.39,LOW,0,34.84,IMPACT,0,NONE,0.0,0.0,NONE,0.0,0.0,0.0,LOW,0.0,0,14.39,LOW,NO ATTACK CAMPAIGN DETECTED,CONTINUE MONITORING
E000211,U020,,transaction,14.18,LOW,0,34.84,IMPACT,0,NONE,0.0,0.0,NONE,0.0,0.0,0.0,LOW,0.0,0,14.18,LOW,NO ATTACK CAMPAIGN DETECTED,CONTINUE MONITORING
E000045,U018,,transaction,14.1,LOW,0,34.84,IMPACT,0,NONE,0.0,0.0,NONE,0.0,0.0,0.0,LOW,0.0,0,14.1,LOW,NO ATTACK CAMPAIGN DETECTED,CONTINUE MONITORING
E000335,U011,,transaction,13.22,LOW,0,33.53,IMPACT,0,NONE,0.0,0.0,NONE,0.0,0.0,0.0,LOW,0.0,0,13.22,LOW,NO ATTACK CAMPAIGN DETECTED,CONTINUE MONITORING
E000629,U017,,transaction,13.12,LOW,0,32.53,IMPACT,0,NONE,0.0,0.0,NONE,0.0,0.0,0.0,LOW,0.0,0,13.12,LOW,NO ATTACK CAMPAIGN DETECTED,CONTINUE MONITORING
E000162,U012,,login,12.66,LOW,0,23.11,INITIAL_ACCESS,0,NONE,0.0,0.0,NONE,0.0,0.0,0.0,LOW,0.0,0,12.66,LOW,NO ATTACK CAMPAIGN DETECTED,CONTINUE MONITORING
E000005,U012,,login,12.66,LOW,0,23.11,INITIAL_ACCESS,0,NONE,0.0,0.0,NONE,0.0,0.0,0.0,LOW,0.0,0,12.66,LOW,NO ATTACK CAMPAIGN DETECTED,CONTINUE MONITORING
E000670,U012,,login,12.66,LOW,0,23.11,INITIAL_ACCESS,0,NONE,0.0,0.0,NONE,0.0,0.0,0.0,LOW,0.0,0,12.66,LOW,NO ATTACK CAMPAIGN DETECTED,CONTINUE MONITORING
E000155,U019,,login,12.66,LOW,0,23.11,INITIAL_ACCESS,0,NONE,0.0,0.0,NONE,0.0,0.0,0.0,LOW,0.0,0,12.66,LOW,NO ATTACK CAMPAIGN DETECTED,CONTINUE MONITORING
E000442,U019,,login,12.66,LOW,0,23.11,INITIAL_ACCESS,0,NONE,0.0,0.0,NONE,0.0,0.0,0.0,LOW,0.0,0,12.66,LOW,NO ATTACK CAMPAIGN DETECTED,CONTINUE MONITORING
E000511,U019,,login,12.66,LOW,0,23.11,INITIAL_ACCESS,0,NONE,0.0,0.0,NONE,0.0,0.0,0.0,LOW,0.0,0,12.66,LOW,NO ATTACK CAMPAIGN DETECTED,CONTINUE MONITORING
E000228,U012,,login,12.66,LOW,0,23.11,INITIAL_ACCESS,0,NONE,0.0,0.0,NONE,0.0,0.0,0.0,LOW,0.0,0,12.66,LOW,NO ATTACK CAMPAIGN DETECTED,CONTINUE MONITORING
E000300,U012,,login,12.66,LOW,0,23.11,INITIAL_ACCESS,0,NONE,0.0,0.0,NONE,0.0,0.0,0.0,LOW,0.0,0,12.66,LOW,NO ATTACK CAMPAIGN DETECTED,CONTINUE MONITORING
E000583,U006,,login,12.66,LOW,0,23.11,INITIAL_ACCESS,0,NONE,0.0,0.0,NONE,0.0,0.0,0.0,LOW,0.0,0,12.66,LOW,NO ATTACK CAMPAIGN DETECTED,CONTINUE MONITORING
E000366,U013,,login,12.66,LOW,0,23.11,INITIAL_ACCESS,0,NONE,0.0,0.0,NONE,0.0,0.0,0.0,LOW,0.0,0,12.66,LOW,NO ATTACK CAMPAIGN DETECTED,CONTINUE MONITORING
E000079,U013,,login,12.66,LOW,0,23.11,INITIAL_ACCESS,0,NONE,0.0,0.0,NONE,0.0,0.0,0.0,LOW,0.0,0,12.66,LOW,NO ATTACK CAMPAIGN DETECTED,CONTINUE MONITORING
E000153,U013,,login,12.66,LOW,0,23.11,INITIAL_ACCESS,0,NONE,0.0,0.0,NONE,0.0,0.0,0.0,LOW,0.0,0,12.66,LOW,NO ATTACK CAMPAIGN DETECTED,CONTINUE MONITORING
E000296,U006,,login,12.66,LOW,0,23.11,INITIAL_ACCESS,0,NONE,0.0,0.0,NONE,0.0,0.0,0.0,LOW,0.0,0,12.66,LOW,NO ATTACK CAMPAIGN DETECTED,CONTINUE MONITORING
E000438,U006,,login,12.66,LOW,0,23.11,INITIAL_ACCESS,0,NONE,0.0,0.0,NONE,0.0,0.0,0.0,LOW,0.0,0,12.66,LOW,NO ATTACK CAMPAIGN DETECTED,CONTINUE MONITORING
E000154,U015,,login,12.66,LOW,0,23.11,INITIAL_ACCESS,0,NONE,0.0,0.0,NONE,0.0,0.0,0.0,LOW,0.0,0,12.66,LOW,NO ATTACK CAMPAIGN DETECTED,CONTINUE MONITORING
E000514,U015,,login,12.66,LOW,0,23.11,INITIAL_ACCESS,0,NONE,0.0,0.0,NONE,0.0,0.0,0.0,LOW,0.0,0,12.66,LOW,NO ATTACK CAMPAIGN DETECTED,CONTINUE MONITORING
E000365,U006,,login,12.66,LOW,0,23.11,INITIAL_ACCESS,0,NONE,0.0,0.0,NONE,0.0,0.0,0.0,LOW,0.0,0,12.66,LOW,NO ATTACK CAMPAIGN DETECTED,CONTINUE MONITORING
E000003,U015,,login,12.66,LOW,0,23.11,INITIAL_ACCESS,0,NONE,0.0,0.0,NONE,0.0,0.0,0.0,LOW,0.0,0,12.66,LOW,NO ATTACK CAMPAIGN DETECTED,CONTINUE MONITORING
E000297,U015,,login,12.66,LOW,0,23.11,INITIAL_ACCESS,0,NONE,0.0,0.0,NONE,0.0,0.0,0.0,LOW,0.0,0,12.66,LOW,NO ATTACK CAMPAIGN DETECTED,CONTINUE MONITORING
E000226,U015,,login,12.66,LOW,0,23.11,INITIAL_ACCESS,0,NONE,0.0,0.0,NONE,0.0,0.0,0.0,LOW,0.0,0,12.66,LOW,NO ATTACK CAMPAIGN DETECTED,CONTINUE MONITORING
E000001,U006,,login,12.66,LOW,0,23.11,INITIAL_ACCESS,0,NONE,0.0,0.0,NONE,0.0,0.0,0.0,LOW,0.0,0,12.66,LOW,NO ATTACK CAMPAIGN DETECTED,CONTINUE MONITORING
E000002,U019,,login,12.66,LOW,0,23.11,INITIAL_ACCESS,0,NONE,0.0,0.0,NONE,0.0,0.0,0.0,LOW,0.0,0,12.66,LOW,NO ATTACK CAMPAIGN DETECTED,CONTINUE MONITORING
E000657,U013,,login,12.66,LOW,0,23.11,INITIAL_ACCESS,0,NONE,0.0,0.0,NONE,0.0,0.0,0.0,LOW,0.0,0,12.66,LOW,NO ATTACK CAMPAIGN DETECTED,CONTINUE MONITORING
E000225,U013,,login,12.66,LOW,0,23.11,INITIAL_ACCESS,0,NONE,0.0,0.0,NONE,0.0,0.0,0.0,LOW,0.0,0,12.66,LOW,NO ATTACK CAMPAIGN DETECTED,CONTINUE MONITORING
E000440,U013,,login,12.66,LOW,0,23.11,INITIAL_ACCESS,0,NONE,0.0,0.0,NONE,0.0,0.0,0.0,LOW,0.0,0,12.66,LOW,NO ATTACK CAMPAIGN DETECTED,CONTINUE MONITORING
E000509,U006,,login,12.66,LOW,0,23.11,INITIAL_ACCESS,0,NONE,0.0,0.0,NONE,0.0,0.0,0.0,LOW,0.0,0,12.66,LOW,NO ATTACK CAMPAIGN DETECTED,CONTINUE MONITORING
E000658,U019,,login,12.66,LOW,0,23.11,INITIAL_ACCESS,0,NONE,0.0,0.0,NONE,0.0,0.0,0.0,LOW,0.0,0,12.66,LOW,NO ATTACK CAMPAIGN DETECTED,CONTINUE MONITORING
E000367,U019,,login,12.66,LOW,0,23.11,INITIAL_ACCESS,0,NONE,0.0,0.0,NONE,0.0,0.0,0.0,LOW,0.0,0,12.66,LOW,NO ATTACK CAMPAIGN DETECTED,CONTINUE MONITORING
E000680,U001,,login,12.27,LOW,0,23.89,INITIAL_ACCESS,0,NONE,0.0,0.0,NONE,0.0,0.0,0.0,LOW,0.0,0,12.27,LOW,NO ATTACK CAMPAIGN DETECTED,CONTINUE MONITORING
E000526,U004,,login,12.27,LOW,0,23.89,INITIAL_ACCESS,0,NONE,0.0,0.0,NONE,0.0,0.0,0.0,LOW,0.0,0,12.27,LOW,NO ATTACK CAMPAIGN DETECTED,CONTINUE MONITORING
E000528,U007,,login,12.27,LOW,0,23.89,INITIAL_ACCESS,0,NONE,0.0,0.0,NONE,0.0,0.0,0.0,LOW,0.0,0,12.27,LOW,NO ATTACK CAMPAIGN DETECTED,CONTINUE MONITORING
E000706,U009,,transaction,11.55,LOW,0,18.16,IMPACT,0,NONE,0.0,0.0,NONE,0.0,0.0,0.0,LOW,0.0,0,11.55,LOW,NO ATTACK CAMPAIGN DETECTED,CONTINUE MONITORING
E000343,U003,,login,11.16,LOW,0,23.11,INITIAL_ACCESS,0,NONE,0.0,0.0,NONE,0.0,0.0,0.0,LOW,0.0,0,11.16,LOW,NO ATTACK CAMPAIGN DETECTED,CONTINUE MONITORING
E000053,U003,,login,11.16,LOW,0,23.11,INITIAL_ACCESS,0,NONE,0.0,0.0,NONE,0.0,0.0,0.0,LOW,0.0,0,11.16,LOW,NO ATTACK CAMPAIGN DETECTED,CONTINUE MONITORING
E000420,U003,,login,11.16,LOW,0,23.11,INITIAL_ACCESS,0,NONE,0.0,0.0,NONE,0.0,0.0,0.0,LOW,0.0,0,11.16,LOW,NO ATTACK CAMPAIGN DETECTED,CONTINUE MONITORING
E000641,U003,,login,11.16,LOW,0,23.11,INITIAL_ACCESS,0,NONE,0.0,0.0,NONE,0.0,0.0,0.0,LOW,0.0,0,11.16,LOW,NO ATTACK CAMPAIGN DETECTED,CONTINUE MONITORING
E000065,U020,,login,11.16,LOW,0,23.11,INITIAL_ACCESS,0,NONE,0.0,0.0,NONE,0.0,0.0,0.0,LOW,0.0,0,11.16,LOW,NO ATTACK CAMPAIGN DETECTED,CONTINUE MONITORING
E000205,U003,,login,11.16,LOW,0,23.11,INITIAL_ACCESS,0,NONE,0.0,0.0,NONE,0.0,0.0,0.0,LOW,0.0,0,11.16,LOW,NO ATTACK CAMPAIGN DETECTED,CONTINUE MONITORING
E000146,U003,,login,11.16,LOW,0,23.11,INITIAL_ACCESS,0,NONE,0.0,0.0,NONE,0.0,0.0,0.0,LOW,0.0,0,11.16,LOW,NO ATTACK CAMPAIGN DETECTED,CONTINUE MONITORING
E000207,U020,,login,10.77,LOW,0,23.89,INITIAL_ACCESS,0,NONE,0.0,0.0,NONE,0.0,0.0,0.0,LOW,0.0,0,10.77,LOW,NO ATTACK CAMPAIGN DETECTED,CONTINUE MONITORING
E000717,U008,,login,10.77,LOW,0,23.89,INITIAL_ACCESS,0,NONE,0.0,0.0,NONE,0.0,0.0,0.0,LOW,0.0,0,10.77,LOW,NO ATTACK CAMPAIGN DETECTED,CONTINUE MONITORING
E000642,U008,,login,10.77,LOW,0,23.89,INITIAL_ACCESS,0,NONE,0.0,0.0,NONE,0.0,0.0,0.0,LOW,0.0,0,10.77,LOW,NO ATTACK CAMPAIGN DETECTED,CONTINUE MONITORING
E000559,U010,,login,10.77,LOW,0,23.89,INITIAL_ACCESS,0,NONE,0.0,0.0,NONE,0.0,0.0,0.0,LOW,0.0,0,10.77,LOW,NO ATTACK CAMPAIGN DETECTED,CONTINUE MONITORING
E000134,U008,,login,10.77,LOW,0,23.89,INITIAL_ACCESS,0,NONE,0.0,0.0,NONE,0.0,0.0,0.0,LOW,0.0,0,10.77,LOW,NO ATTACK CAMPAIGN DETECTED,CONTINUE MONITORING
E000020,U017,,login,10.77,LOW,0,23.89,INITIAL_ACCESS,0,NONE,0.0,0.0,NONE,0.0,0.0,0.0,LOW,0.0,0,10.77,LOW,NO ATTACK CAMPAIGN DETECTED,CONTINUE MONITORING
E000462,U017,,login,10.77,LOW,0,23.89,INITIAL_ACCESS,0,NONE,0.0,0.0,NONE,0.0,0.0,0.0,LOW,0.0,0,10.77,LOW,NO ATTACK CAMPAIGN DETECTED,CONTINUE MONITORING
E000337,U009,,login,10.77,LOW,0,23.89,INITIAL_ACCESS,0,NONE,0.0,0.0,NONE,0.0,0.0,0.0,LOW,0.0,0,10.77,LOW,NO ATTACK CAMPAIGN DETECTED,CONTINUE MONITORING
E000204,U008,,login,10.77,LOW,0,23.89,INITIAL_ACCESS,0,NONE,0.0,0.0,NONE,0.0,0.0,0.0,LOW,0.0,0,10.77,LOW,NO ATTACK CAMPAIGN DETECTED,CONTINUE MONITORING
E000489,U010,,login,10.77,LOW,0,23.89,INITIAL_ACCESS,0,NONE,0.0,0.0,NONE,0.0,0.0,0.0,LOW,0.0,0,10.77,LOW,NO ATTACK CAMPAIGN DETECTED,CONTINUE MONITORING
E000558,U020,,login,10.77,LOW,0,23.89,INITIAL_ACCESS,0,NONE,0.0,0.0,NONE,0.0,0.0,0.0,LOW,0.0,0,10.77,LOW,NO ATTACK CAMPAIGN DETECTED,CONTINUE MONITORING
E000419,U020,,login,10.77,LOW,0,23.89,INITIAL_ACCESS,0,NONE,0.0,0.0,NONE,0.0,0.0,0.0,LOW,0.0,0,10.77,LOW,NO ATTACK CAMPAIGN DETECTED,CONTINUE MONITORING
E000491,U005,,login,10.77,LOW,0,23.89,INITIAL_ACCESS,0,NONE,0.0,0.0,NONE,0.0,0.0,0.0,LOW,0.0,0,10.77,LOW,NO ATTACK CAMPAIGN DETECTED,CONTINUE MONITORING
E000339,U005,,login,10.77,LOW,0,23.89,INITIAL_ACCESS,0,NONE,0.0,0.0,NONE,0.0,0.0,0.0,LOW,0.0,0,10.77,LOW,NO ATTACK CAMPAIGN DETECTED,CONTINUE MONITORING
E000135,U005,,login,10.77,LOW,0,23.89,INITIAL_ACCESS,0,NONE,0.0,0.0,NONE,0.0,0.0,0.0,LOW,0.0,0,10.77,LOW,NO ATTACK CAMPAIGN DETECTED,CONTINUE MONITORING
E000422,U005,,login,10.77,LOW,0,23.89,INITIAL_ACCESS,0,NONE,0.0,0.0,NONE,0.0,0.0,0.0,LOW,0.0,0,10.77,LOW,NO ATTACK CAMPAIGN DETECTED,CONTINUE MONITORING
E000643,U005,,login,10.77,LOW,0,23.89,INITIAL_ACCESS,0,NONE,0.0,0.0,NONE,0.0,0.0,0.0,LOW,0.0,0,10.77,LOW,NO ATTACK CAMPAIGN DETECTED,CONTINUE MONITORING
E000640,U010,,login,10.77,LOW,0,23.89,INITIAL_ACCESS,0,NONE,0.0,0.0,NONE,0.0,0.0,0.0,LOW,0.0,0,10.77,LOW,NO ATTACK CAMPAIGN DETECTED,CONTINUE MONITORING
E000520,U015,,transaction,10.02,LOW,0,17.16,IMPACT,0,NONE,0.0,0.0,NONE,0.0,0.0,0.0,LOW,0.0,0,10.02,LOW,NO ATTACK CAMPAIGN DETECTED,CONTINUE MONITORING
E000480,U014,,transaction,9.87,LOW,0,17.03,IMPACT,0,NONE,0.0,0.0,NONE,0.0,0.0,0.0,LOW,0.0,0,9.87,LOW,NO ATTACK CAMPAIGN DETECTED,CONTINUE MONITORING
E000099,U002,,transaction,9.49,LOW,0,17.03,IMPACT,0,NONE,0.0,0.0,NONE,0.0,0.0,0.0,LOW,0.0,0,9.49,LOW,NO ATTACK CAMPAIGN DETECTED,CONTINUE MONITORING
E000452,U013,,transaction,9.43,LOW,0,17.03,IMPACT,0,NONE,0.0,0.0,NONE,0.0,0.0,0.0,LOW,0.0,0,9.43,LOW,NO ATTACK CAMPAIGN DETECTED,CONTINUE MONITORING
E000304,U012,,transaction,9.42,LOW,0,17.03,IMPACT,0,NONE,0.0,0.0,NONE,0.0,0.0,0.0,LOW,0.0,0,9.42,LOW,NO ATTACK CAMPAIGN DETECTED,CONTINUE MONITORING
E000312,U013,,transaction,9.4,LOW,0,17.03,IMPACT,0,NONE,0.0,0.0,NONE,0.0,0.0,0.0,LOW,0.0,0,9.4,LOW,NO ATTACK CAMPAIGN DETECTED,CONTINUE MONITORING
E000014,U012,,transaction,9.39,LOW,0,17.03,IMPACT,0,NONE,0.0,0.0,NONE,0.0,0.0,0.0,LOW,0.0,0,9.39,LOW,NO ATTACK CAMPAIGN DETECTED,CONTINUE MONITORING
E000190,U002,,transaction,9.37,LOW,0,17.03,IMPACT,0,NONE,0.0,0.0,NONE,0.0,0.0,0.0,LOW,0.0,0,9.37,LOW,NO ATTACK CAMPAIGN DETECTED,CONTINUE MONITORING
E000458,U004,,transaction,9.28,LOW,0,17.03,IMPACT,0,NONE,0.0,0.0,NONE,0.0,0.0,0.0,LOW,0.0,0,9.28,LOW,NO ATTACK CAMPAIGN DETECTED,CONTINUE MONITORING
E000587,U013,,login,9.26,LOW,0,23.76,INITIAL_ACCESS,0,NONE,0.0,0.0,NONE,0.0,0.0,0.0,LOW,0.0,0,9.26,LOW,NO ATTACK CAMPAIGN DETECTED,CONTINUE MONITORING
E000007,U013,,login,9.26,LOW,0,23.76,INITIAL_ACCESS,0,NONE,0.0,0.0,NONE,0.0,0.0,0.0,LOW,0.0,0,9.26,LOW,NO ATTACK CAMPAIGN DETECTED,CONTINUE MONITORING
E000164,U006,,login,9.26,LOW,0,23.76,INITIAL_ACCESS,0,NONE,0.0,0.0,NONE,0.0,0.0,0.0,LOW,0.0,0,9.26,LOW,NO ATTACK CAMPAIGN DETECTED,CONTINUE MONITORING
E000662,U015,,login,9.26,LOW,0,23.76,INITIAL_ACCESS,0,NONE,0.0,0.0,NONE,0.0,0.0,0.0,LOW,0.0,0,9.26,LOW,NO ATTACK CAMPAIGN DETECTED,CONTINUE MONITORING
E000518,U012,,login,9.26,LOW,0,23.76,INITIAL_ACCESS,0,NONE,0.0,0.0,NONE,0.0,0.0,0.0,LOW,0.0,0,9.26,LOW,NO ATTACK CAMPAIGN DETECTED,CONTINUE MONITORING
E000303,U013,,login,9.26,LOW,0,23.76,INITIAL_ACCESS,0,NONE,0.0,0.0,NONE,0.0,0.0,0.0,LOW,0.0,0,9.26,LOW,NO ATTACK CAMPAIGN DETECTED,CONTINUE MONITORING
E000078,U012,,login,9.26,LOW,0,23.76,INITIAL_ACCESS,0,NONE,0.0,0.0,NONE,0.0,0.0,0.0,LOW,0.0,0,9.26,LOW,NO ATTACK CAMPAIGN DETECTED,CONTINUE MONITORING
E000227,U019,,login,9.26,LOW,0,23.76,INITIAL_ACCESS,0,NONE,0.0,0.0,NONE,0.0,0.0,0.0,LOW,0.0,0,9.26,LOW,NO ATTACK CAMPAIGN DETECTED,CONTINUE MONITORING
E000298,U019,,login,9.26,LOW,0,23.76,INITIAL_ACCESS,0,NONE,0.0,0.0,NONE,0.0,0.0,0.0,LOW,0.0,0,9.26,LOW,NO ATTACK CAMPAIGN DETECTED,CONTINUE MONITORING
E000073,U019,,login,9.26,LOW,0,23.76,INITIAL_ACCESS,0,NONE,0.0,0.0,NONE,0.0,0.0,0.0,LOW,0.0,0,9.26,LOW,NO ATTACK CAMPAIGN DETECTED,CONTINUE MONITORING
E000229,U006,,login,9.26,LOW,0,23.76,INITIAL_ACCESS,0,NONE,0.0,0.0,NONE,0.0,0.0,0.0,LOW,0.0,0,9.26,LOW,NO ATTACK CAMPAIGN DETECTED,CONTINUE MONITORING
E000661,U006,,login,9.26,LOW,0,23.76,INITIAL_ACCESS,0,NONE,0.0,0.0,NONE,0.0,0.0,0.0,LOW,0.0,0,9.26,LOW,NO ATTACK CAMPAIGN DETECTED,CONTINUE MONITORING
E000589,U015,,login,9.26,LOW,0,23.76,INITIAL_ACCESS,0,NONE,0.0,0.0,NONE,0.0,0.0,0.0,LOW,0.0,0,9.26,LOW,NO ATTACK CAMPAIGN DETECTED,CONTINUE MONITORING
E000443,U015,,login,9.26,LOW,0,23.76,INITIAL_ACCESS,0,NONE,0.0,0.0,NONE,0.0,0.0,0.0,LOW,0.0,0,9.26,LOW,NO ATTACK CAMPAIGN DETECTED,CONTINUE MONITORING
E000075,U006,,login,9.26,LOW,0,23.76,INITIAL_ACCESS,0,NONE,0.0,0.0,NONE,0.0,0.0,0.0,LOW,0.0,0,9.26,LOW,NO ATTACK CAMPAIGN DETECTED,CONTINUE MONITORING
E000377,U012,,login,9.26,LOW,0,23.76,INITIAL_ACCESS,0,NONE,0.0,0.0,NONE,0.0,0.0,0.0,LOW,0.0,0,9.26,LOW,NO ATTACK CAMPAIGN DETECTED,CONTINUE MONITORING
E000592,U012,,login,9.26,LOW,0,23.76,INITIAL_ACCESS,0,NONE,0.0,0.0,NONE,0.0,0.0,0.0,LOW,0.0,0,9.26,LOW,NO ATTACK CAMPAIGN DETECTED,CONTINUE MONITORING
E000451,U012,,login,9.26,LOW,0,23.76,INITIAL_ACCESS,0,NONE,0.0,0.0,NONE,0.0,0.0,0.0,LOW,0.0,0,9.26,LOW,NO ATTACK CAMPAIGN DETECTED,CONTINUE MONITORING
E000074,U015,,login,9.26,LOW,0,23.76,INITIAL_ACCESS,0,NONE,0.0,0.0,NONE,0.0,0.0,0.0,LOW,0.0,0,9.26,LOW,NO ATTACK CAMPAIGN DETECTED,CONTINUE MONITORING
E000375,U015,,login,9.26,LOW,0,23.76,INITIAL_ACCESS,0,NONE,0.0,0.0,NONE,0.0,0.0,0.0,LOW,0.0,0,9.26,LOW,NO ATTACK CAMPAIGN DETECTED,CONTINUE MONITORING
E000182,U011,,transaction,9.17,LOW,0,24.21,IMPACT,0,NONE,0.0,0.0,NONE,0.0,0.0,0.0,LOW,0.0,0,9.17,LOW,NO ATTACK CAMPAIGN DETECTED,CONTINUE MONITORING
E000547,U014,,transaction,9.09,LOW,0,17.03,IMPACT,0,NONE,0.0,0.0,NONE,0.0,0.0,0.0,LOW,0.0,0,9.09,LOW,NO ATTACK CAMPAIGN DETECTED,CONTINUE MONITORING
E000634,U002,,transaction,8.97,LOW,0,17.03,IMPACT,0,NONE,0.0,0.0,NONE,0.0,0.0,0.0,LOW,0.0,0,8.97,LOW,NO ATTACK CAMPAIGN DETECTED,CONTINUE MONITORING
E000016,U013,,transaction,8.86,LOW,0,17.03,IMPACT,0,NONE,0.0,0.0,NONE,0.0,0.0,0.0,LOW,0.0,0,8.86,LOW,NO ATTACK CAMPAIGN DETECTED,CONTINUE MONITORING
E000603,U002,,login,8.83,LOW,0,18.44,INITIAL_ACCESS,0,NONE,0.0,0.0,NONE,0.0,0.0,0.0,LOW,0.0,0,8.83,LOW,NO ATTACK CAMPAIGN DETECTED,CONTINUE MONITORING
E000246,U011,,login,8.83,LOW,0,18.44,INITIAL_ACCESS,0,NONE,0.0,0.0,NONE,0.0,0.0,0.0,LOW,0.0,0,8.83,LOW,NO ATTACK CAMPAIGN DETECTED,CONTINUE MONITORING
E000174,U011,,login,8.83,LOW,0,18.44,INITIAL_ACCESS,0,NONE,0.0,0.0,NONE,0.0,0.0,0.0,LOW,0.0,0,8.83,LOW,NO ATTACK CAMPAIGN DETECTED,CONTINUE MONITORING
E000457,U002,,login,8.83,LOW,0,18.44,INITIAL_ACCESS,0,NONE,0.0,0.0,NONE,0.0,0.0,0.0,LOW,0.0,0,8.83,LOW,NO ATTACK CAMPAIGN DETECTED,CONTINUE MONITORING
E000527,U011,,login,8.83,LOW,0,18.44,INITIAL_ACCESS,0,NONE,0.0,0.0,NONE,0.0,0.0,0.0,LOW,0.0,0,8.83,LOW,NO ATTACK CAMPAIGN DETECTED,CONTINUE MONITORING
E000173,U002,,login,8.83,LOW,0,18.44,INITIAL_ACCESS,0,NONE,0.0,0.0,NONE,0.0,0.0,0.0,LOW,0.0,0,8.83,LOW,NO ATTACK CAMPAIGN DETECTED,CONTINUE MONITORING
E000456,U004,,login,8.83,LOW,0,18.44,INITIAL_ACCESS,0,NONE,0.0,0.0,NONE,0.0,0.0,0.0,LOW,0.0,0,8.83,LOW,NO ATTACK CAMPAIGN DETECTED,CONTINUE MONITORING
E000175,U004,,login,8.83,LOW,0,18.44,INITIAL_ACCESS,0,NONE,0.0,0.0,NONE,0.0,0.0,0.0,LOW,0.0,0,8.83,LOW,NO ATTACK CAMPAIGN DETECTED,CONTINUE MONITORING
E000313,U002,,login,8.83,LOW,0,18.44,INITIAL_ACCESS,0,NONE,0.0,0.0,NONE,0.0,0.0,0.0,LOW,0.0,0,8.83,LOW,NO ATTACK CAMPAIGN DETECTED,CONTINUE MONITORING
E000459,U001,,login,8.83,LOW,0,18.44,INITIAL_ACCESS,0,NONE,0.0,0.0,NONE,0.0,0.0,0.0,LOW,0.0,0,8.83,LOW,NO ATTACK CAMPAIGN DETECTED,CONTINUE MONITORING
E000602,U004,,login,8.83,LOW,0,18.44,INITIAL_ACCESS,0,NONE,0.0,0.0,NONE,0.0,0.0,0.0,LOW,0.0,0,8.83,LOW,NO ATTACK CAMPAIGN DETECTED,CONTINUE MONITORING
E000094,U012,,transaction,8.79,LOW,0,17.03,IMPACT,0,NONE,0.0,0.0,NONE,0.0,0.0,0.0,LOW,0.0,0,8.79,LOW,NO ATTACK CAMPAIGN DETECTED,CONTINUE MONITORING
E000539,U007,,transaction,8.63,LOW,0,17.03,IMPACT,0,NONE,0.0,0.0,NONE,0.0,0.0,0.0,LOW,0.0,0,8.63,LOW,NO ATTACK CAMPAIGN DETECTED,CONTINUE MONITORING
E000196,U007,,transaction,8.52,LOW,0,17.03,IMPACT,0,NONE,0.0,0.0,NONE,0.0,0.0,0.0,LOW,0.0,0,8.52,LOW,NO ATTACK CAMPAIGN DETECTED,CONTINUE MONITORING
E000052,U007,,transaction,8.29,LOW,0,17.03,IMPACT,0,NONE,0.0,0.0,NONE,0.0,0.0,0.0,LOW,0.0,0,8.29,LOW,NO ATTACK CAMPAIGN DETECTED,CONTINUE MONITORING
E000088,U019,,transaction,8.08,LOW,0,17.03,IMPACT,0,NONE,0.0,0.0,NONE,0.0,0.0,0.0,LOW,0.0,0,8.08,LOW,NO ATTACK CAMPAIGN DETECTED,CONTINUE MONITORING
E000210,U003,,transaction,7.98,LOW,0,17.16,IMPACT,0,NONE,0.0,0.0,NONE,0.0,0.0,0.0,LOW,0.0,0,7.98,LOW,NO ATTACK CAMPAIGN DETECTED,CONTINUE MONITORING
E000573,U008,,transaction,7.84,LOW,0,17.03,IMPACT,0,NONE,0.0,0.0,NONE,0.0,0.0,0.0,LOW,0.0,0,7.84,LOW,NO ATTACK CAMPAIGN DETECTED,CONTINUE MONITORING
E000532,U004,,transaction,7.79,LOW,0,17.03,IMPACT,0,NONE,0.0,0.0,NONE,0.0,0.0,0.0,LOW,0.0,0,7.79,LOW,NO ATTACK CAMPAIGN DETECTED,CONTINUE MONITORING
E000150,U003,,transaction,7.78,LOW,0,17.03,IMPACT,0,NONE,0.0,0.0,NONE,0.0,0.0,0.0,LOW,0.0,0,7.78,LOW,NO ATTACK CAMPAIGN DETECTED,CONTINUE MONITORING
E000648,U008,,transaction,7.77,LOW,0,17.03,IMPACT,0,NONE,0.0,0.0,NONE,0.0,0.0,0.0,LOW,0.0,0,7.77,LOW,NO ATTACK CAMPAIGN DETECTED,CONTINUE MONITORING
E000726,U010,,login,7.76,LOW,0,23.76,INITIAL_ACCESS,0,NONE,0.0,0.0,NONE,0.0,0.0,0.0,LOW,0.0,0,7.76,LOW,NO ATTACK CAMPAIGN DETECTED,CONTINUE MONITORING
E000350,U010,,login,7.76,LOW,0,23.76,INITIAL_ACCESS,0,NONE,0.0,0.0,NONE,0.0,0.0,0.0,LOW,0.0,0,7.76,LOW,NO ATTACK CAMPAIGN DETECTED,CONTINUE MONITORING
E000563,U003,,login,7.76,LOW,0,23.76,INITIAL_ACCESS,0,NONE,0.0,0.0,NONE,0.0,0.0,0.0,LOW,0.0,0,7.76,LOW,NO ATTACK CAMPAIGN DETECTED,CONTINUE MONITORING
E000283,U003,,login,7.76,LOW,0,23.76,INITIAL_ACCESS,0,NONE,0.0,0.0,NONE,0.0,0.0,0.0,LOW,0.0,0,7.76,LOW,NO ATTACK CAMPAIGN DETECTED,CONTINUE MONITORING
E000139,U010,,login,7.76,LOW,0,23.76,INITIAL_ACCESS,0,NONE,0.0,0.0,NONE,0.0,0.0,0.0,LOW,0.0,0,7.76,LOW,NO ATTACK CAMPAIGN DETECTED,CONTINUE MONITORING
E000721,U005,,login,7.76,LOW,0,23.76,INITIAL_ACCESS,0,NONE,0.0,0.0,NONE,0.0,0.0,0.0,LOW,0.0,0,7.76,LOW,NO ATTACK CAMPAIGN DETECTED,CONTINUE MONITORING
E000058,U005,,login,7.76,LOW,0,23.76,INITIAL_ACCESS,0,NONE,0.0,0.0,NONE,0.0,0.0,0.0,LOW,0.0,0,7.76,LOW,NO ATTACK CAMPAIGN DETECTED,CONTINUE MONITORING
E000723,U003,,login,7.76,LOW,0,23.76,INITIAL_ACCESS,0,NONE,0.0,0.0,NONE,0.0,0.0,0.0,LOW,0.0,0,7.76,LOW,NO ATTACK CAMPAIGN DETECTED,CONTINUE MONITORING
E000495,U003,,login,7.76,LOW,0,23.76,INITIAL_ACCESS,0,NONE,0.0,0.0,NONE,0.0,0.0,0.0,LOW,0.0,0,7.76,LOW,NO ATTACK CAMPAIGN DETECTED,CONTINUE MONITORING
E000423,U010,,login,7.76,LOW,0,23.76,INITIAL_ACCESS,0,NONE,0.0,0.0,NONE,0.0,0.0,0.0,LOW,0.0,0,7.76,LOW,NO ATTACK CAMPAIGN DETECTED,CONTINUE MONITORING
E000054,U010,,login,7.76,LOW,0,23.76,INITIAL_ACCESS,0,NONE,0.0,0.0,NONE,0.0,0.0,0.0,LOW,0.0,0,7.76,LOW,NO ATTACK CAMPAIGN DETECTED,CONTINUE MONITORING
E000213,U010,,login,7.76,LOW,0,23.76,INITIAL_ACCESS,0,NONE,0.0,0.0,NONE,0.0,0.0,0.0,LOW,0.0,0,7.76,LOW,NO ATTACK CAMPAIGN DETECTED,CONTINUE MONITORING
E000282,U010,,login,7.76,LOW,0,23.76,INITIAL_ACCESS,0,NONE,0.0,0.0,NONE,0.0,0.0,0.0,LOW,0.0,0,7.76,LOW,NO ATTACK CAMPAIGN DETECTED,CONTINUE MONITORING
E000212,U005,,login,7.76,LOW,0,23.76,INITIAL_ACCESS,0,NONE,0.0,0.0,NONE,0.0,0.0,0.0,LOW,0.0,0,7.76,LOW,NO ATTACK CAMPAIGN DETECTED,CONTINUE MONITORING
E000562,U005,,login,7.76,LOW,0,23.76,INITIAL_ACCESS,0,NONE,0.0,0.0,NONE,0.0,0.0,0.0,LOW,0.0,0,7.76,LOW,NO ATTACK CAMPAIGN DETECTED,CONTINUE MONITORING
E000138,U008,,transaction,7.75,LOW,0,17.03,IMPACT,0,NONE,0.0,0.0,NONE,0.0,0.0,0.0,LOW,0.0,0,7.75,LOW,NO ATTACK CAMPAIGN DETECTED,CONTINUE MONITORING
E000418,U018,,transaction,7.74,LOW,0,17.03,IMPACT,0,NONE,0.0,0.0,NONE,0.0,0.0,0.0,LOW,0.0,0,7.74,LOW,NO ATTACK CAMPAIGN DETECTED,CONTINUE MONITORING
E000576,U003,,transaction,7.71,LOW,0,17.16,IMPACT,0,NONE,0.0,0.0,NONE,0.0,0.0,0.0,LOW,0.0,0,7.71,LOW,NO ATTACK CAMPAIGN DETECTED,CONTINUE MONITORING
E000329,U004,,transaction,7.69,LOW,0,17.03,IMPACT,0,NONE,0.0,0.0,NONE,0.0,0.0,0.0,LOW,0.0,0,7.69,LOW,NO ATTACK CAMPAIGN DETECTED,CONTINUE MONITORING
E000109,U016,,transaction,7.6,LOW,0,17.03,IMPACT,0,NONE,0.0,0.0,NONE,0.0,0.0,0.0,LOW,0.0,0,7.6,LOW,NO ATTACK CAMPAIGN DETECTED,CONTINUE MONITORING
E000553,U018,,transaction,7.6,LOW,0,17.03,IMPACT,0,NONE,0.0,0.0,NONE,0.0,0.0,0.0,LOW,0.0,0,7.6,LOW,NO ATTACK CAMPAIGN DETECTED,CONTINUE MONITORING
E000630,U016,,transaction,7.56,LOW,0,17.03,IMPACT,0,NONE,0.0,0.0,NONE,0.0,0.0,0.0,LOW,0.0,0,7.56,LOW,NO ATTACK CAMPAIGN DETECTED,CONTINUE MONITORING
E000435,U020,,transaction,7.55,LOW,0,17.03,IMPACT,0,NONE,0.0,0.0,NONE,0.0,0.0,0.0,LOW,0.0,0,7.55,LOW,NO ATTACK CAMPAIGN DETECTED,CONTINUE MONITORING
E000120,U004,,transaction,7.55,LOW,0,17.03,IMPACT,0,NONE,0.0,0.0,NONE,0.0,0.0,0.0,LOW,0.0,0,7.55,LOW,NO ATTACK CAMPAIGN DETECTED,CONTINUE MONITORING
E000263,U004,,transaction,7.55,LOW,0,17.03,IMPACT,0,NONE,0.0,0.0,NONE,0.0,0.0,0.0,LOW,0.0,0,7.55,LOW,NO ATTACK CAMPAIGN DETECTED,CONTINUE MONITORING
E000636,U018,,transaction,7.54,LOW,0,17.03,IMPACT,0,NONE,0.0,0.0,NONE,0.0,0.0,0.0,LOW,0.0,0,7.54,LOW,NO ATTACK CAMPAIGN DETECTED,CONTINUE MONITORING
E000360,U008,,transaction,7.5,LOW,0,17.03,IMPACT,0,NONE,0.0,0.0,NONE,0.0,0.0,0.0,LOW,0.0,0,7.5,LOW,NO ATTACK CAMPAIGN DETECTED,CONTINUE MONITORING
E000499,U008,,transaction,7.49,LOW,0,17.03,IMPACT,0,NONE,0.0,0.0,NONE,0.0,0.0,0.0,LOW,0.0,0,7.49,LOW,NO ATTACK CAMPAIGN DETECTED,CONTINUE MONITORING
E000294,U008,,transaction,7.45,LOW,0,17.03,IMPACT,0,NONE,0.0,0.0,NONE,0.0,0.0,0.0,LOW,0.0,0,7.45,LOW,NO ATTACK CAMPAIGN DETECTED,CONTINUE MONITORING
E000475,U016,,login,7.33,LOW,0,18.44,INITIAL_ACCESS,0,NONE,0.0,0.0,NONE,0.0,0.0,0.0,LOW,0.0,0,7.33,LOW,NO ATTACK CAMPAIGN DETECTED,CONTINUE MONITORING
E000255,U001,,login,7.33,LOW,0,18.44,INITIAL_ACCESS,0,NONE,0.0,0.0,NONE,0.0,0.0,0.0,LOW,0.0,0,7.33,LOW,NO ATTACK CAMPAIGN DETECTED,CONTINUE MONITORING
E000395,U017,,login,7.33,LOW,0,18.44,INITIAL_ACCESS,0,NONE,0.0,0.0,NONE,0.0,0.0,0.0,LOW,0.0,0,7.33,LOW,NO ATTACK CAMPAIGN DETECTED,CONTINUE MONITORING
E000116,U017,,login,7.33,LOW,0,18.44,INITIAL_ACCESS,0,NONE,0.0,0.0,NONE,0.0,0.0,0.0,LOW,0.0,0,7.33,LOW,NO ATTACK CAMPAIGN DETECTED,CONTINUE MONITORING
E000683,U016,,login,7.33,LOW,0,18.44,INITIAL_ACCESS,0,NONE,0.0,0.0,NONE,0.0,0.0,0.0,LOW,0.0,0,7.33,LOW,NO ATTACK CAMPAIGN DETECTED,CONTINUE MONITORING
E000531,U009,,login,7.33,LOW,0,18.44,INITIAL_ACCESS,0,NONE,0.0,0.0,NONE,0.0,0.0,0.0,LOW,0.0,0,7.33,LOW,NO ATTACK CAMPAIGN DETECTED,CONTINUE MONITORING
E000548,U016,,login,7.33,LOW,0,18.44,INITIAL_ACCESS,0,NONE,0.0,0.0,NONE,0.0,0.0,0.0,LOW,0.0,0,7.33,LOW,NO ATTACK CAMPAIGN DETECTED,CONTINUE MONITORING
E000614,U018,,login,7.33,LOW,0,18.44,INITIAL_ACCESS,0,NONE,0.0,0.0,NONE,0.0,0.0,0.0,LOW,0.0,0,7.33,LOW,NO ATTACK CAMPAIGN DETECTED,CONTINUE MONITORING
E000183,U018,,login,7.33,LOW,0,18.44,INITIAL_ACCESS,0,NONE,0.0,0.0,NONE,0.0,0.0,0.0,LOW,0.0,0,7.33,LOW,NO ATTACK CAMPAIGN DETECTED,CONTINUE MONITORING
E000024,U018,,login,7.33,LOW,0,18.44,INITIAL_ACCESS,0,NONE,0.0,0.0,NONE,0.0,0.0,0.0,LOW,0.0,0,7.33,LOW,NO ATTACK CAMPAIGN DETECTED,CONTINUE MONITORING
E000688,U018,,login,7.33,LOW,0,18.44,INITIAL_ACCESS,0,NONE,0.0,0.0,NONE,0.0,0.0,0.0,LOW,0.0,0,7.33,LOW,NO ATTACK CAMPAIGN DETECTED,CONTINUE MONITORING
E000385,U016,,login,7.33,LOW,0,18.44,INITIAL_ACCESS,0,NONE,0.0,0.0,NONE,0.0,0.0,0.0,LOW,0.0,0,7.33,LOW,NO ATTACK CAMPAIGN DETECTED,CONTINUE MONITORING
E000017,U016,,login,7.33,LOW,0,18.44,INITIAL_ACCESS,0,NONE,0.0,0.0,NONE,0.0,0.0,0.0,LOW,0.0,0,7.33,LOW,NO ATTACK CAMPAIGN DETECTED,CONTINUE MONITORING
E000609,U016,,login,7.33,LOW,0,18.44,INITIAL_ACCESS,0,NONE,0.0,0.0,NONE,0.0,0.0,0.0,LOW,0.0,0,7.33,LOW,NO ATTACK CAMPAIGN DETECTED,CONTINUE MONITORING
E000178,U016,,login,7.33,LOW,0,18.44,INITIAL_ACCESS,0,NONE,0.0,0.0,NONE,0.0,0.0,0.0,LOW,0.0,0,7.33,LOW,NO ATTACK CAMPAIGN DETECTED,CONTINUE MONITORING
E000694,U004,,login,7.33,LOW,0,18.44,INITIAL_ACCESS,0,NONE,0.0,0.0,NONE,0.0,0.0,0.0,LOW,0.0,0,7.33,LOW,NO ATTACK CAMPAIGN DETECTED,CONTINUE MONITORING
E000387,U007,,login,7.33,LOW,0,18.44,INITIAL_ACCESS,0,NONE,0.0,0.0,NONE,0.0,0.0,0.0,LOW,0.0,0,7.33,LOW,NO ATTACK CAMPAIGN DETECTED,CONTINUE MONITORING
E000189,U017,,login,7.33,LOW,0,18.44,INITIAL_ACCESS,0,NONE,0.0,0.0,NONE,0.0,0.0,0.0,LOW,0.0,0,7.33,LOW,NO ATTACK CAMPAIGN DETECTED,CONTINUE MONITORING
E000463,U014,,login,7.33,LOW,0,18.44,INITIAL_ACCESS,0,NONE,0.0,0.0,NONE,0.0,0.0,0.0,LOW,0.0,0,7.33,LOW,NO ATTACK CAMPAIGN DETECTED,CONTINUE MONITORING
E000682,U009,,login,7.33,LOW,0,18.44,INITIAL_ACCESS,0,NONE,0.0,0.0,NONE,0.0,0.0,0.0,LOW,0.0,0,7.33,LOW,NO ATTACK CAMPAIGN DETECTED,CONTINUE MONITORING
E000447,U019,,transaction,3.04,LOW,0,0.12,IMPACT,0,NONE,0.0,0.0,NONE,0.0,0.0,0.0,LOW,0.0,0,3.04,LOW,NO ATTACK CAMPAIGN DETECTED,CONTINUE MONITORING
E000083,U015,,transaction,2.97,LOW,0,0.0,IMPACT,0,NONE,0.0,0.0,NONE,0.0,0.0,0.0,LOW,0.0,0,2.97,LOW,NO ATTACK CAMPAIGN DETECTED,CONTINUE MONITORING
E000156,U015,,transaction,2.97,LOW,0,0.0,IMPACT,0,NONE,0.0,0.0,NONE,0.0,0.0,0.0,LOW,0.0,0,2.97,LOW,NO ATTACK CAMPAIGN DETECTED,CONTINUE MONITORING
E000678,U015,,transaction,2.94,LOW,0,0.0,IMPACT,0,NONE,0.0,0.0,NONE,0.0,0.0,0.0,LOW,0.0,0,2.94,LOW,NO ATTACK CAMPAIGN DETECTED,CONTINUE MONITORING
E000596,U012,,transaction,2.91,LOW,0,0.0,IMPACT,0,NONE,0.0,0.0,NONE,0.0,0.0,0.0,LOW,0.0,0,2.91,LOW,NO ATTACK CAMPAIGN DETECTED,CONTINUE MONITORING
E000245,U015,,transaction,2.9,LOW,0,0.0,IMPACT,0,NONE,0.0,0.0,NONE,0.0,0.0,0.0,LOW,0.0,0,2.9,LOW,NO ATTACK CAMPAIGN DETECTED,CONTINUE MONITORING
E000668,U013,,transaction,2.83,LOW,0,0.0,IMPACT,0,NONE,0.0,0.0,NONE,0.0,0.0,0.0,LOW,0.0,0,2.83,LOW,NO ATTACK CAMPAIGN DETECTED,CONTINUE MONITORING
E000455,U012,,transaction,2.81,LOW,0,0.0,IMPACT,0,NONE,0.0,0.0,NONE,0.0,0.0,0.0,LOW,0.0,0,2.81,LOW,NO ATTACK CAMPAIGN DETECTED,CONTINUE MONITORING
E000510,U006,,transaction,2.78,LOW,0,0.0,IMPACT,0,NONE,0.0,0.0,NONE,0.0,0.0,0.0,LOW,0.0,0,2.78,LOW,NO ATTACK CAMPAIGN DETECTED,CONTINUE MONITORING
E000084,U015,,file_access,2.77,LOW,0,0.25,DATA_ACCESS,0,NONE,0.0,0.0,NONE,0.0,0.0,0.0,LOW,0.0,0,2.77,LOW,NO ATTACK CAMPAIGN DETECTED,CONTINUE MONITORING
E000370,U013,,transaction,2.76,LOW,0,0.0,IMPACT,0,NONE,0.0,0.0,NONE,0.0,0.0,0.0,LOW,0.0,0,2.76,LOW,NO ATTACK CAMPAIGN DETECTED,CONTINUE MONITORING
E000241,U012,,transaction,2.75,LOW,0,0.0,IMPACT,0,NONE,0.0,0.0,NONE,0.0,0.0,0.0,LOW,0.0,0,2.75,LOW,NO ATTACK CAMPAIGN DETECTED,CONTINUE MONITORING
E000368,U006,,transaction,2.7,LOW,0,0.0,IMPACT,0,NONE,0.0,0.0,NONE,0.0,0.0,0.0,LOW,0.0,0,2.7,LOW,NO ATTACK CAMPAIGN DETECTED,CONTINUE MONITORING
E000169,U012,,transaction,2.69,LOW,0,0.0,IMPACT,0,NONE,0.0,0.0,NONE,0.0,0.0,0.0,LOW,0.0,0,2.69,LOW,NO ATTACK CAMPAIGN DETECTED,CONTINUE MONITORING
E000240,U013,,transaction,2.69,LOW,0,0.0,IMPACT,0,NONE,0.0,0.0,NONE,0.0,0.0,0.0,LOW,0.0,0,2.69,LOW,NO ATTACK CAMPAIGN DETECTED,CONTINUE MONITORING
E000381,U012,,transaction,2.68,LOW,0,0.0,IMPACT,0,NONE,0.0,0.0,NONE,0.0,0.0,0.0,LOW,0.0,0,2.68,LOW,NO ATTACK CAMPAIGN DETECTED,CONTINUE MONITORING
E000244,U006,,transaction,2.64,LOW,0,0.0,IMPACT,0,NONE,0.0,0.0,NONE,0.0,0.0,0.0,LOW,0.0,0,2.64,LOW,NO ATTACK CAMPAIGN DETECTED,CONTINUE MONITORING
E000166,U015,,file_access,2.63,LOW,0,0.0,DATA_ACCESS,0,NONE,0.0,0.0,NONE,0.0,0.0,0.0,LOW,0.0,0,2.63,LOW,NO ATTACK CAMPAIGN DETECTED,CONTINUE MONITORING
E000161,U019,,transaction,2.62,LOW,0,0.0,IMPACT,0,NONE,0.0,0.0,NONE,0.0,0.0,0.0,LOW,0.0,0,2.62,LOW,NO ATTACK CAMPAIGN DETECTED,CONTINUE MONITORING
E000372,U019,,transaction,2.62,LOW,0,0.0,IMPACT,0,NONE,0.0,0.0,NONE,0.0,0.0,0.0,LOW,0.0,0,2.62,LOW,NO ATTACK CAMPAIGN DETECTED,CONTINUE MONITORING
E000378,U015,,transaction,2.6,LOW,0,0.0,IMPACT,0,NONE,0.0,0.0,NONE,0.0,0.0,0.0,LOW,0.0,0,2.6,LOW,NO ATTACK CAMPAIGN DETECTED,CONTINUE MONITORING
E000243,U019,,transaction,2.6,LOW,0,0.0,IMPACT,0,NONE,0.0,0.0,NONE,0.0,0.0,0.0,LOW,0.0,0,2.6,LOW,NO ATTACK CAMPAIGN DETECTED,CONTINUE MONITORING
E000525,U012,,transaction,2.59,LOW,0,0.0,IMPACT,0,NONE,0.0,0.0,NONE,0.0,0.0,0.0,LOW,0.0,0,2.59,LOW,NO ATTACK CAMPAIGN DETECTED,CONTINUE MONITORING
E000093,U013,,transaction,2.59,LOW,0,0.0,IMPACT,0,NONE,0.0,0.0,NONE,0.0,0.0,0.0,LOW,0.0,0,2.59,LOW,NO ATTACK CAMPAIGN DETECTED,CONTINUE MONITORING
E000601,U015,,transaction,2.58,LOW,0,0.0,IMPACT,0,NONE,0.0,0.0,NONE,0.0,0.0,0.0,LOW,0.0,0,2.58,LOW,NO ATTACK CAMPAIGN DETECTED,CONTINUE MONITORING
E000595,U013,,transaction,2.57,LOW,0,0.0,IMPACT,0,NONE,0.0,0.0,NONE,0.0,0.0,0.0,LOW,0.0,0,2.57,LOW,NO ATTACK CAMPAIGN DETECTED,CONTINUE MONITORING
E000515,U013,,transaction,2.54,LOW,0,0.0,IMPACT,0,NONE,0.0,0.0,NONE,0.0,0.0,0.0,LOW,0.0,0,2.54,LOW,NO ATTACK CAMPAIGN DETECTED,CONTINUE MONITORING
E000523,U019,,transaction,2.53,LOW,0,0.0,IMPACT,0,NONE,0.0,0.0,NONE,0.0,0.0,0.0,LOW,0.0,0,2.53,LOW,NO ATTACK CAMPAIGN DETECTED,CONTINUE MONITORING
E000302,U019,,transaction,2.51,LOW,0,0.0,IMPACT,0,NONE,0.0,0.0,NONE,0.0,0.0,0.0,LOW,0.0,0,2.51,LOW,NO ATTACK CAMPAIGN DETECTED,CONTINUE MONITORING
E000310,U013,,file_access,2.5,LOW,0,0.12,DATA_ACCESS,0,NONE,0.0,0.0,NONE,0.0,0.0,0.0,LOW,0.0,0,2.5,LOW,NO ATTACK CAMPAIGN DETECTED,CONTINUE MONITORING
E000157,U013,,transaction,2.46,LOW,0,0.0,IMPACT,0,NONE,0.0,0.0,NONE,0.0,0.0,0.0,LOW,0.0,0,2.46,LOW,NO ATTACK CAMPAIGN DETECTED,CONTINUE MONITORING
E000675,U019,,transaction,2.45,LOW,0,0.0,IMPACT,0,NONE,0.0,0.0,NONE,0.0,0.0,0.0,LOW,0.0,0,2.45,LOW,NO ATTACK CAMPAIGN DETECTED,CONTINUE MONITORING
E000398,U014,,transaction,2.41,LOW,0,0.0,IMPACT,0,NONE,0.0,0.0,NONE,0.0,0.0,0.0,LOW,0.0,0,2.41,LOW,NO ATTACK CAMPAIGN DETECTED,CONTINUE MONITORING
E000015,U015,,transaction,2.39,LOW,0,0.0,IMPACT,0,NONE,0.0,0.0,NONE,0.0,0.0,0.0,LOW,0.0,0,2.39,LOW,NO ATTACK CAMPAIGN DETECTED,CONTINUE MONITORING
E000299,U015,,file_access,2.34,LOW,0,0.0,DATA_ACCESS,0,NONE,0.0,0.0,NONE,0.0,0.0,0.0,LOW,0.0,0,2.34,LOW,NO ATTACK CAMPAIGN DETECTED,CONTINUE MONITORING
E000160,U015,,file_access,2.34,LOW,0,0.0,DATA_ACCESS,0,NONE,0.0,0.0,NONE,0.0,0.0,0.0,LOW,0.0,0,2.34,LOW,NO ATTACK CAMPAIGN DETECTED,CONTINUE MONITORING
E000315,U002,,file_access,2.34,LOW,0,0.0,DATA_ACCESS,0,NONE,0.0,0.0,NONE,0.0,0.0,0.0,LOW,0.0,0,2.34,LOW,NO ATTACK CAMPAIGN DETECTED,CONTINUE MONITORING
E000517,U019,,file_access,2.3,LOW,0,0.0,DATA_ACCESS,0,NONE,0.0,0.0,NONE,0.0,0.0,0.0,LOW,0.0,0,2.3,LOW,NO ATTACK CAMPAIGN DETECTED,CONTINUE MONITORING
E000598,U015,,file_access,2.3,LOW,0,0.0,DATA_ACCESS,0,NONE,0.0,0.0,NONE,0.0,0.0,0.0,LOW,0.0,0,2.3,LOW,NO ATTACK CAMPAIGN DETECTED,CONTINUE MONITORING
E000308,U012,,file_access,2.3,LOW,0,0.0,DATA_ACCESS,0,NONE,0.0,0.0,NONE,0.0,0.0,0.0,LOW,0.0,0,2.3,LOW,NO ATTACK CAMPAIGN DETECTED,CONTINUE MONITORING
E000512,U013,,file_access,2.3,LOW,0,0.0,DATA_ACCESS,0,NONE,0.0,0.0,NONE,0.0,0.0,0.0,LOW,0.0,0,2.3,LOW,NO ATTACK CAMPAIGN DETECTED,CONTINUE MONITORING
E000086,U015,,file_access,2.0,LOW,0,0.12,DATA_ACCESS,0,NONE,0.0,0.0,NONE,0.0,0.0,0.0,LOW,0.0,0,2.0,LOW,NO ATTACK CAMPAIGN DETECTED,CONTINUE MONITORING
E000450,U015,,file_access,2.0,LOW,0,0.12,DATA_ACCESS,0,NONE,0.0,0.0,NONE,0.0,0.0,0.0,LOW,0.0,0,2.0,LOW,NO ATTACK CAMPAIGN DETECTED,CONTINUE MONITORING
E000501,U005,,transaction,2.0,LOW,0,0.0,IMPACT,0,NONE,0.0,0.0,NONE,0.0,0.0,0.0,LOW,0.0,0,2.0,LOW,NO ATTACK CAMPAIGN DETECTED,CONTINUE MONITORING
E000089,U019,,file_access,2.0,LOW,0,0.12,DATA_ACCESS,0,NONE,0.0,0.0,NONE,0.0,0.0,0.0,LOW,0.0,0,2.0,LOW,NO ATTACK CAMPAIGN DETECTED,CONTINUE MONITORING
E000521,U015,,file_access,1.91,LOW,0,0.25,DATA_ACCESS,0,NONE,0.0,0.0,NONE,0.0,0.0,0.0,LOW,0.0,0,1.91,LOW,NO ATTACK CAMPAIGN DETECTED,CONTINUE MONITORING
E000170,U012,,file_access,1.83,LOW,0,0.0,DATA_ACCESS,0,NONE,0.0,0.0,NONE,0.0,0.0,0.0,LOW,0.0,0,1.83,LOW,NO ATTACK CAMPAIGN DETECTED,CONTINUE MONITORING
E000608,U001,,transaction,1.81,LOW,0,0.12,IMPACT,0,NONE,0.0,0.0,NONE,0.0,0.0,0.0,LOW,0.0,0,1.81,LOW,NO ATTACK CAMPAIGN DETECTED,CONTINUE MONITORING
E000380,U012,,file_access,1.8,LOW,0,0.0,DATA_ACCESS,0,NONE,0.0,0.0,NONE,0.0,0.0,0.0,LOW,0.0,0,1.8,LOW,NO ATTACK CAMPAIGN DETECTED,CONTINUE MONITORING
E000374,U013,,file_access,1.8,LOW,0,0.0,DATA_ACCESS,0,NONE,0.0,0.0,NONE,0.0,0.0,0.0,LOW,0.0,0,1.8,LOW,NO ATTACK CAMPAIGN DETECTED,CONTINUE MONITORING
E000221,U005,,transaction,1.77,LOW,0,0.0,IMPACT,0,NONE,0.0,0.0,NONE,0.0,0.0,0.0,LOW,0.0,0,1.77,LOW,NO ATTACK CAMPAIGN DETECTED,CONTINUE MONITORING
E000599,U012,,file_access,1.65,LOW,0,0.0,DATA_ACCESS,0,NONE,0.0,0.0,NONE,0.0,0.0,0.0,LOW,0.0,0,1.65,LOW,NO ATTACK CAMPAIGN DETECTED,CONTINUE MONITORING
E000674,U012,,file_access,1.65,LOW,0,0.0,DATA_ACCESS,0,NONE,0.0,0.0,NONE,0.0,0.0,0.0,LOW,0.0,0,1.65,LOW,NO ATTACK CAMPAIGN DETECTED,CONTINUE MONITORING
E000362,U005,,transaction,1.64,LOW,0,0.0,IMPACT,0,NONE,0.0,0.0,NONE,0.0,0.0,0.0,LOW,0.0,0,1.64,LOW,NO ATTACK CAMPAIGN DETECTED,CONTINUE MONITORING
E000513,U006,,file_access,1.62,LOW,0,0.0,DATA_ACCESS,0,NONE,0.0,0.0,NONE,0.0,0.0,0.0,LOW,0.0,0,1.62,LOW,NO ATTACK CAMPAIGN DETECTED,CONTINUE MONITORING
E000151,U010,,transaction,1.62,LOW,0,0.0,IMPACT,0,NONE,0.0,0.0,NONE,0.0,0.0,0.0,LOW,0.0,0,1.62,LOW,NO ATTACK CAMPAIGN DETECTED,CONTINUE MONITORING
E000167,U012,,file_access,1.62,LOW,0,0.0,DATA_ACCESS,0,NONE,0.0,0.0,NONE,0.0,0.0,0.0,LOW,0.0,0,1.62,LOW,NO ATTACK CAMPAIGN DETECTED,CONTINUE MONITORING
E000011,U019,,file_access,1.62,LOW,0,0.0,DATA_ACCESS,0,NONE,0.0,0.0,NONE,0.0,0.0,0.0,LOW,0.0,0,1.62,LOW,NO ATTACK CAMPAIGN DETECTED,CONTINUE MONITORING
E000163,U019,,file_access,1.62,LOW,0,0.0,DATA_ACCESS,0,NONE,0.0,0.0,NONE,0.0,0.0,0.0,LOW,0.0,0,1.62,LOW,NO ATTACK CAMPAIGN DETECTED,CONTINUE MONITORING
E000660,U019,,file_access,1.62,LOW,0,0.0,DATA_ACCESS,0,NONE,0.0,0.0,NONE,0.0,0.0,0.0,LOW,0.0,0,1.62,LOW,NO ATTACK CAMPAIGN DETECTED,CONTINUE MONITORING
E000581,U019,,file_access,1.62,LOW,0,0.0,DATA_ACCESS,0,NONE,0.0,0.0,NONE,0.0,0.0,0.0,LOW,0.0,0,1.62,LOW,NO ATTACK CAMPAIGN DETECTED,CONTINUE MONITORING
E000449,U015,,file_access,1.62,LOW,0,0.0,DATA_ACCESS,0,NONE,0.0,0.0,NONE,0.0,0.0,0.0,LOW,0.0,0,1.62,LOW,NO ATTACK CAMPAIGN DETECTED,CONTINUE MONITORING
E000091,U012,,file_access,1.62,LOW,0,0.0,DATA_ACCESS,0,NONE,0.0,0.0,NONE,0.0,0.0,0.0,LOW,0.0,0,1.62,LOW,NO ATTACK CAMPAIGN DETECTED,CONTINUE MONITORING
E000376,U015,,file_access,1.62,LOW,0,0.0,DATA_ACCESS,0,NONE,0.0,0.0,NONE,0.0,0.0,0.0,LOW,0.0,0,1.62,LOW,NO ATTACK CAMPAIGN DETECTED,CONTINUE MONITORING
E000004,U015,,file_access,1.62,LOW,0,0.0,DATA_ACCESS,0,NONE,0.0,0.0,NONE,0.0,0.0,0.0,LOW,0.0,0,1.62,LOW,NO ATTACK CAMPAIGN DETECTED,CONTINUE MONITORING
E000460,U002,,file_access,1.62,LOW,0,0.0,DATA_ACCESS,0,NONE,0.0,0.0,NONE,0.0,0.0,0.0,LOW,0.0,0,1.62,LOW,NO ATTACK CAMPAIGN DETECTED,CONTINUE MONITORING
E000671,U013,,file_access,1.62,LOW,0,0.0,DATA_ACCESS,0,NONE,0.0,0.0,NONE,0.0,0.0,0.0,LOW,0.0,0,1.62,LOW,NO ATTACK CAMPAIGN DETECTED,CONTINUE MONITORING
E000529,U007,,file_access,1.62,LOW,0,0.0,DATA_ACCESS,0,NONE,0.0,0.0,NONE,0.0,0.0,0.0,LOW,0.0,0,1.62,LOW,NO ATTACK CAMPAIGN DETECTED,CONTINUE MONITORING
E000081,U013,,file_access,1.62,LOW,0,0.0,DATA_ACCESS,0,NONE,0.0,0.0,NONE,0.0,0.0,0.0,LOW,0.0,0,1.62,LOW,NO ATTACK CAMPAIGN DETECTED,CONTINUE MONITORING
E000570,U005,,transaction,1.55,LOW,0,0.0,IMPACT,0,NONE,0.0,0.0,NONE,0.0,0.0,0.0,LOW,0.0,0,1.55,LOW,NO ATTACK CAMPAIGN DETECTED,CONTINUE MONITORING
E000082,U012,,file_access,1.54,LOW,0,0.0,DATA_ACCESS,0,NONE,0.0,0.0,NONE,0.0,0.0,0.0,LOW,0.0,0,1.54,LOW,NO ATTACK CAMPAIGN DETECTED,CONTINUE MONITORING
E000158,U019,,file_access,1.54,LOW,0,0.0,DATA_ACCESS,0,NONE,0.0,0.0,NONE,0.0,0.0,0.0,LOW,0.0,0,1.54,LOW,NO ATTACK CAMPAIGN DETECTED,CONTINUE MONITORING
E000369,U019,,file_access,1.54,LOW,0,0.0,DATA_ACCESS,0,NONE,0.0,0.0,NONE,0.0,0.0,0.0,LOW,0.0,0,1.54,LOW,NO ATTACK CAMPAIGN DETECTED,CONTINUE MONITORING
E000314,U002,,file_access,1.54,LOW,0,0.0,DATA_ACCESS,0,NONE,0.0,0.0,NONE,0.0,0.0,0.0,LOW,0.0,0,1.54,LOW,NO ATTACK CAMPAIGN DETECTED,CONTINUE MONITORING
E000006,U015,,file_access,1.54,LOW,0,0.0,DATA_ACCESS,0,NONE,0.0,0.0,NONE,0.0,0.0,0.0,LOW,0.0,0,1.54,LOW,NO ATTACK CAMPAIGN DETECTED,CONTINUE MONITORING
E000165,U015,,file_access,1.54,LOW,0,0.0,DATA_ACCESS,0,NONE,0.0,0.0,NONE,0.0,0.0,0.0,LOW,0.0,0,1.54,LOW,NO ATTACK CAMPAIGN DETECTED,CONTINUE MONITORING
E000522,U012,,file_access,1.54,LOW,0,0.0,DATA_ACCESS,0,NONE,0.0,0.0,NONE,0.0,0.0,0.0,LOW,0.0,0,1.54,LOW,NO ATTACK CAMPAIGN DETECTED,CONTINUE MONITORING
E000159,U013,,file_access,1.54,LOW,0,0.0,DATA_ACCESS,0,NONE,0.0,0.0,NONE,0.0,0.0,0.0,LOW,0.0,0,1.54,LOW,NO ATTACK CAMPAIGN DETECTED,CONTINUE MONITORING
E000236,U013,,file_access,1.54,LOW,0,0.0,DATA_ACCESS,0,NONE,0.0,0.0,NONE,0.0,0.0,0.0,LOW,0.0,0,1.54,LOW,NO ATTACK CAMPAIGN DETECTED,CONTINUE MONITORING
E000441,U006,,file_access,1.54,LOW,0,0.0,DATA_ACCESS,0,NONE,0.0,0.0,NONE,0.0,0.0,0.0,LOW,0.0,0,1.54,LOW,NO ATTACK CAMPAIGN DETECTED,CONTINUE MONITORING
E000371,U006,,file_access,1.54,LOW,0,0.0,DATA_ACCESS,0,NONE,0.0,0.0,NONE,0.0,0.0,0.0,LOW,0.0,0,1.54,LOW,NO ATTACK CAMPAIGN DETECTED,CONTINUE MONITORING
E000172,U006,,file_access,1.54,LOW,0,0.0,DATA_ACCESS,0,NONE,0.0,0.0,NONE,0.0,0.0,0.0,LOW,0.0,0,1.54,LOW,NO ATTACK CAMPAIGN DETECTED,CONTINUE MONITORING
E000439,U006,,file_access,1.54,LOW,0,0.0,DATA_ACCESS,0,NONE,0.0,0.0,NONE,0.0,0.0,0.0,LOW,0.0,0,1.54,LOW,NO ATTACK CAMPAIGN DETECTED,CONTINUE MONITORING
E000237,U006,,file_access,1.54,LOW,0,0.0,DATA_ACCESS,0,NONE,0.0,0.0,NONE,0.0,0.0,0.0,LOW,0.0,0,1.54,LOW,NO ATTACK CAMPAIGN DETECTED,CONTINUE MONITORING
E000718,U007,,transaction,1.54,LOW,0,0.0,IMPACT,0,NONE,0.0,0.0,NONE,0.0,0.0,0.0,LOW,0.0,0,1.54,LOW,NO ATTACK CAMPAIGN DETECTED,CONTINUE MONITORING
E000233,U013,,file_access,1.54,LOW,0,0.0,DATA_ACCESS,0,NONE,0.0,0.0,NONE,0.0,0.0,0.0,LOW,0.0,0,1.54,LOW,NO ATTACK CAMPAIGN DETECTED,CONTINUE MONITORING
E000168,U012,,file_access,1.54,LOW,0,0.0,DATA_ACCESS,0,NONE,0.0,0.0,NONE,0.0,0.0,0.0,LOW,0.0,0,1.54,LOW,NO ATTACK CAMPAIGN DETECTED,CONTINUE MONITORING
E000238,U012,,file_access,1.54,LOW,0,0.0,DATA_ACCESS,0,NONE,0.0,0.0,NONE,0.0,0.0,0.0,LOW,0.0,0,1.54,LOW,NO ATTACK CAMPAIGN DETECTED,CONTINUE MONITORING
E000673,U012,,file_access,1.54,LOW,0,0.0,DATA_ACCESS,0,NONE,0.0,0.0,NONE,0.0,0.0,0.0,LOW,0.0,0,1.54,LOW,NO ATTACK CAMPAIGN DETECTED,CONTINUE MONITORING
E000665,U006,,file_access,1.54,LOW,0,0.0,DATA_ACCESS,0,NONE,0.0,0.0,NONE,0.0,0.0,0.0,LOW,0.0,0,1.54,LOW,NO ATTACK CAMPAIGN DETECTED,CONTINUE MONITORING
E000584,U006,,file_access,1.54,LOW,0,0.0,DATA_ACCESS,0,NONE,0.0,0.0,NONE,0.0,0.0,0.0,LOW,0.0,0,1.54,LOW,NO ATTACK CAMPAIGN DETECTED,CONTINUE MONITORING
E000659,U013,,file_access,1.54,LOW,0,0.0,DATA_ACCESS,0,NONE,0.0,0.0,NONE,0.0,0.0,0.0,LOW,0.0,0,1.54,LOW,NO ATTACK CAMPAIGN DETECTED,CONTINUE MONITORING
E000373,U013,,file_access,1.54,LOW,0,0.0,DATA_ACCESS,0,NONE,0.0,0.0,NONE,0.0,0.0,0.0,LOW,0.0,0,1.54,LOW,NO ATTACK CAMPAIGN DETECTED,CONTINUE MONITORING
E000454,U012,,file_access,1.54,LOW,0,0.0,DATA_ACCESS,0,NONE,0.0,0.0,NONE,0.0,0.0,0.0,LOW,0.0,0,1.54,LOW,NO ATTACK CAMPAIGN DETECTED,CONTINUE MONITORING
E000009,U012,,file_access,1.54,LOW,0,0.0,DATA_ACCESS,0,NONE,0.0,0.0,NONE,0.0,0.0,0.0,LOW,0.0,0,1.54,LOW,NO ATTACK CAMPAIGN DETECTED,CONTINUE MONITORING
E000077,U006,,file_access,1.54,LOW,0,0.0,DATA_ACCESS,0,NONE,0.0,0.0,NONE,0.0,0.0,0.0,LOW,0.0,0,1.54,LOW,NO ATTACK CAMPAIGN DETECTED,CONTINUE MONITORING
E000012,U013,,file_access,1.5,LOW,0,0.0,DATA_ACCESS,0,NONE,0.0,0.0,NONE,0.0,0.0,0.0,LOW,0.0,0,1.5,LOW,NO ATTACK CAMPAIGN DETECTED,CONTINUE MONITORING
E000307,U019,,file_access,1.5,LOW,0,0.0,DATA_ACCESS,0,NONE,0.0,0.0,NONE,0.0,0.0,0.0,LOW,0.0,0,1.5,LOW,NO ATTACK CAMPAIGN DETECTED,CONTINUE MONITORING
E000076,U019,,file_access,1.5,LOW,0,0.0,DATA_ACCESS,0,NONE,0.0,0.0,NONE,0.0,0.0,0.0,LOW,0.0,0,1.5,LOW,NO ATTACK CAMPAIGN DETECTED,CONTINUE MONITORING
E000239,U019,,file_access,1.5,LOW,0,0.0,DATA_ACCESS,0,NONE,0.0,0.0,NONE,0.0,0.0,0.0,LOW,0.0,0,1.5,LOW,NO ATTACK CAMPAIGN DETECTED,CONTINUE MONITORING
E000681,U001,,file_access,1.5,LOW,0,0.0,DATA_ACCESS,0,NONE,0.0,0.0,NONE,0.0,0.0,0.0,LOW,0.0,0,1.5,LOW,NO ATTACK CAMPAIGN DETECTED,CONTINUE MONITORING
E000234,U019,,file_access,1.5,LOW,0,0.0,DATA_ACCESS,0,NONE,0.0,0.0,NONE,0.0,0.0,0.0,LOW,0.0,0,1.5,LOW,NO ATTACK CAMPAIGN DETECTED,CONTINUE MONITORING
E000013,U013,,file_access,1.5,LOW,0,0.0,DATA_ACCESS,0,NONE,0.0,0.0,NONE,0.0,0.0,0.0,LOW,0.0,0,1.5,LOW,NO ATTACK CAMPAIGN DETECTED,CONTINUE MONITORING
E000593,U013,,file_access,1.5,LOW,0,0.0,DATA_ACCESS,0,NONE,0.0,0.0,NONE,0.0,0.0,0.0,LOW,0.0,0,1.5,LOW,NO ATTACK CAMPAIGN DETECTED,CONTINUE MONITORING
E000092,U013,,file_access,1.5,LOW,0,0.0,DATA_ACCESS,0,NONE,0.0,0.0,NONE,0.0,0.0,0.0,LOW,0.0,0,1.5,LOW,NO ATTACK CAMPAIGN DETECTED,CONTINUE MONITORING
E000676,U013,,file_access,1.5,LOW,0,0.0,DATA_ACCESS,0,NONE,0.0,0.0,NONE,0.0,0.0,0.0,LOW,0.0,0,1.5,LOW,NO ATTACK CAMPAIGN DETECTED,CONTINUE MONITORING
E000309,U013,,file_access,1.5,LOW,0,0.0,DATA_ACCESS,0,NONE,0.0,0.0,NONE,0.0,0.0,0.0,LOW,0.0,0,1.5,LOW,NO ATTACK CAMPAIGN DETECTED,CONTINUE MONITORING
E000231,U013,,file_access,1.5,LOW,0,0.0,DATA_ACCESS,0,NONE,0.0,0.0,NONE,0.0,0.0,0.0,LOW,0.0,0,1.5,LOW,NO ATTACK CAMPAIGN DETECTED,CONTINUE MONITORING
E000445,U013,,file_access,1.5,LOW,0,0.0,DATA_ACCESS,0,NONE,0.0,0.0,NONE,0.0,0.0,0.0,LOW,0.0,0,1.5,LOW,NO ATTACK CAMPAIGN DETECTED,CONTINUE MONITORING
E000379,U012,,file_access,1.5,LOW,0,0.0,DATA_ACCESS,0,NONE,0.0,0.0,NONE,0.0,0.0,0.0,LOW,0.0,0,1.5,LOW,NO ATTACK CAMPAIGN DETECTED,CONTINUE MONITORING
E000090,U012,,file_access,1.5,LOW,0,0.0,DATA_ACCESS,0,NONE,0.0,0.0,NONE,0.0,0.0,0.0,LOW,0.0,0,1.5,LOW,NO ATTACK CAMPAIGN DETECTED,CONTINUE MONITORING
E000594,U012,,file_access,1.5,LOW,0,0.0,DATA_ACCESS,0,NONE,0.0,0.0,NONE,0.0,0.0,0.0,LOW,0.0,0,1.5,LOW,NO ATTACK CAMPAIGN DETECTED,CONTINUE MONITORING
E000235,U012,,file_access,1.5,LOW,0,0.0,DATA_ACCESS,0,NONE,0.0,0.0,NONE,0.0,0.0,0.0,LOW,0.0,0,1.5,LOW,NO ATTACK CAMPAIGN DETECTED,CONTINUE MONITORING
E000008,U006,,file_access,1.5,LOW,0,0.0,DATA_ACCESS,0,NONE,0.0,0.0,NONE,0.0,0.0,0.0,LOW,0.0,0,1.5,LOW,NO ATTACK CAMPAIGN DETECTED,CONTINUE MONITORING
E000444,U006,,file_access,1.5,LOW,0,0.0,DATA_ACCESS,0,NONE,0.0,0.0,NONE,0.0,0.0,0.0,LOW,0.0,0,1.5,LOW,NO ATTACK CAMPAIGN DETECTED,CONTINUE MONITORING
E000306,U006,,file_access,1.5,LOW,0,0.0,DATA_ACCESS,0,NONE,0.0,0.0,NONE,0.0,0.0,0.0,LOW,0.0,0,1.5,LOW,NO ATTACK CAMPAIGN DETECTED,CONTINUE MONITORING
E000171,U006,,file_access,1.5,LOW,0,0.0,DATA_ACCESS,0,NONE,0.0,0.0,NONE,0.0,0.0,0.0,LOW,0.0,0,1.5,LOW,NO ATTACK CAMPAIGN DETECTED,CONTINUE MONITORING
E000301,U006,,file_access,1.5,LOW,0,0.0,DATA_ACCESS,0,NONE,0.0,0.0,NONE,0.0,0.0,0.0,LOW,0.0,0,1.5,LOW,NO ATTACK CAMPAIGN DETECTED,CONTINUE MONITORING
E000242,U006,,file_access,1.5,LOW,0,0.0,DATA_ACCESS,0,NONE,0.0,0.0,NONE,0.0,0.0,0.0,LOW,0.0,0,1.5,LOW,NO ATTACK CAMPAIGN DETECTED,CONTINUE MONITORING
E000232,U006,,file_access,1.5,LOW,0,0.0,DATA_ACCESS,0,NONE,0.0,0.0,NONE,0.0,0.0,0.0,LOW,0.0,0,1.5,LOW,NO ATTACK CAMPAIGN DETECTED,CONTINUE MONITORING
E000085,U006,,file_access,1.5,LOW,0,0.0,DATA_ACCESS,0,NONE,0.0,0.0,NONE,0.0,0.0,0.0,LOW,0.0,0,1.5,LOW,NO ATTACK CAMPAIGN DETECTED,CONTINUE MONITORING
E000677,U012,,file_access,1.5,LOW,0,0.0,DATA_ACCESS,0,NONE,0.0,0.0,NONE,0.0,0.0,0.0,LOW,0.0,0,1.5,LOW,NO ATTACK CAMPAIGN DETECTED,CONTINUE MONITORING
E000600,U012,,file_access,1.5,LOW,0,0.0,DATA_ACCESS,0,NONE,0.0,0.0,NONE,0.0,0.0,0.0,LOW,0.0,0,1.5,LOW,NO ATTACK CAMPAIGN DETECTED,CONTINUE MONITORING
E000453,U012,,file_access,1.5,LOW,0,0.0,DATA_ACCESS,0,NONE,0.0,0.0,NONE,0.0,0.0,0.0,LOW,0.0,0,1.5,LOW,NO ATTACK CAMPAIGN DETECTED,CONTINUE MONITORING
E000311,U015,,transaction,1.5,LOW,0,0.0,IMPACT,0,NONE,0.0,0.0,NONE,0.0,0.0,0.0,LOW,0.0,0,1.5,LOW,NO ATTACK CAMPAIGN DETECTED,CONTINUE MONITORING
E000230,U015,,file_access,1.5,LOW,0,0.0,DATA_ACCESS,0,NONE,0.0,0.0,NONE,0.0,0.0,0.0,LOW,0.0,0,1.5,LOW,NO ATTACK CAMPAIGN DETECTED,CONTINUE MONITORING
E000305,U015,,file_access,1.5,LOW,0,0.0,DATA_ACCESS,0,NONE,0.0,0.0,NONE,0.0,0.0,0.0,LOW,0.0,0,1.5,LOW,NO ATTACK CAMPAIGN DETECTED,CONTINUE MONITORING
E000080,U015,,file_access,1.5,LOW,0,0.0,DATA_ACCESS,0,NONE,0.0,0.0,NONE,0.0,0.0,0.0,LOW,0.0,0,1.5,LOW,NO ATTACK CAMPAIGN DETECTED,CONTINUE MONITORING
E000597,U015,,file_access,1.5,LOW,0,0.0,DATA_ACCESS,0,NONE,0.0,0.0,NONE,0.0,0.0,0.0,LOW,0.0,0,1.5,LOW,NO ATTACK CAMPAIGN DETECTED,CONTINUE MONITORING
E000448,U015,,transaction,1.5,LOW,0,0.0,IMPACT,0,NONE,0.0,0.0,NONE,0.0,0.0,0.0,LOW,0.0,0,1.5,LOW,NO ATTACK CAMPAIGN DETECTED,CONTINUE MONITORING
E000524,U012,,file_access,1.5,LOW,0,0.0,DATA_ACCESS,0,NONE,0.0,0.0,NONE,0.0,0.0,0.0,LOW,0.0,0,1.5,LOW,NO ATTACK CAMPAIGN DETECTED,CONTINUE MONITORING
E000672,U015,,file_access,1.5,LOW,0,0.0,DATA_ACCESS,0,NONE,0.0,0.0,NONE,0.0,0.0,0.0,LOW,0.0,0,1.5,LOW,NO ATTACK CAMPAIGN DETECTED,CONTINUE MONITORING
E000516,U015,,file_access,1.5,LOW,0,0.0,DATA_ACCESS,0,NONE,0.0,0.0,NONE,0.0,0.0,0.0,LOW,0.0,0,1.5,LOW,NO ATTACK CAMPAIGN DETECTED,CONTINUE MONITORING
E000519,U015,,file_access,1.5,LOW,0,0.0,DATA_ACCESS,0,NONE,0.0,0.0,NONE,0.0,0.0,0.0,LOW,0.0,0,1.5,LOW,NO ATTACK CAMPAIGN DETECTED,CONTINUE MONITORING
E000446,U019,,file_access,1.5,LOW,0,0.0,DATA_ACCESS,0,NONE,0.0,0.0,NONE,0.0,0.0,0.0,LOW,0.0,0,1.5,LOW,NO ATTACK CAMPAIGN DETECTED,CONTINUE MONITORING
E000010,U019,,file_access,1.5,LOW,0,0.0,DATA_ACCESS,0,NONE,0.0,0.0,NONE,0.0,0.0,0.0,LOW,0.0,0,1.5,LOW,NO ATTACK CAMPAIGN DETECTED,CONTINUE MONITORING
E000087,U019,,file_access,1.5,LOW,0,0.0,DATA_ACCESS,0,NONE,0.0,0.0,NONE,0.0,0.0,0.0,LOW,0.0,0,1.5,LOW,NO ATTACK CAMPAIGN DETECTED,CONTINUE MONITORING
E000287,U003,,transaction,1.48,LOW,0,0.0,IMPACT,0,NONE,0.0,0.0,NONE,0.0,0.0,0.0,LOW,0.0,0,1.48,LOW,NO ATTACK CAMPAIGN DETECTED,CONTINUE MONITORING
E000273,U007,,transaction,1.46,LOW,0,0.0,IMPACT,0,NONE,0.0,0.0,NONE,0.0,0.0,0.0,LOW,0.0,0,1.46,LOW,NO ATTACK CAMPAIGN DETECTED,CONTINUE MONITORING
E000131,U014,,transaction,1.43,LOW,0,0.0,IMPACT,0,NONE,0.0,0.0,NONE,0.0,0.0,0.0,LOW,0.0,0,1.43,LOW,NO ATTACK CAMPAIGN DETECTED,CONTINUE MONITORING
E000566,U010,,transaction,1.39,LOW,0,0.0,IMPACT,0,NONE,0.0,0.0,NONE,0.0,0.0,0.0,LOW,0.0,0,1.39,LOW,NO ATTACK CAMPAIGN DETECTED,CONTINUE MONITORING
E000027,U001,,transaction,1.38,LOW,0,0.0,IMPACT,0,NONE,0.0,0.0,NONE,0.0,0.0,0.0,LOW,0.0,0,1.38,LOW,NO ATTACK CAMPAIGN DETECTED,CONTINUE MONITORING
E000323,U002,,transaction,1.37,LOW,0,0.0,IMPACT,0,NONE,0.0,0.0,NONE,0.0,0.0,0.0,LOW,0.0,0,1.37,LOW,NO ATTACK CAMPAIGN DETECTED,CONTINUE MONITORING
E000627,U014,,transaction,1.36,LOW,0,0.0,IMPACT,0,NONE,0.0,0.0,NONE,0.0,0.0,0.0,LOW,0.0,0,1.36,LOW,NO ATTACK CAMPAIGN DETECTED,CONTINUE MONITORING
E000697,U002,,transaction,1.35,LOW,0,0.0,IMPACT,0,NONE,0.0,0.0,NONE,0.0,0.0,0.0,LOW,0.0,0,1.35,LOW,NO ATTACK CAMPAIGN DETECTED,CONTINUE MONITORING
E000060,U003,,transaction,1.33,LOW,0,0.0,IMPACT,0,NONE,0.0,0.0,NONE,0.0,0.0,0.0,LOW,0.0,0,1.33,LOW,NO ATTACK CAMPAIGN DETECTED,CONTINUE MONITORING
E000654,U010,,transaction,1.33,LOW,0,0.0,IMPACT,0,NONE,0.0,0.0,NONE,0.0,0.0,0.0,LOW,0.0,0,1.33,LOW,NO ATTACK CAMPAIGN DETECTED,CONTINUE MONITORING
E000414,U009,,transaction,1.32,LOW,0,0.0,IMPACT,0,NONE,0.0,0.0,NONE,0.0,0.0,0.0,LOW,0.0,0,1.32,LOW,NO ATTACK CAMPAIGN DETECTED,CONTINUE MONITORING
E000618,U004,,transaction,1.32,LOW,0,0.0,IMPACT,0,NONE,0.0,0.0,NONE,0.0,0.0,0.0,LOW,0.0,0,1.32,LOW,NO ATTACK CAMPAIGN DETECTED,CONTINUE MONITORING
E000280,U020,,transaction,1.26,LOW,0,0.0,IMPACT,0,NONE,0.0,0.0,NONE,0.0,0.0,0.0,LOW,0.0,0,1.26,LOW,NO ATTACK CAMPAIGN DETECTED,CONTINUE MONITORING
E000270,U016,,transaction,1.25,LOW,0,0.0,IMPACT,0,NONE,0.0,0.0,NONE,0.0,0.0,0.0,LOW,0.0,0,1.25,LOW,NO ATTACK CAMPAIGN DETECTED,CONTINUE MONITORING
E000363,U003,,transaction,1.24,LOW,0,0.0,IMPACT,0,NONE,0.0,0.0,NONE,0.0,0.0,0.0,LOW,0.0,0,1.24,LOW,NO ATTACK CAMPAIGN DETECTED,CONTINUE MONITORING
E000497,U003,,transaction,1.24,LOW,0,0.0,IMPACT,0,NONE,0.0,0.0,NONE,0.0,0.0,0.0,LOW,0.0,0,1.24,LOW,NO ATTACK CAMPAIGN DETECTED,CONTINUE MONITORING
E000272,U014,,transaction,1.24,LOW,0,0.0,IMPACT,0,NONE,0.0,0.0,NONE,0.0,0.0,0.0,LOW,0.0,0,1.24,LOW,NO ATTACK CAMPAIGN DETECTED,CONTINUE MONITORING
E000332,U018,,transaction,1.23,LOW,0,0.0,IMPACT,0,NONE,0.0,0.0,NONE,0.0,0.0,0.0,LOW,0.0,0,1.23,LOW,NO ATTACK CAMPAIGN DETECTED,CONTINUE MONITORING
E000061,U008,,transaction,1.23,LOW,0,0.0,IMPACT,0,NONE,0.0,0.0,NONE,0.0,0.0,0.0,LOW,0.0,0,1.23,LOW,NO ATTACK CAMPAIGN DETECTED,CONTINUE MONITORING
E000645,U003,,transaction,1.22,LOW,0,0.0,IMPACT,0,NONE,0.0,0.0,NONE,0.0,0.0,0.0,LOW,0.0,0,1.22,LOW,NO ATTACK CAMPAIGN DETECTED,CONTINUE MONITORING
E000071,U020,,transaction,1.22,LOW,0,0.0,IMPACT,0,NONE,0.0,0.0,NONE,0.0,0.0,0.0,LOW,0.0,0,1.22,LOW,NO ATTACK CAMPAIGN DETECTED,CONTINUE MONITORING
E000403,U007,,file_access,1.21,LOW,0,0.0,DATA_ACCESS,0,NONE,0.0,0.0,NONE,0.0,0.0,0.0,LOW,0.0,0,1.21,LOW,NO ATTACK CAMPAIGN DETECTED,CONTINUE MONITORING
E000709,U018,,transaction,1.19,LOW,0,0.0,IMPACT,0,NONE,0.0,0.0,NONE,0.0,0.0,0.0,LOW,0.0,0,1.19,LOW,NO ATTACK CAMPAIGN DETECTED,CONTINUE MONITORING
E000364,U020,,transaction,1.19,LOW,0,0.0,IMPACT,0,NONE,0.0,0.0,NONE,0.0,0.0,0.0,LOW,0.0,0,1.19,LOW,NO ATTACK CAMPAIGN DETECTED,CONTINUE MONITORING
E000507,U020,,transaction,1.18,LOW,0,0.0,IMPACT,0,NONE,0.0,0.0,NONE,0.0,0.0,0.0,LOW,0.0,0,1.18,LOW,NO ATTACK CAMPAIGN DETECTED,CONTINUE MONITORING
E000571,U020,,transaction,1.18,LOW,0,0.0,IMPACT,0,NONE,0.0,0.0,NONE,0.0,0.0,0.0,LOW,0.0,0,1.18,LOW,NO ATTACK CAMPAIGN DETECTED,CONTINUE MONITORING
E000702,U016,,transaction,1.17,LOW,0,0.0,IMPACT,0,NONE,0.0,0.0,NONE,0.0,0.0,0.0,LOW,0.0,0,1.17,LOW,NO ATTACK CAMPAIGN DETECTED,CONTINUE MONITORING
E000198,U018,,transaction,1.17,LOW,0,0.0,IMPACT,0,NONE,0.0,0.0,NONE,0.0,0.0,0.0,LOW,0.0,0,1.17,LOW,NO ATTACK CAMPAIGN DETECTED,CONTINUE MONITORING
E000719,U008,,transaction,1.16,LOW,0,0.0,IMPACT,0,NONE,0.0,0.0,NONE,0.0,0.0,0.0,LOW,0.0,0,1.16,LOW,NO ATTACK CAMPAIGN DETECTED,CONTINUE MONITORING
E000714,U004,,transaction,1.16,LOW,0,0.0,IMPACT,0,NONE,0.0,0.0,NONE,0.0,0.0,0.0,LOW,0.0,0,1.16,LOW,NO ATTACK CAMPAIGN DETECTED,CONTINUE MONITORING
E000217,U008,,transaction,1.15,LOW,0,0.0,IMPACT,0,NONE,0.0,0.0,NONE,0.0,0.0,0.0,LOW,0.0,0,1.15,LOW,NO ATTACK CAMPAIGN DETECTED,CONTINUE MONITORING
E000735,U020,,transaction,1.15,LOW,0,0.0,IMPACT,0,NONE,0.0,0.0,NONE,0.0,0.0,0.0,LOW,0.0,0,1.15,LOW,NO ATTACK CAMPAIGN DETECTED,CONTINUE MONITORING
E000051,U004,,transaction,1.13,LOW,0,0.0,IMPACT,0,NONE,0.0,0.0,NONE,0.0,0.0,0.0,LOW,0.0,0,1.13,LOW,NO ATTACK CAMPAIGN DETECTED,CONTINUE MONITORING
E000416,U016,,transaction,1.13,LOW,0,0.0,IMPACT,0,NONE,0.0,0.0,NONE,0.0,0.0,0.0,LOW,0.0,0,1.13,LOW,NO ATTACK CAMPAIGN DETECTED,CONTINUE MONITORING
E000429,U010,,file_access,1.13,LOW,0,0.0,DATA_ACCESS,0,NONE,0.0,0.0,NONE,0.0,0.0,0.0,LOW,0.0,0,1.13,LOW,NO ATTACK CAMPAIGN DETECTED,CONTINUE MONITORING
E000277,U018,,transaction,1.13,LOW,0,0.0,IMPACT,0,NONE,0.0,0.0,NONE,0.0,0.0,0.0,LOW,0.0,0,1.13,LOW,NO ATTACK CAMPAIGN DETECTED,CONTINUE MONITORING
E000656,U020,,transaction,1.13,LOW,0,0.0,IMPACT,0,NONE,0.0,0.0,NONE,0.0,0.0,0.0,LOW,0.0,0,1.13,LOW,NO ATTACK CAMPAIGN DETECTED,CONTINUE MONITORING
E000152,U020,,transaction,1.13,LOW,0,0.0,IMPACT,0,NONE,0.0,0.0,NONE,0.0,0.0,0.0,LOW,0.0,0,1.13,LOW,NO ATTACK CAMPAIGN DETECTED,CONTINUE MONITORING
E000437,U008,,transaction,1.13,LOW,0,0.0,IMPACT,0,NONE,0.0,0.0,NONE,0.0,0.0,0.0,LOW,0.0,0,1.13,LOW,NO ATTACK CAMPAIGN DETECTED,CONTINUE MONITORING
E000560,U016,,transaction,1.13,LOW,0,0.0,IMPACT,0,NONE,0.0,0.0,NONE,0.0,0.0,0.0,LOW,0.0,0,1.13,LOW,NO ATTACK CAMPAIGN DETECTED,CONTINUE MONITORING
E000044,U016,,transaction,1.12,LOW,0,0.0,IMPACT,0,NONE,0.0,0.0,NONE,0.0,0.0,0.0,LOW,0.0,0,1.12,LOW,NO ATTACK CAMPAIGN DETECTED,CONTINUE MONITORING
E000133,U018,,transaction,1.12,LOW,0,0.0,IMPACT,0,NONE,0.0,0.0,NONE,0.0,0.0,0.0,LOW,0.0,0,1.12,LOW,NO ATTACK CAMPAIGN DETECTED,CONTINUE MONITORING
E000649,U008,,file_access,1.1,LOW,0,0.0,DATA_ACCESS,0,NONE,0.0,0.0,NONE,0.0,0.0,0.0,LOW,0.0,0,1.1,LOW,NO ATTACK CAMPAIGN DETECTED,CONTINUE MONITORING
E000391,U011,,file_access,1.1,LOW,0,0.0,DATA_ACCESS,0,NONE,0.0,0.0,NONE,0.0,0.0,0.0,LOW,0.0,0,1.1,LOW,NO ATTACK CAMPAIGN DETECTED,CONTINUE MONITORING
E000736,U003,,transaction,1.08,LOW,0,0.0,IMPACT,0,NONE,0.0,0.0,NONE,0.0,0.0,0.0,LOW,0.0,0,1.08,LOW,NO ATTACK CAMPAIGN DETECTED,CONTINUE MONITORING
E000114,U007,,file_access,1.04,LOW,0,0.12,DATA_ACCESS,0,NONE,0.0,0.0,NONE,0.0,0.0,0.0,LOW,0.0,0,1.04,LOW,NO ATTACK CAMPAIGN DETECTED,CONTINUE MONITORING
E000607,U001,,file_access,1.04,LOW,0,0.12,DATA_ACCESS,0,NONE,0.0,0.0,NONE,0.0,0.0,0.0,LOW,0.0,0,1.04,LOW,NO ATTACK CAMPAIGN DETECTED,CONTINUE MONITORING
E000711,U018,,file_access,1.04,LOW,0,0.12,DATA_ACCESS,0,NONE,0.0,0.0,NONE,0.0,0.0,0.0,LOW,0.0,0,1.04,LOW,NO ATTACK CAMPAIGN DETECTED,CONTINUE MONITORING
E000638,U007,,transaction,0.98,LOW,0,0.0,IMPACT,0,NONE,0.0,0.0,NONE,0.0,0.0,0.0,LOW,0.0,0,0.98,LOW,NO ATTACK CAMPAIGN DETECTED,CONTINUE MONITORING
E000407,U001,,file_access,0.92,LOW,0,0.0,DATA_ACCESS,0,NONE,0.0,0.0,NONE,0.0,0.0,0.0,LOW,0.0,0,0.92,LOW,NO ATTACK CAMPAIGN DETECTED,CONTINUE MONITORING
E000432,U005,,file_access,0.92,LOW,0,0.0,DATA_ACCESS,0,NONE,0.0,0.0,NONE,0.0,0.0,0.0,LOW,0.0,0,0.92,LOW,NO ATTACK CAMPAIGN DETECTED,CONTINUE MONITORING
E000402,U007,,file_access,0.92,LOW,0,0.0,DATA_ACCESS,0,NONE,0.0,0.0,NONE,0.0,0.0,0.0,LOW,0.0,0,0.92,LOW,NO ATTACK CAMPAIGN DETECTED,CONTINUE MONITORING
E000254,U007,,file_access,0.92,LOW,0,0.0,DATA_ACCESS,0,NONE,0.0,0.0,NONE,0.0,0.0,0.0,LOW,0.0,0,0.92,LOW,NO ATTACK CAMPAIGN DETECTED,CONTINUE MONITORING
E000148,U010,,file_access,0.92,LOW,0,0.0,DATA_ACCESS,0,NONE,0.0,0.0,NONE,0.0,0.0,0.0,LOW,0.0,0,0.92,LOW,NO ATTACK CAMPAIGN DETECTED,CONTINUE MONITORING
E000331,U017,,file_access,0.92,LOW,0,0.0,DATA_ACCESS,0,NONE,0.0,0.0,NONE,0.0,0.0,0.0,LOW,0.0,0,0.92,LOW,NO ATTACK CAMPAIGN DETECTED,CONTINUE MONITORING
E000113,U011,,file_access,0.92,LOW,0,0.0,DATA_ACCESS,0,NONE,0.0,0.0,NONE,0.0,0.0,0.0,LOW,0.0,0,0.92,LOW,NO ATTACK CAMPAIGN DETECTED,CONTINUE MONITORING
E000424,U010,,file_access,0.92,LOW,0,0.0,DATA_ACCESS,0,NONE,0.0,0.0,NONE,0.0,0.0,0.0,LOW,0.0,0,0.92,LOW,NO ATTACK CAMPAIGN DETECTED,CONTINUE MONITORING
E000022,U017,,file_access,0.92,LOW,0,0.0,DATA_ACCESS,0,NONE,0.0,0.0,NONE,0.0,0.0,0.0,LOW,0.0,0,0.92,LOW,NO ATTACK CAMPAIGN DETECTED,CONTINUE MONITORING
E000140,U010,,file_access,0.92,LOW,0,0.0,DATA_ACCESS,0,NONE,0.0,0.0,NONE,0.0,0.0,0.0,LOW,0.0,0,0.92,LOW,NO ATTACK CAMPAIGN DETECTED,CONTINUE MONITORING
E000047,U002,,transaction,0.89,LOW,0,0.0,IMPACT,0,NONE,0.0,0.0,NONE,0.0,0.0,0.0,LOW,0.0,0,0.89,LOW,NO ATTACK CAMPAIGN DETECTED,CONTINUE MONITORING
E000334,U007,,transaction,0.86,LOW,0,0.0,IMPACT,0,NONE,0.0,0.0,NONE,0.0,0.0,0.0,LOW,0.0,0,0.86,LOW,NO ATTACK CAMPAIGN DETECTED,CONTINUE MONITORING
E000619,U018,,file_access,0.84,LOW,0,0.0,DATA_ACCESS,0,NONE,0.0,0.0,NONE,0.0,0.0,0.0,LOW,0.0,0,0.84,LOW,NO ATTACK CAMPAIGN DETECTED,CONTINUE MONITORING
E000038,U017,,file_access,0.84,LOW,0,0.0,DATA_ACCESS,0,NONE,0.0,0.0,NONE,0.0,0.0,0.0,LOW,0.0,0,0.84,LOW,NO ATTACK CAMPAIGN DETECTED,CONTINUE MONITORING
E000130,U017,,file_access,0.84,LOW,0,0.0,DATA_ACCESS,0,NONE,0.0,0.0,NONE,0.0,0.0,0.0,LOW,0.0,0,0.84,LOW,NO ATTACK CAMPAIGN DETECTED,CONTINUE MONITORING
E000108,U001,,file_access,0.84,LOW,0,0.0,DATA_ACCESS,0,NONE,0.0,0.0,NONE,0.0,0.0,0.0,LOW,0.0,0,0.84,LOW,NO ATTACK CAMPAIGN DETECTED,CONTINUE MONITORING
E000072,U020,,file_access,0.84,LOW,0,0.0,DATA_ACCESS,0,NONE,0.0,0.0,NONE,0.0,0.0,0.0,LOW,0.0,0,0.84,LOW,NO ATTACK CAMPAIGN DETECTED,CONTINUE MONITORING
E000474,U009,,file_access,0.84,LOW,0,0.0,DATA_ACCESS,0,NONE,0.0,0.0,NONE,0.0,0.0,0.0,LOW,0.0,0,0.84,LOW,NO ATTACK CAMPAIGN DETECTED,CONTINUE MONITORING
E000728,U008,,file_access,0.84,LOW,0,0.0,DATA_ACCESS,0,NONE,0.0,0.0,NONE,0.0,0.0,0.0,LOW,0.0,0,0.84,LOW,NO ATTACK CAMPAIGN DETECTED,CONTINUE MONITORING
E000067,U005,,file_access,0.84,LOW,0,0.0,DATA_ACCESS,0,NONE,0.0,0.0,NONE,0.0,0.0,0.0,LOW,0.0,0,0.84,LOW,NO ATTACK CAMPAIGN DETECTED,CONTINUE MONITORING
E000031,U014,,file_access,0.84,LOW,0,0.0,DATA_ACCESS,0,NONE,0.0,0.0,NONE,0.0,0.0,0.0,LOW,0.0,0,0.84,LOW,NO ATTACK CAMPAIGN DETECTED,CONTINUE MONITORING
E000251,U004,,file_access,0.84,LOW,0,0.0,DATA_ACCESS,0,NONE,0.0,0.0,NONE,0.0,0.0,0.0,LOW,0.0,0,0.84,LOW,NO ATTACK CAMPAIGN DETECTED,CONTINUE MONITORING
E000557,U016,,file_access,0.84,LOW,0,0.0,DATA_ACCESS,0,NONE,0.0,0.0,NONE,0.0,0.0,0.0,LOW,0.0,0,0.84,LOW,NO ATTACK CAMPAIGN DETECTED,CONTINUE MONITORING
E000687,U009,,file_access,0.84,LOW,0,0.0,DATA_ACCESS,0,NONE,0.0,0.0,NONE,0.0,0.0,0.0,LOW,0.0,0,0.84,LOW,NO ATTACK CAMPAIGN DETECTED,CONTINUE MONITORING
E000700,U007,,file_access,0.84,LOW,0,0.0,DATA_ACCESS,0,NONE,0.0,0.0,NONE,0.0,0.0,0.0,LOW,0.0,0,0.84,LOW,NO ATTACK CAMPAIGN DETECTED,CONTINUE MONITORING
E000704,U004,,file_access,0.84,LOW,0,0.0,DATA_ACCESS,0,NONE,0.0,0.0,NONE,0.0,0.0,0.0,LOW,0.0,0,0.84,LOW,NO ATTACK CAMPAIGN DETECTED,CONTINUE MONITORING
E000476,U017,,file_access,0.8,LOW,0,0.0,DATA_ACCESS,0,NONE,0.0,0.0,NONE,0.0,0.0,0.0,LOW,0.0,0,0.8,LOW,NO ATTACK CAMPAIGN DETECTED,CONTINUE MONITORING
E000626,U018,,file_access,0.8,LOW,0,0.0,DATA_ACCESS,0,NONE,0.0,0.0,NONE,0.0,0.0,0.0,LOW,0.0,0,0.8,LOW,NO ATTACK CAMPAIGN DETECTED,CONTINUE MONITORING
E000465,U002,,file_access,0.8,LOW,0,0.0,DATA_ACCESS,0,NONE,0.0,0.0,NONE,0.0,0.0,0.0,LOW,0.0,0,0.8,LOW,NO ATTACK CAMPAIGN DETECTED,CONTINUE MONITORING
E000145,U010,,file_access,0.8,LOW,0,0.0,DATA_ACCESS,0,NONE,0.0,0.0,NONE,0.0,0.0,0.0,LOW,0.0,0,0.8,LOW,NO ATTACK CAMPAIGN DETECTED,CONTINUE MONITORING
E000644,U010,,file_access,0.8,LOW,0,0.0,DATA_ACCESS,0,NONE,0.0,0.0,NONE,0.0,0.0,0.0,LOW,0.0,0,0.8,LOW,NO ATTACK CAMPAIGN DETECTED,CONTINUE MONITORING
E000637,U017,,file_access,0.8,LOW,0,0.0,DATA_ACCESS,0,NONE,0.0,0.0,NONE,0.0,0.0,0.0,LOW,0.0,0,0.8,LOW,NO ATTACK CAMPAIGN DETECTED,CONTINUE MONITORING
E000546,U014,,file_access,0.8,LOW,0,0.0,DATA_ACCESS,0,NONE,0.0,0.0,NONE,0.0,0.0,0.0,LOW,0.0,0,0.8,LOW,NO ATTACK CAMPAIGN DETECTED,CONTINUE MONITORING
E000479,U014,,file_access,0.8,LOW,0,0.0,DATA_ACCESS,0,NONE,0.0,0.0,NONE,0.0,0.0,0.0,LOW,0.0,0,0.8,LOW,NO ATTACK CAMPAIGN DETECTED,CONTINUE MONITORING
E000126,U011,,file_access,0.8,LOW,0,0.0,DATA_ACCESS,0,NONE,0.0,0.0,NONE,0.0,0.0,0.0,LOW,0.0,0,0.8,LOW,NO ATTACK CAMPAIGN DETECTED,CONTINUE MONITORING
E000621,U007,,file_access,0.8,LOW,0,0.0,DATA_ACCESS,0,NONE,0.0,0.0,NONE,0.0,0.0,0.0,LOW,0.0,0,0.8,LOW,NO ATTACK CAMPAIGN DETECTED,CONTINUE MONITORING
E000401,U011,,file_access,0.8,LOW,0,0.0,DATA_ACCESS,0,NONE,0.0,0.0,NONE,0.0,0.0,0.0,LOW,0.0,0,0.8,LOW,NO ATTACK CAMPAIGN DETECTED,CONTINUE MONITORING
E000492,U005,,file_access,0.8,LOW,0,0.0,DATA_ACCESS,0,NONE,0.0,0.0,NONE,0.0,0.0,0.0,LOW,0.0,0,0.8,LOW,NO ATTACK CAMPAIGN DETECTED,CONTINUE MONITORING
E000147,U005,,file_access,0.8,LOW,0,0.0,DATA_ACCESS,0,NONE,0.0,0.0,NONE,0.0,0.0,0.0,LOW,0.0,0,0.8,LOW,NO ATTACK CAMPAIGN DETECTED,CONTINUE MONITORING
E000149,U003,,file_access,0.8,LOW,0,0.0,DATA_ACCESS,0,NONE,0.0,0.0,NONE,0.0,0.0,0.0,LOW,0.0,0,0.8,LOW,NO ATTACK CAMPAIGN DETECTED,CONTINUE MONITORING
E000208,U003,,file_access,0.8,LOW,0,0.0,DATA_ACCESS,0,NONE,0.0,0.0,NONE,0.0,0.0,0.0,LOW,0.0,0,0.8,LOW,NO ATTACK CAMPAIGN DETECTED,CONTINUE MONITORING
E000269,U016,,file_access,0.8,LOW,0,0.0,DATA_ACCESS,0,NONE,0.0,0.0,NONE,0.0,0.0,0.0,LOW,0.0,0,0.8,LOW,NO ATTACK CAMPAIGN DETECTED,CONTINUE MONITORING
E000397,U016,,file_access,0.8,LOW,0,0.0,DATA_ACCESS,0,NONE,0.0,0.0,NONE,0.0,0.0,0.0,LOW,0.0,0,0.8,LOW,NO ATTACK CAMPAIGN DETECTED,CONTINUE MONITORING
E000390,U011,,file_access,0.8,LOW,0,0.0,DATA_ACCESS,0,NONE,0.0,0.0,NONE,0.0,0.0,0.0,LOW,0.0,0,0.8,LOW,NO ATTACK CAMPAIGN DETECTED,CONTINUE MONITORING
E000409,U009,,file_access,0.8,LOW,0,0.0,DATA_ACCESS,0,NONE,0.0,0.0,NONE,0.0,0.0,0.0,LOW,0.0,0,0.8,LOW,NO ATTACK CAMPAIGN DETECTED,CONTINUE MONITORING
E000434,U008,,file_access,0.8,LOW,0,0.0,DATA_ACCESS,0,NONE,0.0,0.0,NONE,0.0,0.0,0.0,LOW,0.0,0,0.8,LOW,NO ATTACK CAMPAIGN DETECTED,CONTINUE MONITORING
E000037,U001,,file_access,0.8,LOW,0,0.0,DATA_ACCESS,0,NONE,0.0,0.0,NONE,0.0,0.0,0.0,LOW,0.0,0,0.8,LOW,NO ATTACK CAMPAIGN DETECTED,CONTINUE MONITORING
E000115,U007,,file_access,0.54,LOW,0,0.12,DATA_ACCESS,0,NONE,0.0,0.0,NONE,0.0,0.0,0.0,LOW,0.0,0,0.54,LOW,NO ATTACK CAMPAIGN DETECTED,CONTINUE MONITORING
E000433,U005,,file_access,0.41,LOW,0,0.0,DATA_ACCESS,0,NONE,0.0,0.0,NONE,0.0,0.0,0.0,LOW,0.0,0,0.41,LOW,NO ATTACK CAMPAIGN DETECTED,CONTINUE MONITORING
E000698,U014,,file_access,0.41,LOW,0,0.0,DATA_ACCESS,0,NONE,0.0,0.0,NONE,0.0,0.0,0.0,LOW,0.0,0,0.41,LOW,NO ATTACK CAMPAIGN DETECTED,CONTINUE MONITORING
E000399,U014,,file_access,0.33,LOW,0,0.0,DATA_ACCESS,0,NONE,0.0,0.0,NONE,0.0,0.0,0.0,LOW,0.0,0,0.33,LOW,NO ATTACK CAMPAIGN DETECTED,CONTINUE MONITORING
E000635,U017,,file_access,0.33,LOW,0,0.0,DATA_ACCESS,0,NONE,0.0,0.0,NONE,0.0,0.0,0.0,LOW,0.0,0,0.33,LOW,NO ATTACK CAMPAIGN DETECTED,CONTINUE MONITORING
E000356,U008,,file_access,0.33,LOW,0,0.0,DATA_ACCESS,0,NONE,0.0,0.0,NONE,0.0,0.0,0.0,LOW,0.0,0,0.33,LOW,NO ATTACK CAMPAIGN DETECTED,CONTINUE MONITORING
E000413,U018,,file_access,0.33,LOW,0,0.0,DATA_ACCESS,0,NONE,0.0,0.0,NONE,0.0,0.0,0.0,LOW,0.0,0,0.33,LOW,NO ATTACK CAMPAIGN DETECTED,CONTINUE MONITORING
E000107,U014,,file_access,0.33,LOW,0,0.0,DATA_ACCESS,0,NONE,0.0,0.0,NONE,0.0,0.0,0.0,LOW,0.0,0,0.33,LOW,NO ATTACK CAMPAIGN DETECTED,CONTINUE MONITORING
E000353,U020,,file_access,0.33,LOW,0,0.0,DATA_ACCESS,0,NONE,0.0,0.0,NONE,0.0,0.0,0.0,LOW,0.0,0,0.33,LOW,NO ATTACK CAMPAIGN DETECTED,CONTINUE MONITORING
E000650,U008,,file_access,0.32,LOW,0,0.12,DATA_ACCESS,0,NONE,0.0,0.0,NONE,0.0,0.0,0.0,LOW,0.0,0,0.32,LOW,NO ATTACK CAMPAIGN DETECTED,CONTINUE MONITORING
E000345,U009,,file_access,0.3,LOW,0,0.0,DATA_ACCESS,0,NONE,0.0,0.0,NONE,0.0,0.0,0.0,LOW,0.0,0,0.3,LOW,NO ATTACK CAMPAIGN DETECTED,CONTINUE MONITORING
E000579,U005,,file_access,0.3,LOW,0,0.0,DATA_ACCESS,0,NONE,0.0,0.0,NONE,0.0,0.0,0.0,LOW,0.0,0,0.3,LOW,NO ATTACK CAMPAIGN DETECTED,CONTINUE MONITORING
E000696,U014,,file_access,0.3,LOW,0,0.0,DATA_ACCESS,0,NONE,0.0,0.0,NONE,0.0,0.0,0.0,LOW,0.0,0,0.3,LOW,NO ATTACK CAMPAIGN DETECTED,CONTINUE MONITORING
E000030,U016,,file_access,0.3,LOW,0,0.0,DATA_ACCESS,0,NONE,0.0,0.0,NONE,0.0,0.0,0.0,LOW,0.0,0,0.3,LOW,NO ATTACK CAMPAIGN DETECTED,CONTINUE MONITORING
E000063,U010,,file_access,0.3,LOW,0,0.0,DATA_ACCESS,0,NONE,0.0,0.0,NONE,0.0,0.0,0.0,LOW,0.0,0,0.3,LOW,NO ATTACK CAMPAIGN DETECTED,CONTINUE MONITORING
E000490,U010,,file_access,0.3,LOW,0,0.0,DATA_ACCESS,0,NONE,0.0,0.0,NONE,0.0,0.0,0.0,LOW,0.0,0,0.3,LOW,NO ATTACK CAMPAIGN DETECTED,CONTINUE MONITORING
E000025,U002,,file_access,0.3,LOW,0,0.0,DATA_ACCESS,0,NONE,0.0,0.0,NONE,0.0,0.0,0.0,LOW,0.0,0,0.3,LOW,NO ATTACK CAMPAIGN DETECTED,CONTINUE MONITORING
E000289,U010,,file_access,0.3,LOW,0,0.0,DATA_ACCESS,0,NONE,0.0,0.0,NONE,0.0,0.0,0.0,LOW,0.0,0,0.3,LOW,NO ATTACK CAMPAIGN DETECTED,CONTINUE MONITORING
E000195,U017,,file_access,0.3,LOW,0,0.0,DATA_ACCESS,0,NONE,0.0,0.0,NONE,0.0,0.0,0.0,LOW,0.0,0,0.3,LOW,NO ATTACK CAMPAIGN DETECTED,CONTINUE MONITORING
E000505,U020,,file_access,0.3,LOW,0,0.0,DATA_ACCESS,0,NONE,0.0,0.0,NONE,0.0,0.0,0.0,LOW,0.0,0,0.3,LOW,NO ATTACK CAMPAIGN DETECTED,CONTINUE MONITORING
E000321,U011,,file_access,0.3,LOW,0,0.0,DATA_ACCESS,0,NONE,0.0,0.0,NONE,0.0,0.0,0.0,LOW,0.0,0,0.3,LOW,NO ATTACK CAMPAIGN DETECTED,CONTINUE MONITORING
E000325,U007,,file_access,0.3,LOW,0,0.0,DATA_ACCESS,0,NONE,0.0,0.0,NONE,0.0,0.0,0.0,LOW,0.0,0,0.3,LOW,NO ATTACK CAMPAIGN DETECTED,CONTINUE MONITORING
E000578,U003,,file_access,0.28,LOW,0,0.12,DATA_ACCESS,0,NONE,0.0,0.0,NONE,0.0,0.0,0.0,LOW,0.0,0,0.28,LOW,NO ATTACK CAMPAIGN DETECTED,CONTINUE MONITORING
E000506,U020,,file_access,0.23,LOW,0,0.0,DATA_ACCESS,0,NONE,0.0,0.0,NONE,0.0,0.0,0.0,LOW,0.0,0,0.23,LOW,NO ATTACK CAMPAIGN DETECTED,CONTINUE MONITORING
E000568,U010,,file_access,0.15,LOW,0,0.0,DATA_ACCESS,0,NONE,0.0,0.0,NONE,0.0,0.0,0.0,LOW,0.0,0,0.15,LOW,NO ATTACK CAMPAIGN DETECTED,CONTINUE MONITORING
E000215,U020,,file_access,0.15,LOW,0,0.0,DATA_ACCESS,0,NONE,0.0,0.0,NONE,0.0,0.0,0.0,LOW,0.0,0,0.15,LOW,NO ATTACK CAMPAIGN DETECTED,CONTINUE MONITORING
E000050,U009,,file_access,0.15,LOW,0,0.0,DATA_ACCESS,0,NONE,0.0,0.0,NONE,0.0,0.0,0.0,LOW,0.0,0,0.15,LOW,NO ATTACK CAMPAIGN DETECTED,CONTINUE MONITORING
E000333,U018,,file_access,0.15,LOW,0,0.0,DATA_ACCESS,0,NONE,0.0,0.0,NONE,0.0,0.0,0.0,LOW,0.0,0,0.15,LOW,NO ATTACK CAMPAIGN DETECTED,CONTINUE MONITORING
E000703,U002,,file_access,0.15,LOW,0,0.0,DATA_ACCESS,0,NONE,0.0,0.0,NONE,0.0,0.0,0.0,LOW,0.0,0,0.15,LOW,NO ATTACK CAMPAIGN DETECTED,CONTINUE MONITORING
E000268,U017,,file_access,0.15,LOW,0,0.0,DATA_ACCESS,0,NONE,0.0,0.0,NONE,0.0,0.0,0.0,LOW,0.0,0,0.15,LOW,NO ATTACK CAMPAIGN DETECTED,CONTINUE MONITORING
E000575,U008,,file_access,0.15,LOW,0,0.0,DATA_ACCESS,0,NONE,0.0,0.0,NONE,0.0,0.0,0.0,LOW,0.0,0,0.15,LOW,NO ATTACK CAMPAIGN DETECTED,CONTINUE MONITORING
E000701,U002,,file_access,0.12,LOW,0,0.0,DATA_ACCESS,0,NONE,0.0,0.0,NONE,0.0,0.0,0.0,LOW,0.0,0,0.12,LOW,NO ATTACK CAMPAIGN DETECTED,CONTINUE MONITORING
E000544,U001,,file_access,0.12,LOW,0,0.0,DATA_ACCESS,0,NONE,0.0,0.0,NONE,0.0,0.0,0.0,LOW,0.0,0,0.12,LOW,NO ATTACK CAMPAIGN DETECTED,CONTINUE MONITORING
E000732,U020,,file_access,0.12,LOW,0,0.0,DATA_ACCESS,0,NONE,0.0,0.0,NONE,0.0,0.0,0.0,LOW,0.0,0,0.12,LOW,NO ATTACK CAMPAIGN DETECTED,CONTINUE MONITORING
E000633,U017,,file_access,0.12,LOW,0,0.0,DATA_ACCESS,0,NONE,0.0,0.0,NONE,0.0,0.0,0.0,LOW,0.0,0,0.12,LOW,NO ATTACK CAMPAIGN DETECTED,CONTINUE MONITORING
E000494,U005,,file_access,0.12,LOW,0,0.0,DATA_ACCESS,0,NONE,0.0,0.0,NONE,0.0,0.0,0.0,LOW,0.0,0,0.12,LOW,NO ATTACK CAMPAIGN DETECTED,CONTINUE MONITORING
E000652,U005,,transaction,0.12,LOW,0,0.0,IMPACT,0,NONE,0.0,0.0,NONE,0.0,0.0,0.0,LOW,0.0,0,0.12,LOW,NO ATTACK CAMPAIGN DETECTED,CONTINUE MONITORING
E000318,U004,,file_access,0.12,LOW,0,0.0,DATA_ACCESS,0,NONE,0.0,0.0,NONE,0.0,0.0,0.0,LOW,0.0,0,0.12,LOW,NO ATTACK CAMPAIGN DETECTED,CONTINUE MONITORING
E000734,U010,,file_access,0.12,LOW,0,0.0,DATA_ACCESS,0,NONE,0.0,0.0,NONE,0.0,0.0,0.0,LOW,0.0,0,0.12,LOW,NO ATTACK CAMPAIGN DETECTED,CONTINUE MONITORING
E000574,U003,,file_access,0.12,LOW,0,0.0,DATA_ACCESS,0,NONE,0.0,0.0,NONE,0.0,0.0,0.0,LOW,0.0,0,0.12,LOW,NO ATTACK CAMPAIGN DETECTED,CONTINUE MONITORING
E000349,U008,,file_access,0.12,LOW,0,0.0,DATA_ACCESS,0,NONE,0.0,0.0,NONE,0.0,0.0,0.0,LOW,0.0,0,0.12,LOW,NO ATTACK CAMPAIGN DETECTED,CONTINUE MONITORING
E000291,U008,,file_access,0.12,LOW,0,0.0,DATA_ACCESS,0,NONE,0.0,0.0,NONE,0.0,0.0,0.0,LOW,0.0,0,0.12,LOW,NO ATTACK CAMPAIGN DETECTED,CONTINUE MONITORING
E000358,U003,,file_access,0.12,LOW,0,0.0,DATA_ACCESS,0,NONE,0.0,0.0,NONE,0.0,0.0,0.0,LOW,0.0,0,0.12,LOW,NO ATTACK CAMPAIGN DETECTED,CONTINUE MONITORING
E000046,U018,,file_access,0.12,LOW,0,0.0,DATA_ACCESS,0,NONE,0.0,0.0,NONE,0.0,0.0,0.0,LOW,0.0,0,0.12,LOW,NO ATTACK CAMPAIGN DETECTED,CONTINUE MONITORING
E000199,U018,,file_access,0.12,LOW,0,0.0,DATA_ACCESS,0,NONE,0.0,0.0,NONE,0.0,0.0,0.0,LOW,0.0,0,0.12,LOW,NO ATTACK CAMPAIGN DETECTED,CONTINUE MONITORING
E000615,U018,,file_access,0.12,LOW,0,0.0,DATA_ACCESS,0,NONE,0.0,0.0,NONE,0.0,0.0,0.0,LOW,0.0,0,0.12,LOW,NO ATTACK CAMPAIGN DETECTED,CONTINUE MONITORING
E000486,U018,,file_access,0.12,LOW,0,0.0,DATA_ACCESS,0,NONE,0.0,0.0,NONE,0.0,0.0,0.0,LOW,0.0,0,0.12,LOW,NO ATTACK CAMPAIGN DETECTED,CONTINUE MONITORING
E000550,U018,,file_access,0.12,LOW,0,0.0,DATA_ACCESS,0,NONE,0.0,0.0,NONE,0.0,0.0,0.0,LOW,0.0,0,0.12,LOW,NO ATTACK CAMPAIGN DETECTED,CONTINUE MONITORING
E000097,U002,,file_access,0.12,LOW,0,0.0,DATA_ACCESS,0,NONE,0.0,0.0,NONE,0.0,0.0,0.0,LOW,0.0,0,0.12,LOW,NO ATTACK CAMPAIGN DETECTED,CONTINUE MONITORING
E000265,U018,,file_access,0.12,LOW,0,0.0,DATA_ACCESS,0,NONE,0.0,0.0,NONE,0.0,0.0,0.0,LOW,0.0,0,0.12,LOW,NO ATTACK CAMPAIGN DETECTED,CONTINUE MONITORING
E000341,U005,,file_access,0.12,LOW,0,0.0,DATA_ACCESS,0,NONE,0.0,0.0,NONE,0.0,0.0,0.0,LOW,0.0,0,0.12,LOW,NO ATTACK CAMPAIGN DETECTED,CONTINUE MONITORING
E000111,U007,,file_access,0.12,LOW,0,0.0,DATA_ACCESS,0,NONE,0.0,0.0,NONE,0.0,0.0,0.0,LOW,0.0,0,0.12,LOW,NO ATTACK CAMPAIGN DETECTED,CONTINUE MONITORING
E000624,U007,,file_access,0.12,LOW,0,0.0,DATA_ACCESS,0,NONE,0.0,0.0,NONE,0.0,0.0,0.0,LOW,0.0,0,0.12,LOW,NO ATTACK CAMPAIGN DETECTED,CONTINUE MONITORING
E000187,U007,,file_access,0.12,LOW,0,0.0,DATA_ACCESS,0,NONE,0.0,0.0,NONE,0.0,0.0,0.0,LOW,0.0,0,0.12,LOW,NO ATTACK CAMPAIGN DETECTED,CONTINUE MONITORING
E000464,U014,,file_access,0.12,LOW,0,0.0,DATA_ACCESS,0,NONE,0.0,0.0,NONE,0.0,0.0,0.0,LOW,0.0,0,0.12,LOW,NO ATTACK CAMPAIGN DETECTED,CONTINUE MONITORING
E000137,U005,,transaction,0.12,LOW,0,0.0,IMPACT,0,NONE,0.0,0.0,NONE,0.0,0.0,0.0,LOW,0.0,0,0.12,LOW,NO ATTACK CAMPAIGN DETECTED,CONTINUE MONITORING
E000690,U011,,file_access,0.12,LOW,0,0.0,DATA_ACCESS,0,NONE,0.0,0.0,NONE,0.0,0.0,0.0,LOW,0.0,0,0.12,LOW,NO ATTACK CAMPAIGN DETECTED,CONTINUE MONITORING
E000691,U011,,file_access,0.12,LOW,0,0.0,DATA_ACCESS,0,NONE,0.0,0.0,NONE,0.0,0.0,0.0,LOW,0.0,0,0.12,LOW,NO ATTACK CAMPAIGN DETECTED,CONTINUE MONITORING
E000033,U014,,transaction,0.12,LOW,0,0.0,IMPACT,0,NONE,0.0,0.0,NONE,0.0,0.0,0.0,LOW,0.0,0,0.12,LOW,NO ATTACK CAMPAIGN DETECTED,CONTINUE MONITORING
E000049,U009,,file_access,0.12,LOW,0,0.0,DATA_ACCESS,0,NONE,0.0,0.0,NONE,0.0,0.0,0.0,LOW,0.0,0,0.12,LOW,NO ATTACK CAMPAIGN DETECTED,CONTINUE MONITORING
E000342,U009,,file_access,0.12,LOW,0,0.0,DATA_ACCESS,0,NONE,0.0,0.0,NONE,0.0,0.0,0.0,LOW,0.0,0,0.12,LOW,NO ATTACK CAMPAIGN DETECTED,CONTINUE MONITORING
E000483,U007,,transaction,0.12,LOW,0,0.0,IMPACT,0,NONE,0.0,0.0,NONE,0.0,0.0,0.0,LOW,0.0,0,0.12,LOW,NO ATTACK CAMPAIGN DETECTED,CONTINUE MONITORING
E000543,U009,,file_access,0.12,LOW,0,0.0,DATA_ACCESS,0,NONE,0.0,0.0,NONE,0.0,0.0,0.0,LOW,0.0,0,0.12,LOW,NO ATTACK CAMPAIGN DETECTED,CONTINUE MONITORING
E000285,U020,,file_access,0.12,LOW,0,0.0,DATA_ACCESS,0,NONE,0.0,0.0,NONE,0.0,0.0,0.0,LOW,0.0,0,0.12,LOW,NO ATTACK CAMPAIGN DETECTED,CONTINUE MONITORING
E000606,U001,,file_access,0.12,LOW,0,0.0,DATA_ACCESS,0,NONE,0.0,0.0,NONE,0.0,0.0,0.0,LOW,0.0,0,0.12,LOW,NO ATTACK CAMPAIGN DETECTED,CONTINUE MONITORING
E000214,U020,,file_access,0.12,LOW,0,0.0,DATA_ACCESS,0,NONE,0.0,0.0,NONE,0.0,0.0,0.0,LOW,0.0,0,0.12,LOW,NO ATTACK CAMPAIGN DETECTED,CONTINUE MONITORING
E000142,U020,,file_access,0.12,LOW,0,0.0,DATA_ACCESS,0,NONE,0.0,0.0,NONE,0.0,0.0,0.0,LOW,0.0,0,0.12,LOW,NO ATTACK CAMPAIGN DETECTED,CONTINUE MONITORING
E000117,U014,,file_access,0.08,LOW,0,0.0,DATA_ACCESS,0,NONE,0.0,0.0,NONE,0.0,0.0,0.0,LOW,0.0,0,0.08,LOW,NO ATTACK CAMPAIGN DETECTED,CONTINUE MONITORING
E000326,U007,,file_access,0.08,LOW,0,0.0,DATA_ACCESS,0,NONE,0.0,0.0,NONE,0.0,0.0,0.0,LOW,0.0,0,0.08,LOW,NO ATTACK CAMPAIGN DETECTED,CONTINUE MONITORING
E000488,U018,,file_access,0.08,LOW,0,0.0,DATA_ACCESS,0,NONE,0.0,0.0,NONE,0.0,0.0,0.0,LOW,0.0,0,0.08,LOW,NO ATTACK CAMPAIGN DETECTED,CONTINUE MONITORING
E000351,U020,,file_access,0.04,LOW,0,0.0,DATA_ACCESS,0,NONE,0.0,0.0,NONE,0.0,0.0,0.0,LOW,0.0,0,0.04,LOW,NO ATTACK CAMPAIGN DETECTED,CONTINUE MONITORING
E000461,U001,,file_access,0.04,LOW,0,0.0,DATA_ACCESS,0,NONE,0.0,0.0,NONE,0.0,0.0,0.0,LOW,0.0,0,0.04,LOW,NO ATTACK CAMPAIGN DETECTED,CONTINUE MONITORING
E000537,U001,,transaction,0.04,LOW,0,0.0,IMPACT,0,NONE,0.0,0.0,NONE,0.0,0.0,0.0,LOW,0.0,0,0.04,LOW,NO ATTACK CAMPAIGN DETECTED,CONTINUE MONITORING
E000122,U001,,file_access,0.04,LOW,0,0.0,DATA_ACCESS,0,NONE,0.0,0.0,NONE,0.0,0.0,0.0,LOW,0.0,0,0.04,LOW,NO ATTACK CAMPAIGN DETECTED,CONTINUE MONITORING
E000284,U020,,file_access,0.04,LOW,0,0.0,DATA_ACCESS,0,NONE,0.0,0.0,NONE,0.0,0.0,0.0,LOW,0.0,0,0.04,LOW,NO ATTACK CAMPAIGN DETECTED,CONTINUE MONITORING
E000258,U001,,file_access,0.04,LOW,0,0.0,DATA_ACCESS,0,NONE,0.0,0.0,NONE,0.0,0.0,0.0,LOW,0.0,0,0.04,LOW,NO ATTACK CAMPAIGN DETECTED,CONTINUE MONITORING
E000191,U001,,file_access,0.04,LOW,0,0.0,DATA_ACCESS,0,NONE,0.0,0.0,NONE,0.0,0.0,0.0,LOW,0.0,0,0.04,LOW,NO ATTACK CAMPAIGN DETECTED,CONTINUE MONITORING
E000105,U014,,file_access,0.04,LOW,0,0.0,DATA_ACCESS,0,NONE,0.0,0.0,NONE,0.0,0.0,0.0,LOW,0.0,0,0.04,LOW,NO ATTACK CAMPAIGN DETECTED,CONTINUE MONITORING
E000620,U011,,file_access,0.04,LOW,0,0.0,DATA_ACCESS,0,NONE,0.0,0.0,NONE,0.0,0.0,0.0,LOW,0.0,0,0.04,LOW,NO ATTACK CAMPAIGN DETECTED,CONTINUE MONITORING
E000203,U009,,file_access,0.04,LOW,0,0.0,DATA_ACCESS,0,NONE,0.0,0.0,NONE,0.0,0.0,0.0,LOW,0.0,0,0.04,LOW,NO ATTACK CAMPAIGN DETECTED,CONTINUE MONITORING
E000481,U011,,file_access,0.04,LOW,0,0.0,DATA_ACCESS,0,NONE,0.0,0.0,NONE,0.0,0.0,0.0,LOW,0.0,0,0.04,LOW,NO ATTACK CAMPAIGN DETECTED,CONTINUE MONITORING
E000536,U001,,file_access,0.04,LOW,0,0.0,DATA_ACCESS,0,NONE,0.0,0.0,NONE,0.0,0.0,0.0,LOW,0.0,0,0.04,LOW,NO ATTACK CAMPAIGN DETECTED,CONTINUE MONITORING
E000389,U001,,file_access,0.04,LOW,0,0.0,DATA_ACCESS,0,NONE,0.0,0.0,NONE,0.0,0.0,0.0,LOW,0.0,0,0.04,LOW,NO ATTACK CAMPAIGN DETECTED,CONTINUE MONITORING
E000253,U011,,file_access,0.04,LOW,0,0.0,DATA_ACCESS,0,NONE,0.0,0.0,NONE,0.0,0.0,0.0,LOW,0.0,0,0.04,LOW,NO ATTACK CAMPAIGN DETECTED,CONTINUE MONITORING
E000466,U014,,file_access,0.04,LOW,0,0.0,DATA_ACCESS,0,NONE,0.0,0.0,NONE,0.0,0.0,0.0,LOW,0.0,0,0.04,LOW,NO ATTACK CAMPAIGN DETECTED,CONTINUE MONITORING
E000727,U005,,file_access,0.04,LOW,0,0.0,DATA_ACCESS,0,NONE,0.0,0.0,NONE,0.0,0.0,0.0,LOW,0.0,0,0.04,LOW,NO ATTACK CAMPAIGN DETECTED,CONTINUE MONITORING
E000605,U004,,file_access,0.04,LOW,0,0.0,DATA_ACCESS,0,NONE,0.0,0.0,NONE,0.0,0.0,0.0,LOW,0.0,0,0.04,LOW,NO ATTACK CAMPAIGN DETECTED,CONTINUE MONITORING
E000222,U010,,file_access,0.04,LOW,0,0.0,DATA_ACCESS,0,NONE,0.0,0.0,NONE,0.0,0.0,0.0,LOW,0.0,0,0.04,LOW,NO ATTACK CAMPAIGN DETECTED,CONTINUE MONITORING
E000427,U010,,file_access,0.04,LOW,0,0.0,DATA_ACCESS,0,NONE,0.0,0.0,NONE,0.0,0.0,0.0,LOW,0.0,0,0.04,LOW,NO ATTACK CAMPAIGN DETECTED,CONTINUE MONITORING
E000223,U010,,file_access,0.04,LOW,0,0.0,DATA_ACCESS,0,NONE,0.0,0.0,NONE,0.0,0.0,0.0,LOW,0.0,0,0.04,LOW,NO ATTACK CAMPAIGN DETECTED,CONTINUE MONITORING
E000534,U004,,file_access,0.04,LOW,0,0.0,DATA_ACCESS,0,NONE,0.0,0.0,NONE,0.0,0.0,0.0,LOW,0.0,0,0.04,LOW,NO ATTACK CAMPAIGN DETECTED,CONTINUE MONITORING
E000710,U004,,file_access,0.04,LOW,0,0.0,DATA_ACCESS,0,NONE,0.0,0.0,NONE,0.0,0.0,0.0,LOW,0.0,0,0.04,LOW,NO ATTACK CAMPAIGN DETECTED,CONTINUE MONITORING
E000098,U004,,file_access,0.04,LOW,0,0.0,DATA_ACCESS,0,NONE,0.0,0.0,NONE,0.0,0.0,0.0,LOW,0.0,0,0.04,LOW,NO ATTACK CAMPAIGN DETECTED,CONTINUE MONITORING
E000502,U008,,file_access,0.04,LOW,0,0.0,DATA_ACCESS,0,NONE,0.0,0.0,NONE,0.0,0.0,0.0,LOW,0.0,0,0.04,LOW,NO ATTACK CAMPAIGN DETECTED,CONTINUE MONITORING
E000473,U007,,file_access,0.04,LOW,0,0.0,DATA_ACCESS,0,NONE,0.0,0.0,NONE,0.0,0.0,0.0,LOW,0.0,0,0.04,LOW,NO ATTACK CAMPAIGN DETECTED,CONTINUE MONITORING
E000041,U007,,file_access,0.04,LOW,0,0.0,DATA_ACCESS,0,NONE,0.0,0.0,NONE,0.0,0.0,0.0,LOW,0.0,0,0.04,LOW,NO ATTACK CAMPAIGN DETECTED,CONTINUE MONITORING
E000192,U007,,file_access,0.04,LOW,0,0.0,DATA_ACCESS,0,NONE,0.0,0.0,NONE,0.0,0.0,0.0,LOW,0.0,0,0.04,LOW,NO ATTACK CAMPAIGN DETECTED,CONTINUE MONITORING
E000129,U011,,file_access,0.04,LOW,0,0.0,DATA_ACCESS,0,NONE,0.0,0.0,NONE,0.0,0.0,0.0,LOW,0.0,0,0.04,LOW,NO ATTACK CAMPAIGN DETECTED,CONTINUE MONITORING
E000260,U001,,file_access,0.04,LOW,0,0.0,DATA_ACCESS,0,NONE,0.0,0.0,NONE,0.0,0.0,0.0,LOW,0.0,0,0.04,LOW,NO ATTACK CAMPAIGN DETECTED,CONTINUE MONITORING
E000355,U008,,file_access,0.04,LOW,0,0.0,DATA_ACCESS,0,NONE,0.0,0.0,NONE,0.0,0.0,0.0,LOW,0.0,0,0.04,LOW,NO ATTACK CAMPAIGN DETECTED,CONTINUE MONITORING
E000653,U008,,file_access,0.04,LOW,0,0.0,DATA_ACCESS,0,NONE,0.0,0.0,NONE,0.0,0.0,0.0,LOW,0.0,0,0.04,LOW,NO ATTACK CAMPAIGN DETECTED,CONTINUE MONITORING
E000415,U017,,file_access,0.04,LOW,0,0.0,DATA_ACCESS,0,NONE,0.0,0.0,NONE,0.0,0.0,0.0,LOW,0.0,0,0.04,LOW,NO ATTACK CAMPAIGN DETECTED,CONTINUE MONITORING
E000127,U017,,file_access,0.04,LOW,0,0.0,DATA_ACCESS,0,NONE,0.0,0.0,NONE,0.0,0.0,0.0,LOW,0.0,0,0.04,LOW,NO ATTACK CAMPAIGN DETECTED,CONTINUE MONITORING
E000551,U018,,file_access,0.04,LOW,0,0.0,DATA_ACCESS,0,NONE,0.0,0.0,NONE,0.0,0.0,0.0,LOW,0.0,0,0.04,LOW,NO ATTACK CAMPAIGN DETECTED,CONTINUE MONITORING
E000384,U002,,file_access,0.04,LOW,0,0.0,DATA_ACCESS,0,NONE,0.0,0.0,NONE,0.0,0.0,0.0,LOW,0.0,0,0.04,LOW,NO ATTACK CAMPAIGN DETECTED,CONTINUE MONITORING
E000043,U009,,file_access,0.04,LOW,0,0.0,DATA_ACCESS,0,NONE,0.0,0.0,NONE,0.0,0.0,0.0,LOW,0.0,0,0.04,LOW,NO ATTACK CAMPAIGN DETECTED,CONTINUE MONITORING
E000344,U009,,file_access,0.04,LOW,0,0.0,DATA_ACCESS,0,NONE,0.0,0.0,NONE,0.0,0.0,0.0,LOW,0.0,0,0.04,LOW,NO ATTACK CAMPAIGN DETECTED,CONTINUE MONITORING
E000686,U002,,file_access,0.04,LOW,0,0.0,DATA_ACCESS,0,NONE,0.0,0.0,NONE,0.0,0.0,0.0,LOW,0.0,0,0.04,LOW,NO ATTACK CAMPAIGN DETECTED,CONTINUE MONITORING
E000393,U002,,file_access,0.04,LOW,0,0.0,DATA_ACCESS,0,NONE,0.0,0.0,NONE,0.0,0.0,0.0,LOW,0.0,0,0.04,LOW,NO ATTACK CAMPAIGN DETECTED,CONTINUE MONITORING
E000469,U002,,transaction,0.04,LOW,0,0.0,IMPACT,0,NONE,0.0,0.0,NONE,0.0,0.0,0.0,LOW,0.0,0,0.04,LOW,NO ATTACK CAMPAIGN DETECTED,CONTINUE MONITORING
E000388,U002,,transaction,0.04,LOW,0,0.0,IMPACT,0,NONE,0.0,0.0,NONE,0.0,0.0,0.0,LOW,0.0,0,0.04,LOW,NO ATTACK CAMPAIGN DETECTED,CONTINUE MONITORING
E000421,U020,,file_access,0.04,LOW,0,0.0,DATA_ACCESS,0,NONE,0.0,0.0,NONE,0.0,0.0,0.0,LOW,0.0,0,0.04,LOW,NO ATTACK CAMPAIGN DETECTED,CONTINUE MONITORING
E000412,U009,,file_access,0.04,LOW,0,0.0,DATA_ACCESS,0,NONE,0.0,0.0,NONE,0.0,0.0,0.0,LOW,0.0,0,0.04,LOW,NO ATTACK CAMPAIGN DETECTED,CONTINUE MONITORING
E000555,U018,,file_access,0.04,LOW,0,0.0,DATA_ACCESS,0,NONE,0.0,0.0,NONE,0.0,0.0,0.0,LOW,0.0,0,0.04,LOW,NO ATTACK CAMPAIGN DETECTED,CONTINUE MONITORING
E000266,U017,,file_access,0.04,LOW,0,0.0,DATA_ACCESS,0,NONE,0.0,0.0,NONE,0.0,0.0,0.0,LOW,0.0,0,0.04,LOW,NO ATTACK CAMPAIGN DETECTED,CONTINUE MONITORING
E000055,U003,,file_access,0.04,LOW,0,0.0,DATA_ACCESS,0,NONE,0.0,0.0,NONE,0.0,0.0,0.0,LOW,0.0,0,0.04,LOW,NO ATTACK CAMPAIGN DETECTED,CONTINUE MONITORING
E000035,U016,,file_access,0.04,LOW,0,0.0,DATA_ACCESS,0,NONE,0.0,0.0,NONE,0.0,0.0,0.0,LOW,0.0,0,0.04,LOW,NO ATTACK CAMPAIGN DETECTED,CONTINUE MONITORING
E000610,U016,,file_access,0.04,LOW,0,0.0,DATA_ACCESS,0,NONE,0.0,0.0,NONE,0.0,0.0,0.0,LOW,0.0,0,0.04,LOW,NO ATTACK CAMPAIGN DETECTED,CONTINUE MONITORING
E000405,U016,,file_access,0.04,LOW,0,0.0,DATA_ACCESS,0,NONE,0.0,0.0,NONE,0.0,0.0,0.0,LOW,0.0,0,0.04,LOW,NO ATTACK CAMPAIGN DETECTED,CONTINUE MONITORING
E000286,U003,,file_access,0.04,LOW,0,0.0,DATA_ACCESS,0,NONE,0.0,0.0,NONE,0.0,0.0,0.0,LOW,0.0,0,0.04,LOW,NO ATTACK CAMPAIGN DETECTED,CONTINUE MONITORING
E000411,U018,,file_access,0.04,LOW,0,0.0,DATA_ACCESS,0,NONE,0.0,0.0,NONE,0.0,0.0,0.0,LOW,0.0,0,0.04,LOW,NO ATTACK CAMPAIGN DETECTED,CONTINUE MONITORING
E000705,U018,,file_access,0.04,LOW,0,0.0,DATA_ACCESS,0,NONE,0.0,0.0,NONE,0.0,0.0,0.0,LOW,0.0,0,0.04,LOW,NO ATTACK CAMPAIGN DETECTED,CONTINUE MONITORING
E000144,U008,,file_access,0.04,LOW,0,0.0,DATA_ACCESS,0,NONE,0.0,0.0,NONE,0.0,0.0,0.0,LOW,0.0,0,0.04,LOW,NO ATTACK CAMPAIGN DETECTED,CONTINUE MONITORING
E000209,U003,,file_access,0.04,LOW,0,0.0,DATA_ACCESS,0,NONE,0.0,0.0,NONE,0.0,0.0,0.0,LOW,0.0,0,0.04,LOW,NO ATTACK CAMPAIGN DETECTED,CONTINUE MONITORING
E000057,U003,,file_access,0.04,LOW,0,0.0,DATA_ACCESS,0,NONE,0.0,0.0,NONE,0.0,0.0,0.0,LOW,0.0,0,0.04,LOW,NO ATTACK CAMPAIGN DETECTED,CONTINUE MONITORING
E000478,U011,,file_access,0.0,LOW,0,0.0,DATA_ACCESS,0,NONE,0.0,0.0,NONE,0.0,0.0,0.0,LOW,0.0,0,0.0,LOW,NO ATTACK CAMPAIGN DETECTED,CONTINUE MONITORING
E000482,U007,,file_access,0.0,LOW,0,0.0,DATA_ACCESS,0,NONE,0.0,0.0,NONE,0.0,0.0,0.0,LOW,0.0,0,0.0,LOW,NO ATTACK CAMPAIGN DETECTED,CONTINUE MONITORING
E000470,U007,,login,0.0,LOW,0,0.0,INITIAL_ACCESS,0,NONE,0.0,0.0,NONE,0.0,0.0,0.0,LOW,0.0,0,0.0,LOW,NO ATTACK CAMPAIGN DETECTED,CONTINUE MONITORING
E000036,U007,,file_access,0.0,LOW,0,0.0,DATA_ACCESS,0,NONE,0.0,0.0,NONE,0.0,0.0,0.0,LOW,0.0,0,0.0,LOW,NO ATTACK CAMPAIGN DETECTED,CONTINUE MONITORING
E000029,U007,,login,0.0,LOW,0,0.0,INITIAL_ACCESS,0,NONE,0.0,0.0,NONE,0.0,0.0,0.0,LOW,0.0,0,0.0,LOW,NO ATTACK CAMPAIGN DETECTED,CONTINUE MONITORING
E000542,U001,,file_access,0.0,LOW,0,0.0,DATA_ACCESS,0,NONE,0.0,0.0,NONE,0.0,0.0,0.0,LOW,0.0,0,0.0,LOW,NO ATTACK CAMPAIGN DETECTED,CONTINUE MONITORING
E000436,U010,,transaction,0.0,LOW,0,0.0,IMPACT,0,NONE,0.0,0.0,NONE,0.0,0.0,0.0,LOW,0.0,0,0.0,LOW,NO ATTACK CAMPAIGN DETECTED,CONTINUE MONITORING
E000540,U014,,login,0.0,LOW,0,0.0,INITIAL_ACCESS,0,NONE,0.0,0.0,NONE,0.0,0.0,0.0,LOW,0.0,0,0.0,LOW,NO ATTACK CAMPAIGN DETECTED,CONTINUE MONITORING
E000623,U014,,login,0.0,LOW,0,0.0,INITIAL_ACCESS,0,NONE,0.0,0.0,NONE,0.0,0.0,0.0,LOW,0.0,0,0.0,LOW,NO ATTACK CAMPAIGN DETECTED,CONTINUE MONITORING
E000026,U014,,login,0.0,LOW,0,0.0,INITIAL_ACCESS,0,NONE,0.0,0.0,NONE,0.0,0.0,0.0,LOW,0.0,0,0.0,LOW,NO ATTACK CAMPAIGN DETECTED,CONTINUE MONITORING
E000715,U014,,transaction,0.0,LOW,0,0.0,IMPACT,0,NONE,0.0,0.0,NONE,0.0,0.0,0.0,LOW,0.0,0,0.0,LOW,NO ATTACK CAMPAIGN DETECTED,CONTINUE MONITORING
E000639,U014,,file_access,0.0,LOW,0,0.0,DATA_ACCESS,0,NONE,0.0,0.0,NONE,0.0,0.0,0.0,LOW,0.0,0,0.0,LOW,NO ATTACK CAMPAIGN DETECTED,CONTINUE MONITORING
E000695,U014,,login,0.0,LOW,0,0.0,INITIAL_ACCESS,0,NONE,0.0,0.0,NONE,0.0,0.0,0.0,LOW,0.0,0,0.0,LOW,NO ATTACK CAMPAIGN DETECTED,CONTINUE MONITORING
E000712,U014,,file_access,0.0,LOW,0,0.0,DATA_ACCESS,0,NONE,0.0,0.0,NONE,0.0,0.0,0.0,LOW,0.0,0,0.0,LOW,NO ATTACK CAMPAIGN DETECTED,CONTINUE MONITORING
E000431,U005,,transaction,0.0,LOW,0,0.0,IMPACT,0,NONE,0.0,0.0,NONE,0.0,0.0,0.0,LOW,0.0,0,0.0,LOW,NO ATTACK CAMPAIGN DETECTED,CONTINUE MONITORING
E000354,U005,,file_access,0.0,LOW,0,0.0,DATA_ACCESS,0,NONE,0.0,0.0,NONE,0.0,0.0,0.0,LOW,0.0,0,0.0,LOW,NO ATTACK CAMPAIGN DETECTED,CONTINUE MONITORING
E000651,U005,,file_access,0.0,LOW,0,0.0,DATA_ACCESS,0,NONE,0.0,0.0,NONE,0.0,0.0,0.0,LOW,0.0,0,0.0,LOW,NO ATTACK CAMPAIGN DETECTED,CONTINUE MONITORING
E000219,U005,,file_access,0.0,LOW,0,0.0,DATA_ACCESS,0,NONE,0.0,0.0,NONE,0.0,0.0,0.0,LOW,0.0,0,0.0,LOW,NO ATTACK CAMPAIGN DETECTED,CONTINUE MONITORING
E000281,U005,,file_access,0.0,LOW,0,0.0,DATA_ACCESS,0,NONE,0.0,0.0,NONE,0.0,0.0,0.0,LOW,0.0,0,0.0,LOW,NO ATTACK CAMPAIGN DETECTED,CONTINUE MONITORING
E000279,U008,,login,0.0,LOW,0,0.0,INITIAL_ACCESS,0,NONE,0.0,0.0,NONE,0.0,0.0,0.0,LOW,0.0,0,0.0,LOW,NO ATTACK CAMPAIGN DETECTED,CONTINUE MONITORING
E000382,U011,,login,0.0,LOW,0,0.0,INITIAL_ACCESS,0,NONE,0.0,0.0,NONE,0.0,0.0,0.0,LOW,0.0,0,0.0,LOW,NO ATTACK CAMPAIGN DETECTED,CONTINUE MONITORING
E000471,U011,,login,0.0,LOW,0,0.0,INITIAL_ACCESS,0,NONE,0.0,0.0,NONE,0.0,0.0,0.0,LOW,0.0,0,0.0,LOW,NO ATTACK CAMPAIGN DETECTED,CONTINUE MONITORING
E000611,U007,,login,0.0,LOW,0,0.0,INITIAL_ACCESS,0,NONE,0.0,0.0,NONE,0.0,0.0,0.0,LOW,0.0,0,0.0,LOW,NO ATTACK CAMPAIGN DETECTED,CONTINUE MONITORING
E000632,U007,,file_access,0.0,LOW,0,0.0,DATA_ACCESS,0,NONE,0.0,0.0,NONE,0.0,0.0,0.0,LOW,0.0,0,0.0,LOW,NO ATTACK CAMPAIGN DETECTED,CONTINUE MONITORING
E000708,U007,,file_access,0.0,LOW,0,0.0,DATA_ACCESS,0,NONE,0.0,0.0,NONE,0.0,0.0,0.0,LOW,0.0,0,0.0,LOW,NO ATTACK CAMPAIGN DETECTED,CONTINUE MONITORING
E000693,U007,,login,0.0,LOW,0,0.0,INITIAL_ACCESS,0,NONE,0.0,0.0,NONE,0.0,0.0,0.0,LOW,0.0,0,0.0,LOW,NO ATTACK CAMPAIGN DETECTED,CONTINUE MONITORING
E000252,U007,,login,0.0,LOW,0,0.0,INITIAL_ACCESS,0,NONE,0.0,0.0,NONE,0.0,0.0,0.0,LOW,0.0,0,0.0,LOW,NO ATTACK CAMPAIGN DETECTED,CONTINUE MONITORING
E000069,U005,,transaction,0.0,LOW,0,0.0,IMPACT,0,NONE,0.0,0.0,NONE,0.0,0.0,0.0,LOW,0.0,0,0.0,LOW,NO ATTACK CAMPAIGN DETECTED,CONTINUE MONITORING
E000064,U005,,file_access,0.0,LOW,0,0.0,DATA_ACCESS,0,NONE,0.0,0.0,NONE,0.0,0.0,0.0,LOW,0.0,0,0.0,LOW,NO ATTACK CAMPAIGN DETECTED,CONTINUE MONITORING
E000102,U014,,login,0.0,LOW,0,0.0,INITIAL_ACCESS,0,NONE,0.0,0.0,NONE,0.0,0.0,0.0,LOW,0.0,0,0.0,LOW,NO ATTACK CAMPAIGN DETECTED,CONTINUE MONITORING
E000256,U014,,login,0.0,LOW,0,0.0,INITIAL_ACCESS,0,NONE,0.0,0.0,NONE,0.0,0.0,0.0,LOW,0.0,0,0.0,LOW,NO ATTACK CAMPAIGN DETECTED,CONTINUE MONITORING
E000206,U008,,file_access,0.0,LOW,0,0.0,DATA_ACCESS,0,NONE,0.0,0.0,NONE,0.0,0.0,0.0,LOW,0.0,0,0.0,LOW,NO ATTACK CAMPAIGN DETECTED,CONTINUE MONITORING
E000724,U008,,file_access,0.0,LOW,0,0.0,DATA_ACCESS,0,NONE,0.0,0.0,NONE,0.0,0.0,0.0,LOW,0.0,0,0.0,LOW,NO ATTACK CAMPAIGN DETECTED,CONTINUE MONITORING
E000103,U007,,login,0.0,LOW,0,0.0,INITIAL_ACCESS,0,NONE,0.0,0.0,NONE,0.0,0.0,0.0,LOW,0.0,0,0.0,LOW,NO ATTACK CAMPAIGN DETECTED,CONTINUE MONITORING
E000185,U007,,login,0.0,LOW,0,0.0,INITIAL_ACCESS,0,NONE,0.0,0.0,NONE,0.0,0.0,0.0,LOW,0.0,0,0.0,LOW,NO ATTACK CAMPAIGN DETECTED,CONTINUE MONITORING
E000132,U007,,transaction,0.0,LOW,0,0.0,IMPACT,0,NONE,0.0,0.0,NONE,0.0,0.0,0.0,LOW,0.0,0,0.0,LOW,NO ATTACK CAMPAIGN DETECTED,CONTINUE MONITORING
E000538,U007,,file_access,0.0,LOW,0,0.0,DATA_ACCESS,0,NONE,0.0,0.0,NONE,0.0,0.0,0.0,LOW,0.0,0,0.0,LOW,NO ATTACK CAMPAIGN DETECTED,CONTINUE MONITORING
E000320,U011,,file_access,0.0,LOW,0,0.0,DATA_ACCESS,0,NONE,0.0,0.0,NONE,0.0,0.0,0.0,LOW,0.0,0,0.0,LOW,NO ATTACK CAMPAIGN DETECTED,CONTINUE MONITORING
E000249,U004,,file_access,0.0,LOW,0,0.0,DATA_ACCESS,0,NONE,0.0,0.0,NONE,0.0,0.0,0.0,LOW,0.0,0,0.0,LOW,NO ATTACK CAMPAIGN DETECTED,CONTINUE MONITORING
E000247,U004,,login,0.0,LOW,0,0.0,INITIAL_ACCESS,0,NONE,0.0,0.0,NONE,0.0,0.0,0.0,LOW,0.0,0,0.0,LOW,NO ATTACK CAMPAIGN DETECTED,CONTINUE MONITORING
E000417,U014,,file_access,0.0,LOW,0,0.0,DATA_ACCESS,0,NONE,0.0,0.0,NONE,0.0,0.0,0.0,LOW,0.0,0,0.0,LOW,NO ATTACK CAMPAIGN DETECTED,CONTINUE MONITORING
E000394,U014,,login,0.0,LOW,0,0.0,INITIAL_ACCESS,0,NONE,0.0,0.0,NONE,0.0,0.0,0.0,LOW,0.0,0,0.0,LOW,NO ATTACK CAMPAIGN DETECTED,CONTINUE MONITORING
E000336,U014,,file_access,0.0,LOW,0,0.0,DATA_ACCESS,0,NONE,0.0,0.0,NONE,0.0,0.0,0.0,LOW,0.0,0,0.0,LOW,NO ATTACK CAMPAIGN DETECTED,CONTINUE MONITORING
E000396,U007,,file_access,0.0,LOW,0,0.0,DATA_ACCESS,0,NONE,0.0,0.0,NONE,0.0,0.0,0.0,LOW,0.0,0,0.0,LOW,NO ATTACK CAMPAIGN DETECTED,CONTINUE MONITORING
E000324,U007,,file_access,0.0,LOW,0,0.0,DATA_ACCESS,0,NONE,0.0,0.0,NONE,0.0,0.0,0.0,LOW,0.0,0,0.0,LOW,NO ATTACK CAMPAIGN DETECTED,CONTINUE MONITORING
E000322,U007,,login,0.0,LOW,0,0.0,INITIAL_ACCESS,0,NONE,0.0,0.0,NONE,0.0,0.0,0.0,LOW,0.0,0,0.0,LOW,NO ATTACK CAMPAIGN DETECTED,CONTINUE MONITORING
E000567,U005,,file_access,0.0,LOW,0,0.0,DATA_ACCESS,0,NONE,0.0,0.0,NONE,0.0,0.0,0.0,LOW,0.0,0,0.0,LOW,NO ATTACK CAMPAIGN DETECTED,CONTINUE MONITORING
E000577,U005,,file_access,0.0,LOW,0,0.0,DATA_ACCESS,0,NONE,0.0,0.0,NONE,0.0,0.0,0.0,LOW,0.0,0,0.0,LOW,NO ATTACK CAMPAIGN DETECTED,CONTINUE MONITORING
E000631,U011,,file_access,0.0,LOW,0,0.0,DATA_ACCESS,0,NONE,0.0,0.0,NONE,0.0,0.0,0.0,LOW,0.0,0,0.0,LOW,NO ATTACK CAMPAIGN DETECTED,CONTINUE MONITORING
E000689,U011,,login,0.0,LOW,0,0.0,INITIAL_ACCESS,0,NONE,0.0,0.0,NONE,0.0,0.0,0.0,LOW,0.0,0,0.0,LOW,NO ATTACK CAMPAIGN DETECTED,CONTINUE MONITORING
E000110,U011,,login,0.0,LOW,0,0.0,INITIAL_ACCESS,0,NONE,0.0,0.0,NONE,0.0,0.0,0.0,LOW,0.0,0,0.0,LOW,NO ATTACK CAMPAIGN DETECTED,CONTINUE MONITORING
E000713,U011,,file_access,0.0,LOW,0,0.0,DATA_ACCESS,0,NONE,0.0,0.0,NONE,0.0,0.0,0.0,LOW,0.0,0,0.0,LOW,NO ATTACK CAMPAIGN DETECTED,CONTINUE MONITORING
E000179,U011,,file_access,0.0,LOW,0,0.0,DATA_ACCESS,0,NONE,0.0,0.0,NONE,0.0,0.0,0.0,LOW,0.0,0,0.0,LOW,NO ATTACK CAMPAIGN DETECTED,CONTINUE MONITORING
E000500,U005,,file_access,0.0,LOW,0,0.0,DATA_ACCESS,0,NONE,0.0,0.0,NONE,0.0,0.0,0.0,LOW,0.0,0,0.0,LOW,NO ATTACK CAMPAIGN DETECTED,CONTINUE MONITORING
E000346,U005,,file_access,0.0,LOW,0,0.0,DATA_ACCESS,0,NONE,0.0,0.0,NONE,0.0,0.0,0.0,LOW,0.0,0,0.0,LOW,NO ATTACK CAMPAIGN DETECTED,CONTINUE MONITORING
E000729,U005,,transaction,0.0,LOW,0,0.0,IMPACT,0,NONE,0.0,0.0,NONE,0.0,0.0,0.0,LOW,0.0,0,0.0,LOW,NO ATTACK CAMPAIGN DETECTED,CONTINUE MONITORING
E000725,U005,,file_access,0.0,LOW,0,0.0,DATA_ACCESS,0,NONE,0.0,0.0,NONE,0.0,0.0,0.0,LOW,0.0,0,0.0,LOW,NO ATTACK CAMPAIGN DETECTED,CONTINUE MONITORING
E000121,U001,,file_access,0.0,LOW,0,0.0,DATA_ACCESS,0,NONE,0.0,0.0,NONE,0.0,0.0,0.0,LOW,0.0,0,0.0,LOW,NO ATTACK CAMPAIGN DETECTED,CONTINUE MONITORING
E000177,U001,,login,0.0,LOW,0,0.0,INITIAL_ACCESS,0,NONE,0.0,0.0,NONE,0.0,0.0,0.0,LOW,0.0,0,0.0,LOW,NO ATTACK CAMPAIGN DETECTED,CONTINUE MONITORING
E000533,U001,,login,0.0,LOW,0,0.0,INITIAL_ACCESS,0,NONE,0.0,0.0,NONE,0.0,0.0,0.0,LOW,0.0,0,0.0,LOW,NO ATTACK CAMPAIGN DETECTED,CONTINUE MONITORING
E000018,U001,,login,0.0,LOW,0,0.0,INITIAL_ACCESS,0,NONE,0.0,0.0,NONE,0.0,0.0,0.0,LOW,0.0,0,0.0,LOW,NO ATTACK CAMPAIGN DETECTED,CONTINUE MONITORING
E000100,U001,,login,0.0,LOW,0,0.0,INITIAL_ACCESS,0,NONE,0.0,0.0,NONE,0.0,0.0,0.0,LOW,0.0,0,0.0,LOW,NO ATTACK CAMPAIGN DETECTED,CONTINUE MONITORING
E000613,U001,,file_access,0.0,LOW,0,0.0,DATA_ACCESS,0,NONE,0.0,0.0,NONE,0.0,0.0,0.0,LOW,0.0,0,0.0,LOW,NO ATTACK CAMPAIGN DETECTED,CONTINUE MONITORING
E000218,U020,,file_access,0.0,LOW,0,0.0,DATA_ACCESS,0,NONE,0.0,0.0,NONE,0.0,0.0,0.0,LOW,0.0,0,0.0,LOW,NO ATTACK CAMPAIGN DETECTED,CONTINUE MONITORING
E000730,U020,,file_access,0.0,LOW,0,0.0,DATA_ACCESS,0,NONE,0.0,0.0,NONE,0.0,0.0,0.0,LOW,0.0,0,0.0,LOW,NO ATTACK CAMPAIGN DETECTED,CONTINUE MONITORING
E000646,U020,,login,0.0,LOW,0,0.0,INITIAL_ACCESS,0,NONE,0.0,0.0,NONE,0.0,0.0,0.0,LOW,0.0,0,0.0,LOW,NO ATTACK CAMPAIGN DETECTED,CONTINUE MONITORING
E000564,U020,,file_access,0.0,LOW,0,0.0,DATA_ACCESS,0,NONE,0.0,0.0,NONE,0.0,0.0,0.0,LOW,0.0,0,0.0,LOW,NO ATTACK CAMPAIGN DETECTED,CONTINUE MONITORING
E000722,U020,,login,0.0,LOW,0,0.0,INITIAL_ACCESS,0,NONE,0.0,0.0,NONE,0.0,0.0,0.0,LOW,0.0,0,0.0,LOW,NO ATTACK CAMPAIGN DETECTED,CONTINUE MONITORING
E000655,U020,,file_access,0.0,LOW,0,0.0,DATA_ACCESS,0,NONE,0.0,0.0,NONE,0.0,0.0,0.0,LOW,0.0,0,0.0,LOW,NO ATTACK CAMPAIGN DETECTED,CONTINUE MONITORING
E000496,U020,,login,0.0,LOW,0,0.0,INITIAL_ACCESS,0,NONE,0.0,0.0,NONE,0.0,0.0,0.0,LOW,0.0,0,0.0,LOW,NO ATTACK CAMPAIGN DETECTED,CONTINUE MONITORING
E000359,U010,,file_access,0.0,LOW,0,0.0,DATA_ACCESS,0,NONE,0.0,0.0,NONE,0.0,0.0,0.0,LOW,0.0,0,0.0,LOW,NO ATTACK CAMPAIGN DETECTED,CONTINUE MONITORING
E000295,U010,,transaction,0.0,LOW,0,0.0,IMPACT,0,NONE,0.0,0.0,NONE,0.0,0.0,0.0,LOW,0.0,0,0.0,LOW,NO ATTACK CAMPAIGN DETECTED,CONTINUE MONITORING
E000288,U010,,file_access,0.0,LOW,0,0.0,DATA_ACCESS,0,NONE,0.0,0.0,NONE,0.0,0.0,0.0,LOW,0.0,0,0.0,LOW,NO ATTACK CAMPAIGN DETECTED,CONTINUE MONITORING
E000224,U010,,transaction,0.0,LOW,0,0.0,IMPACT,0,NONE,0.0,0.0,NONE,0.0,0.0,0.0,LOW,0.0,0,0.0,LOW,NO ATTACK CAMPAIGN DETECTED,CONTINUE MONITORING
E000062,U010,,file_access,0.0,LOW,0,0.0,DATA_ACCESS,0,NONE,0.0,0.0,NONE,0.0,0.0,0.0,LOW,0.0,0,0.0,LOW,NO ATTACK CAMPAIGN DETECTED,CONTINUE MONITORING
E000565,U010,,file_access,0.0,LOW,0,0.0,DATA_ACCESS,0,NONE,0.0,0.0,NONE,0.0,0.0,0.0,LOW,0.0,0,0.0,LOW,NO ATTACK CAMPAIGN DETECTED,CONTINUE MONITORING
E000498,U010,,file_access,0.0,LOW,0,0.0,DATA_ACCESS,0,NONE,0.0,0.0,NONE,0.0,0.0,0.0,LOW,0.0,0,0.0,LOW,NO ATTACK CAMPAIGN DETECTED,CONTINUE MONITORING
E000220,U010,,file_access,0.0,LOW,0,0.0,DATA_ACCESS,0,NONE,0.0,0.0,NONE,0.0,0.0,0.0,LOW,0.0,0,0.0,LOW,NO ATTACK CAMPAIGN DETECTED,CONTINUE MONITORING
E000068,U010,,file_access,0.0,LOW,0,0.0,DATA_ACCESS,0,NONE,0.0,0.0,NONE,0.0,0.0,0.0,LOW,0.0,0,0.0,LOW,NO ATTACK CAMPAIGN DETECTED,CONTINUE MONITORING
E000733,U010,,file_access,0.0,LOW,0,0.0,DATA_ACCESS,0,NONE,0.0,0.0,NONE,0.0,0.0,0.0,LOW,0.0,0,0.0,LOW,NO ATTACK CAMPAIGN DETECTED,CONTINUE MONITORING
E000425,U003,,file_access,0.0,LOW,0,0.0,DATA_ACCESS,0,NONE,0.0,0.0,NONE,0.0,0.0,0.0,LOW,0.0,0,0.0,LOW,NO ATTACK CAMPAIGN DETECTED,CONTINUE MONITORING
E000430,U003,,file_access,0.0,LOW,0,0.0,DATA_ACCESS,0,NONE,0.0,0.0,NONE,0.0,0.0,0.0,LOW,0.0,0,0.0,LOW,NO ATTACK CAMPAIGN DETECTED,CONTINUE MONITORING
E000357,U003,,file_access,0.0,LOW,0,0.0,DATA_ACCESS,0,NONE,0.0,0.0,NONE,0.0,0.0,0.0,LOW,0.0,0,0.0,LOW,NO ATTACK CAMPAIGN DETECTED,CONTINUE MONITORING
E000181,U004,,file_access,0.0,LOW,0,0.0,DATA_ACCESS,0,NONE,0.0,0.0,NONE,0.0,0.0,0.0,LOW,0.0,0,0.0,LOW,NO ATTACK CAMPAIGN DETECTED,CONTINUE MONITORING
E000184,U004,,file_access,0.0,LOW,0,0.0,DATA_ACCESS,0,NONE,0.0,0.0,NONE,0.0,0.0,0.0,LOW,0.0,0,0.0,LOW,NO ATTACK CAMPAIGN DETECTED,CONTINUE MONITORING
E000352,U003,,file_access,0.0,LOW,0,0.0,DATA_ACCESS,0,NONE,0.0,0.0,NONE,0.0,0.0,0.0,LOW,0.0,0,0.0,LOW,NO ATTACK CAMPAIGN DETECTED,CONTINUE MONITORING
E000616,U004,,file_access,0.0,LOW,0,0.0,DATA_ACCESS,0,NONE,0.0,0.0,NONE,0.0,0.0,0.0,LOW,0.0,0,0.0,LOW,NO ATTACK CAMPAIGN DETECTED,CONTINUE MONITORING
E000317,U004,,login,0.0,LOW,0,0.0,INITIAL_ACCESS,0,NONE,0.0,0.0,NONE,0.0,0.0,0.0,LOW,0.0,0,0.0,LOW,NO ATTACK CAMPAIGN DETECTED,CONTINUE MONITORING
E000472,U004,,file_access,0.0,LOW,0,0.0,DATA_ACCESS,0,NONE,0.0,0.0,NONE,0.0,0.0,0.0,LOW,0.0,0,0.0,LOW,NO ATTACK CAMPAIGN DETECTED,CONTINUE MONITORING
E000180,U004,,file_access,0.0,LOW,0,0.0,DATA_ACCESS,0,NONE,0.0,0.0,NONE,0.0,0.0,0.0,LOW,0.0,0,0.0,LOW,NO ATTACK CAMPAIGN DETECTED,CONTINUE MONITORING
E000096,U004,,login,0.0,LOW,0,0.0,INITIAL_ACCESS,0,NONE,0.0,0.0,NONE,0.0,0.0,0.0,LOW,0.0,0,0.0,LOW,NO ATTACK CAMPAIGN DETECTED,CONTINUE MONITORING
E000042,U004,,file_access,0.0,LOW,0,0.0,DATA_ACCESS,0,NONE,0.0,0.0,NONE,0.0,0.0,0.0,LOW,0.0,0,0.0,LOW,NO ATTACK CAMPAIGN DETECTED,CONTINUE MONITORING
E000112,U004,,file_access,0.0,LOW,0,0.0,DATA_ACCESS,0,NONE,0.0,0.0,NONE,0.0,0.0,0.0,LOW,0.0,0,0.0,LOW,NO ATTACK CAMPAIGN DETECTED,CONTINUE MONITORING
E000530,U004,,file_access,0.0,LOW,0,0.0,DATA_ACCESS,0,NONE,0.0,0.0,NONE,0.0,0.0,0.0,LOW,0.0,0,0.0,LOW,NO ATTACK CAMPAIGN DETECTED,CONTINUE MONITORING
E000021,U004,,login,0.0,LOW,0,0.0,INITIAL_ACCESS,0,NONE,0.0,0.0,NONE,0.0,0.0,0.0,LOW,0.0,0,0.0,LOW,NO ATTACK CAMPAIGN DETECTED,CONTINUE MONITORING
E000264,U014,,file_access,0.0,LOW,0,0.0,DATA_ACCESS,0,NONE,0.0,0.0,NONE,0.0,0.0,0.0,LOW,0.0,0,0.0,LOW,NO ATTACK CAMPAIGN DETECTED,CONTINUE MONITORING
E000330,U014,,login,0.0,LOW,0,0.0,INITIAL_ACCESS,0,NONE,0.0,0.0,NONE,0.0,0.0,0.0,LOW,0.0,0,0.0,LOW,NO ATTACK CAMPAIGN DETECTED,CONTINUE MONITORING
E000124,U016,,file_access,0.0,LOW,0,0.0,DATA_ACCESS,0,NONE,0.0,0.0,NONE,0.0,0.0,0.0,LOW,0.0,0,0.0,LOW,NO ATTACK CAMPAIGN DETECTED,CONTINUE MONITORING
E000554,U016,,file_access,0.0,LOW,0,0.0,DATA_ACCESS,0,NONE,0.0,0.0,NONE,0.0,0.0,0.0,LOW,0.0,0,0.0,LOW,NO ATTACK CAMPAIGN DETECTED,CONTINUE MONITORING
E000692,U016,,file_access,0.0,LOW,0,0.0,DATA_ACCESS,0,NONE,0.0,0.0,NONE,0.0,0.0,0.0,LOW,0.0,0,0.0,LOW,NO ATTACK CAMPAIGN DETECTED,CONTINUE MONITORING
E000257,U016,,login,0.0,LOW,0,0.0,INITIAL_ACCESS,0,NONE,0.0,0.0,NONE,0.0,0.0,0.0,LOW,0.0,0,0.0,LOW,NO ATTACK CAMPAIGN DETECTED,CONTINUE MONITORING
E000028,U016,,file_access,0.0,LOW,0,0.0,DATA_ACCESS,0,NONE,0.0,0.0,NONE,0.0,0.0,0.0,LOW,0.0,0,0.0,LOW,NO ATTACK CAMPAIGN DETECTED,CONTINUE MONITORING
E000143,U008,,file_access,0.0,LOW,0,0.0,DATA_ACCESS,0,NONE,0.0,0.0,NONE,0.0,0.0,0.0,LOW,0.0,0,0.0,LOW,NO ATTACK CAMPAIGN DETECTED,CONTINUE MONITORING
E000348,U008,,login,0.0,LOW,0,0.0,INITIAL_ACCESS,0,NONE,0.0,0.0,NONE,0.0,0.0,0.0,LOW,0.0,0,0.0,LOW,NO ATTACK CAMPAIGN DETECTED,CONTINUE MONITORING
E000059,U008,,file_access,0.0,LOW,0,0.0,DATA_ACCESS,0,NONE,0.0,0.0,NONE,0.0,0.0,0.0,LOW,0.0,0,0.0,LOW,NO ATTACK CAMPAIGN DETECTED,CONTINUE MONITORING
E000136,U008,,file_access,0.0,LOW,0,0.0,DATA_ACCESS,0,NONE,0.0,0.0,NONE,0.0,0.0,0.0,LOW,0.0,0,0.0,LOW,NO ATTACK CAMPAIGN DETECTED,CONTINUE MONITORING
E000056,U008,,login,0.0,LOW,0,0.0,INITIAL_ACCESS,0,NONE,0.0,0.0,NONE,0.0,0.0,0.0,LOW,0.0,0,0.0,LOW,NO ATTACK CAMPAIGN DETECTED,CONTINUE MONITORING
E000561,U008,,login,0.0,LOW,0,0.0,INITIAL_ACCESS,0,NONE,0.0,0.0,NONE,0.0,0.0,0.0,LOW,0.0,0,0.0,LOW,NO ATTACK CAMPAIGN DETECTED,CONTINUE MONITORING
E000428,U008,,login,0.0,LOW,0,0.0,INITIAL_ACCESS,0,NONE,0.0,0.0,NONE,0.0,0.0,0.0,LOW,0.0,0,0.0,LOW,NO ATTACK CAMPAIGN DETECTED,CONTINUE MONITORING
E000493,U008,,login,0.0,LOW,0,0.0,INITIAL_ACCESS,0,NONE,0.0,0.0,NONE,0.0,0.0,0.0,LOW,0.0,0,0.0,LOW,NO ATTACK CAMPAIGN DETECTED,CONTINUE MONITORING
E000484,U016,,file_access,0.0,LOW,0,0.0,DATA_ACCESS,0,NONE,0.0,0.0,NONE,0.0,0.0,0.0,LOW,0.0,0,0.0,LOW,NO ATTACK CAMPAIGN DETECTED,CONTINUE MONITORING
E000612,U009,,login,0.0,LOW,0,0.0,INITIAL_ACCESS,0,NONE,0.0,0.0,NONE,0.0,0.0,0.0,LOW,0.0,0,0.0,LOW,NO ATTACK CAMPAIGN DETECTED,CONTINUE MONITORING
E000685,U009,,file_access,0.0,LOW,0,0.0,DATA_ACCESS,0,NONE,0.0,0.0,NONE,0.0,0.0,0.0,LOW,0.0,0,0.0,LOW,NO ATTACK CAMPAIGN DETECTED,CONTINUE MONITORING
E000628,U009,,file_access,0.0,LOW,0,0.0,DATA_ACCESS,0,NONE,0.0,0.0,NONE,0.0,0.0,0.0,LOW,0.0,0,0.0,LOW,NO ATTACK CAMPAIGN DETECTED,CONTINUE MONITORING
E000034,U017,,file_access,0.0,LOW,0,0.0,DATA_ACCESS,0,NONE,0.0,0.0,NONE,0.0,0.0,0.0,LOW,0.0,0,0.0,LOW,NO ATTACK CAMPAIGN DETECTED,CONTINUE MONITORING
E000340,U009,,transaction,0.0,LOW,0,0.0,IMPACT,0,NONE,0.0,0.0,NONE,0.0,0.0,0.0,LOW,0.0,0,0.0,LOW,NO ATTACK CAMPAIGN DETECTED,CONTINUE MONITORING
E000467,U009,,login,0.0,LOW,0,0.0,INITIAL_ACCESS,0,NONE,0.0,0.0,NONE,0.0,0.0,0.0,LOW,0.0,0,0.0,LOW,NO ATTACK CAMPAIGN DETECTED,CONTINUE MONITORING
E000541,U009,,file_access,0.0,LOW,0,0.0,DATA_ACCESS,0,NONE,0.0,0.0,NONE,0.0,0.0,0.0,LOW,0.0,0,0.0,LOW,NO ATTACK CAMPAIGN DETECTED,CONTINUE MONITORING
E000274,U017,,file_access,0.0,LOW,0,0.0,DATA_ACCESS,0,NONE,0.0,0.0,NONE,0.0,0.0,0.0,LOW,0.0,0,0.0,LOW,NO ATTACK CAMPAIGN DETECTED,CONTINUE MONITORING
E000262,U017,,login,0.0,LOW,0,0.0,INITIAL_ACCESS,0,NONE,0.0,0.0,NONE,0.0,0.0,0.0,LOW,0.0,0,0.0,LOW,NO ATTACK CAMPAIGN DETECTED,CONTINUE MONITORING
E000202,U017,,file_access,0.0,LOW,0,0.0,DATA_ACCESS,0,NONE,0.0,0.0,NONE,0.0,0.0,0.0,LOW,0.0,0,0.0,LOW,NO ATTACK CAMPAIGN DETECTED,CONTINUE MONITORING
E000194,U017,,file_access,0.0,LOW,0,0.0,DATA_ACCESS,0,NONE,0.0,0.0,NONE,0.0,0.0,0.0,LOW,0.0,0,0.0,LOW,NO ATTACK CAMPAIGN DETECTED,CONTINUE MONITORING
E000125,U017,,file_access,0.0,LOW,0,0.0,DATA_ACCESS,0,NONE,0.0,0.0,NONE,0.0,0.0,0.0,LOW,0.0,0,0.0,LOW,NO ATTACK CAMPAIGN DETECTED,CONTINUE MONITORING
E000328,U017,,login,0.0,LOW,0,0.0,INITIAL_ACCESS,0,NONE,0.0,0.0,NONE,0.0,0.0,0.0,LOW,0.0,0,0.0,LOW,NO ATTACK CAMPAIGN DETECTED,CONTINUE MONITORING
E000468,U017,,file_access,0.0,LOW,0,0.0,DATA_ACCESS,0,NONE,0.0,0.0,NONE,0.0,0.0,0.0,LOW,0.0,0,0.0,LOW,NO ATTACK CAMPAIGN DETECTED,CONTINUE MONITORING
E000188,U016,,file_access,0.0,LOW,0,0.0,DATA_ACCESS,0,NONE,0.0,0.0,NONE,0.0,0.0,0.0,LOW,0.0,0,0.0,LOW,NO ATTACK CAMPAIGN DETECTED,CONTINUE MONITORING
E000101,U016,,login,0.0,LOW,0,0.0,INITIAL_ACCESS,0,NONE,0.0,0.0,NONE,0.0,0.0,0.0,LOW,0.0,0,0.0,LOW,NO ATTACK CAMPAIGN DETECTED,CONTINUE MONITORING
E000647,U003,,file_access,0.0,LOW,0,0.0,DATA_ACCESS,0,NONE,0.0,0.0,NONE,0.0,0.0,0.0,LOW,0.0,0,0.0,LOW,NO ATTACK CAMPAIGN DETECTED,CONTINUE MONITORING
E000731,U003,,file_access,0.0,LOW,0,0.0,DATA_ACCESS,0,NONE,0.0,0.0,NONE,0.0,0.0,0.0,LOW,0.0,0,0.0,LOW,NO ATTACK CAMPAIGN DETECTED,CONTINUE MONITORING
E000066,U003,,file_access,0.0,LOW,0,0.0,DATA_ACCESS,0,NONE,0.0,0.0,NONE,0.0,0.0,0.0,LOW,0.0,0,0.0,LOW,NO ATTACK CAMPAIGN DETECTED,CONTINUE MONITORING
E000292,U003,,file_access,0.0,LOW,0,0.0,DATA_ACCESS,0,NONE,0.0,0.0,NONE,0.0,0.0,0.0,LOW,0.0,0,0.0,LOW,NO ATTACK CAMPAIGN DETECTED,CONTINUE MONITORING
E000216,U003,,file_access,0.0,LOW,0,0.0,DATA_ACCESS,0,NONE,0.0,0.0,NONE,0.0,0.0,0.0,LOW,0.0,0,0.0,LOW,NO ATTACK CAMPAIGN DETECTED,CONTINUE MONITORING
E000503,U003,,file_access,0.0,LOW,0,0.0,DATA_ACCESS,0,NONE,0.0,0.0,NONE,0.0,0.0,0.0,LOW,0.0,0,0.0,LOW,NO ATTACK CAMPAIGN DETECTED,CONTINUE MONITORING
E000572,U003,,file_access,0.0,LOW,0,0.0,DATA_ACCESS,0,NONE,0.0,0.0,NONE,0.0,0.0,0.0,LOW,0.0,0,0.0,LOW,NO ATTACK CAMPAIGN DETECTED,CONTINUE MONITORING
E000119,U018,,login,0.0,LOW,0,0.0,INITIAL_ACCESS,0,NONE,0.0,0.0,NONE,0.0,0.0,0.0,LOW,0.0,0,0.0,LOW,NO ATTACK CAMPAIGN DETECTED,CONTINUE MONITORING
E000039,U018,,file_access,0.0,LOW,0,0.0,DATA_ACCESS,0,NONE,0.0,0.0,NONE,0.0,0.0,0.0,LOW,0.0,0,0.0,LOW,NO ATTACK CAMPAIGN DETECTED,CONTINUE MONITORING
E000716,U017,,file_access,0.0,LOW,0,0.0,DATA_ACCESS,0,NONE,0.0,0.0,NONE,0.0,0.0,0.0,LOW,0.0,0,0.0,LOW,NO ATTACK CAMPAIGN DETECTED,CONTINUE MONITORING
E000545,U017,,login,0.0,LOW,0,0.0,INITIAL_ACCESS,0,NONE,0.0,0.0,NONE,0.0,0.0,0.0,LOW,0.0,0,0.0,LOW,NO ATTACK CAMPAIGN DETECTED,CONTINUE MONITORING
E000552,U017,,file_access,0.0,LOW,0,0.0,DATA_ACCESS,0,NONE,0.0,0.0,NONE,0.0,0.0,0.0,LOW,0.0,0,0.0,LOW,NO ATTACK CAMPAIGN DETECTED,CONTINUE MONITORING
E000556,U017,,file_access,0.0,LOW,0,0.0,DATA_ACCESS,0,NONE,0.0,0.0,NONE,0.0,0.0,0.0,LOW,0.0,0,0.0,LOW,NO ATTACK CAMPAIGN DETECTED,CONTINUE MONITORING
E000625,U017,,login,0.0,LOW,0,0.0,INITIAL_ACCESS,0,NONE,0.0,0.0,NONE,0.0,0.0,0.0,LOW,0.0,0,0.0,LOW,NO ATTACK CAMPAIGN DETECTED,CONTINUE MONITORING
E000707,U017,,login,0.0,LOW,0,0.0,INITIAL_ACCESS,0,NONE,0.0,0.0,NONE,0.0,0.0,0.0,LOW,0.0,0,0.0,LOW,NO ATTACK CAMPAIGN DETECTED,CONTINUE MONITORING
E000410,U017,,file_access,0.0,LOW,0,0.0,DATA_ACCESS,0,NONE,0.0,0.0,NONE,0.0,0.0,0.0,LOW,0.0,0,0.0,LOW,NO ATTACK CAMPAIGN DETECTED,CONTINUE MONITORING
E000123,U018,,file_access,0.0,LOW,0,0.0,DATA_ACCESS,0,NONE,0.0,0.0,NONE,0.0,0.0,0.0,LOW,0.0,0,0.0,LOW,NO ATTACK CAMPAIGN DETECTED,CONTINUE MONITORING
E000261,U018,,login,0.0,LOW,0,0.0,INITIAL_ACCESS,0,NONE,0.0,0.0,NONE,0.0,0.0,0.0,LOW,0.0,0,0.0,LOW,NO ATTACK CAMPAIGN DETECTED,CONTINUE MONITORING
E000271,U018,,file_access,0.0,LOW,0,0.0,DATA_ACCESS,0,NONE,0.0,0.0,NONE,0.0,0.0,0.0,LOW,0.0,0,0.0,LOW,NO ATTACK CAMPAIGN DETECTED,CONTINUE MONITORING
E000319,U002,,file_access,0.0,LOW,0,0.0,DATA_ACCESS,0,NONE,0.0,0.0,NONE,0.0,0.0,0.0,LOW,0.0,0,0.0,LOW,NO ATTACK CAMPAIGN DETECTED,CONTINUE MONITORING
E000383,U002,,login,0.0,LOW,0,0.0,INITIAL_ACCESS,0,NONE,0.0,0.0,NONE,0.0,0.0,0.0,LOW,0.0,0,0.0,LOW,NO ATTACK CAMPAIGN DETECTED,CONTINUE MONITORING
E000106,U002,,file_access,0.0,LOW,0,0.0,DATA_ACCESS,0,NONE,0.0,0.0,NONE,0.0,0.0,0.0,LOW,0.0,0,0.0,LOW,NO ATTACK CAMPAIGN DETECTED,CONTINUE MONITORING
E000176,U002,,file_access,0.0,LOW,0,0.0,DATA_ACCESS,0,NONE,0.0,0.0,NONE,0.0,0.0,0.0,LOW,0.0,0,0.0,LOW,NO ATTACK CAMPAIGN DETECTED,CONTINUE MONITORING
E000338,U018,,file_access,0.0,LOW,0,0.0,DATA_ACCESS,0,NONE,0.0,0.0,NONE,0.0,0.0,0.0,LOW,0.0,0,0.0,LOW,NO ATTACK CAMPAIGN DETECTED,CONTINUE MONITORING
E000408,U018,,login,0.0,LOW,0,0.0,INITIAL_ACCESS,0,NONE,0.0,0.0,NONE,0.0,0.0,0.0,LOW,0.0,0,0.0,LOW,NO ATTACK CAMPAIGN DETECTED,CONTINUE MONITORING
E000477,U018,,login,0.0,LOW,0,0.0,INITIAL_ACCESS,0,NONE,0.0,0.0,NONE,0.0,0.0,0.0,LOW,0.0,0,0.0,LOW,NO ATTACK CAMPAIGN DETECTED,CONTINUE MONITORING
E000485,U018,,file_access,0.0,LOW,0,0.0,DATA_ACCESS,0,NONE,0.0,0.0,NONE,0.0,0.0,0.0,LOW,0.0,0,0.0,LOW,NO ATTACK CAMPAIGN DETECTED,CONTINUE MONITORING
E000549,U018,,login,0.0,LOW,0,0.0,INITIAL_ACCESS,0,NONE,0.0,0.0,NONE,0.0,0.0,0.0,LOW,0.0,0,0.0,LOW,NO ATTACK CAMPAIGN DETECTED,CONTINUE MONITORING
E000278,U020,,login,0.0,LOW,0,0.0,INITIAL_ACCESS,0,NONE,0.0,0.0,NONE,0.0,0.0,0.0,LOW,0.0,0,0.0,LOW,NO ATTACK CAMPAIGN DETECTED,CONTINUE MONITORING
E000347,U020,,login,0.0,LOW,0,0.0,INITIAL_ACCESS,0,NONE,0.0,0.0,NONE,0.0,0.0,0.0,LOW,0.0,0,0.0,LOW,NO ATTACK CAMPAIGN DETECTED,CONTINUE MONITORING
E000361,U020,,file_access,0.0,LOW,0,0.0,DATA_ACCESS,0,NONE,0.0,0.0,NONE,0.0,0.0,0.0,LOW,0.0,0,0.0,LOW,NO ATTACK CAMPAIGN DETECTED,CONTINUE MONITORING
E000404,U002,,file_access,0.0,LOW,0,0.0,DATA_ACCESS,0,NONE,0.0,0.0,NONE,0.0,0.0,0.0,LOW,0.0,0,0.0,LOW,NO ATTACK CAMPAIGN DETECTED,CONTINUE MONITORING
E000622,U002,,file_access,0.0,LOW,0,0.0,DATA_ACCESS,0,NONE,0.0,0.0,NONE,0.0,0.0,0.0,LOW,0.0,0,0.0,LOW,NO ATTACK CAMPAIGN DETECTED,CONTINUE MONITORING
E000684,U002,,login,0.0,LOW,0,0.0,INITIAL_ACCESS,0,NONE,0.0,0.0,NONE,0.0,0.0,0.0,LOW,0.0,0,0.0,LOW,NO ATTACK CAMPAIGN DETECTED,CONTINUE MONITORING
E000095,U002,,login,0.0,LOW,0,0.0,INITIAL_ACCESS,0,NONE,0.0,0.0,NONE,0.0,0.0,0.0,LOW,0.0,0,0.0,LOW,NO ATTACK CAMPAIGN DETECTED,CONTINUE MONITORING
E000032,U002,,file_access,0.0,LOW,0,0.0,DATA_ACCESS,0,NONE,0.0,0.0,NONE,0.0,0.0,0.0,LOW,0.0,0,0.0,LOW,NO ATTACK CAMPAIGN DETECTED,CONTINUE MONITORING
E000019,U002,,login,0.0,LOW,0,0.0,INITIAL_ACCESS,0,NONE,0.0,0.0,NONE,0.0,0.0,0.0,LOW,0.0,0,0.0,LOW,NO ATTACK CAMPAIGN DETECTED,CONTINUE MONITORING
E000023,U002,,file_access,0.0,LOW,0,0.0,DATA_ACCESS,0,NONE,0.0,0.0,NONE,0.0,0.0,0.0,LOW,0.0,0,0.0,LOW,NO ATTACK CAMPAIGN DETECTED,CONTINUE MONITORING
E000327,U018,,login,0.0,LOW,0,0.0,INITIAL_ACCESS,0,NONE,0.0,0.0,NONE,0.0,0.0,0.0,LOW,0.0,0,0.0,LOW,NO ATTACK CAMPAIGN DETECTED,CONTINUE MONITORING
E000193,U009,,login,0.0,LOW,0,0.0,INITIAL_ACCESS,0,NONE,0.0,0.0,NONE,0.0,0.0,0.0,LOW,0.0,0,0.0,LOW,NO ATTACK CAMPAIGN DETECTED,CONTINUE MONITORING
E000400,U009,,file_access,0.0,LOW,0,0.0,DATA_ACCESS,0,NONE,0.0,0.0,NONE,0.0,0.0,0.0,LOW,0.0,0,0.0,LOW,NO ATTACK CAMPAIGN DETECTED,CONTINUE MONITORING
E000392,U009,,login,0.0,LOW,0,0.0,INITIAL_ACCESS,0,NONE,0.0,0.0,NONE,0.0,0.0,0.0,LOW,0.0,0,0.0,LOW,NO ATTACK CAMPAIGN DETECTED,CONTINUE MONITORING
E000128,U009,,file_access,0.0,LOW,0,0.0,DATA_ACCESS,0,NONE,0.0,0.0,NONE,0.0,0.0,0.0,LOW,0.0,0,0.0,LOW,NO ATTACK CAMPAIGN DETECTED,CONTINUE MONITORING
E000118,U009,,file_access,0.0,LOW,0,0.0,DATA_ACCESS,0,NONE,0.0,0.0,NONE,0.0,0.0,0.0,LOW,0.0,0,0.0,LOW,NO ATTACK CAMPAIGN DETECTED,CONTINUE MONITORING
E000141,U020,,login,0.0,LOW,0,0.0,INITIAL_ACCESS,0,NONE,0.0,0.0,NONE,0.0,0.0,0.0,LOW,0.0,0,0.0,LOW,NO ATTACK CAMPAIGN DETECTED,CONTINUE MONITORING
E000070,U020,,file_access,0.0,LOW,0,0.0,DATA_ACCESS,0,NONE,0.0,0.0,NONE,0.0,0.0,0.0,LOW,0.0,0,0.0,LOW,NO ATTACK CAMPAIGN DETECTED,CONTINUE MONITORING
E000504,U020,,file_access,0.0,LOW,0,0.0,DATA_ACCESS,0,NONE,0.0,0.0,NONE,0.0,0.0,0.0,LOW,0.0,0,0.0,LOW,NO ATTACK CAMPAIGN DETECTED,CONTINUE MONITORING
E000104,U009,,login,0.0,LOW,0,0.0,INITIAL_ACCESS,0,NONE,0.0,0.0,NONE,0.0,0.0,0.0,LOW,0.0,0,0.0,LOW,NO ATTACK CAMPAIGN DETECTED,CONTINUE MONITORING
E000248,U011,,file_access,0.0,LOW,0,0.0,DATA_ACCESS,0,NONE,0.0,0.0,NONE,0.0,0.0,0.0,LOW,0.0,0,0.0,LOW,NO ATTACK CAMPAIGN DETECTED,CONTINUE MONITORING
E000250,U011,,file_access,0.0,LOW,0,0.0,DATA_ACCESS,0,NONE,0.0,0.0,NONE,0.0,0.0,0.0,LOW,0.0,0,0.0,LOW,NO ATTACK CAMPAIGN DETECTED,CONTINUE MONITORING
E000197,U009,,file_access,0.0,LOW,0,0.0,DATA_ACCESS,0,NONE,0.0,0.0,NONE,0.0,0.0,0.0,LOW,0.0,0,0.0,LOW,NO ATTACK CAMPAIGN DETECTED,CONTINUE MONITORING
E000259,U009,,login,0.0,LOW,0,0.0,INITIAL_ACCESS,0,NONE,0.0,0.0,NONE,0.0,0.0,0.0,LOW,0.0,0,0.0,LOW,NO ATTACK CAMPAIGN DETECTED,CONTINUE MONITORING
E000201,U009,,file_access,0.0,LOW,0,0.0,DATA_ACCESS,0,NONE,0.0,0.0,NONE,0.0,0.0,0.0,LOW,0.0,0,0.0,LOW,NO ATTACK CAMPAIGN DETECTED,CONTINUE MONITORING
E000040,U009,,login,0.0,LOW,0,0.0,INITIAL_ACCESS,0,NONE,0.0,0.0,NONE,0.0,0.0,0.0,LOW,0.0,0,0.0,LOW,NO ATTACK CAMPAIGN DETECTED,CONTINUE MONITORING
E000048,U009,,transaction,0.0,LOW,0,0.0,IMPACT,0,NONE,0.0,0.0,NONE,0.0,0.0,0.0,LOW,0.0,0,0.0,LOW,NO ATTACK CAMPAIGN DETECTED,CONTINUE MONITORING
E000290,U008,,file_access,0.0,LOW,0,0.0,DATA_ACCESS,0,NONE,0.0,0.0,NONE,0.0,0.0,0.0,LOW,0.0,0,0.0,LOW,NO ATTACK CAMPAIGN DETECTED,CONTINUE MONITORING
E000316,U011,,login,0.0,LOW,0,0.0,INITIAL_ACCESS,0,NONE,0.0,0.0,NONE,0.0,0.0,0.0,LOW,0.0,0,0.0,LOW,NO ATTACK CAMPAIGN DETECTED,CONTINUE MONITORING
E000617,U011,,login,0.0,LOW,0,0.0,INITIAL_ACCESS,0,NONE,0.0,0.0,NONE,0.0,0.0,0.0,LOW,0.0,0,0.0,LOW,NO ATTACK CAMPAIGN DETECTED,CONTINUE MONITORING
E000535,U011,,file_access,0.0,LOW,0,0.0,DATA_ACCESS,0,NONE,0.0,0.0,NONE,0.0,0.0,0.0,LOW,0.0,0,0.0,LOW,NO ATTACK CAMPAIGN DETECTED,CONTINUE MONITORING
E000487,U011,,file_access,0.0,LOW,0,0.0,DATA_ACCESS,0,NONE,0.0,0.0,NONE,0.0,0.0,0.0,LOW,0.0,0,0.0,LOW,NO ATTACK CAMPAIGN DETECTED,CONTINUE MONITORING
E000267,U009,,file_access,0.0,LOW,0,0.0,DATA_ACCESS,0,NONE,0.0,0.0,NONE,0.0,0.0,0.0,LOW,0.0,0,0.0,LOW,NO ATTACK CAMPAIGN DETECTED,CONTINUE MONITORING
E000569,U008,,file_access,0.0,LOW,0,0.0,DATA_ACCESS,0,NONE,0.0,0.0,NONE,0.0,0.0,0.0,LOW,0.0,0,0.0,LOW,NO ATTACK CAMPAIGN DETECTED,CONTINUE MONITORING
E000720,U008,,file_access,0.0,LOW,0,0.0,DATA_ACCESS,0,NONE,0.0,0.0,NONE,0.0,0.0,0.0,LOW,0.0,0,0.0,LOW,NO ATTACK CAMPAIGN DETECTED,CONTINUE MONITORING
E000276,U009,,transaction,0.0,LOW,0,0.0,IMPACT,0,NONE,0.0,0.0,NONE,0.0,0.0,0.0,LOW,0.0,0,0.0,LOW,NO ATTACK CAMPAIGN DETECTED,CONTINUE MONITORING
E000699,U018,,file_access,0.0,LOW,0,0.0,DATA_ACCESS,0,NONE,0.0,0.0,NONE,0.0,0.0,0.0,LOW,0.0,0,0.0,LOW,NO ATTACK CAMPAIGN DETECTED,CONTINUE MONITORING
E000293,U008,,file_access,0.0,LOW,0,0.0,DATA_ACCESS,0,NONE,0.0,0.0,NONE,0.0,0.0,0.0,LOW,0.0,0,0.0,LOW,NO ATTACK CAMPAIGN DETECTED,CONTINUE MONITORING
E000604,U001,,login,0.0,LOW,0,0.0,INITIAL_ACCESS,0,NONE,0.0,0.0,NONE,0.0,0.0,0.0,LOW,0.0,0,0.0,LOW,NO ATTACK CAMPAIGN DETECTED,CONTINUE MONITORING
E000186,U001,,file_access,0.0,LOW,0,0.0,DATA_ACCESS,0,NONE,0.0,0.0,NONE,0.0,0.0,0.0,LOW,0.0,0,0.0,LOW,NO ATTACK CAMPAIGN DETECTED,CONTINUE MONITORING
E000200,U001,,transaction,0.0,LOW,0,0.0,IMPACT,0,NONE,0.0,0.0,NONE,0.0,0.0,0.0,LOW,0.0,0,0.0,LOW,NO ATTACK CAMPAIGN DETECTED,CONTINUE MONITORING
E000386,U001,,login,0.0,LOW,0,0.0,INITIAL_ACCESS,0,NONE,0.0,0.0,NONE,0.0,0.0,0.0,LOW,0.0,0,0.0,LOW,NO ATTACK CAMPAIGN DETECTED,CONTINUE MONITORING
E000406,U001,,file_access,0.0,LOW,0,0.0,DATA_ACCESS,0,NONE,0.0,0.0,NONE,0.0,0.0,0.0,LOW,0.0,0,0.0,LOW,NO ATTACK CAMPAIGN DETECTED,CONTINUE MONITORING
