event_id,user_id,timestamp,event_type,resource_id,sensitive_resource_flag,records_accessed,device_id,new_device_flag,permission_change_flag,new_permission_level,beneficiary_id,new_beneficiary_flag,transaction_amount,role,actor_type,peer_group_id,typical_login_hour,login_hour_spread,avg_session_minutes,session_spread,avg_txn_amount,txn_amount_spread,avg_txn_per_day,home_device,event_hour,event_date,login_hour_difference,login_deviation_z,login_behavior_score,transaction_amount_z,transaction_behavior_score,session_behavior_score,session_duration_z,device_behavior_score,user_event_type_count,user_total_events,user_event_type_frequency,event_type_behavior_score,peer_login_mean,peer_login_std,peer_login_event_deviation,peer_login_score,peer_event_frequency,peer_event_score,peer_deviation_score,sequence_behavior_score,is_new_device_login,is_permission_change,is_sensitive_file_access,is_new_beneficiary,is_large_transaction,m2_behavior_score,m2_behavior_risk_level,off_hours_flag,weekend_activity_flag,time_since_previous_event_seconds,user_events_last_5min,user_events_last_15min,user_events_last_30min,event_velocity_score,transaction_ratio_to_user_average,transaction_spike_score,new_device_off_hours_flag,sensitive_new_device_flag,privilege_sensitive_access_flag,beneficiary_transaction_flag,attack_stage_score,sequence_progression_score,contextual_risk_score,is_attack,ml_attack_prediction,ml_attack_probability,ml_risk_level
E000590,U001,2026-03-10 02:34:00,beneficiary_change,,0,0,DEV-039,0,0,,BEN-002,1,0.0,admin,employee,PG1,8.062526888056667,0.6925205228583835,35.624751670417595,12.364712141640124,338.34974371145563,362.2628486966959,0.2608164978882484,DEV-028,2,2026-03-10,6.0625268880566665,8.754292021604707,0.0,0.9339896291566416,0.0,0.0,0.0,50.0,1,37,0.027027027027027,60.0,8.972677595628415,4.294683263006742,1.6235603812018464,0.0,0.0054644808743169,40.0,12.0,80.0,False,False,False,True,False,40.2,MODERATE,1,0,420.0,0,2,3,6.0,0.0,0.0,0,0,0,0,20.0,44.9,20.8,1,1,100.0,CRITICAL
E000667,U002,2026-03-11 02:34:00,beneficiary_change,,0,0,DEV-005,0,0,,BEN-002,1,0.0,admin,employee,PG2,8.074493048595176,0.6530465823625223,55.374870167235365,5.265359696838637,99.41882534332424,277.4595532228331,1.63482444180965,DEV-015,2,2026-03-11,6.074493048595176,9.301776033525083,0.0,0.3583182636478877,0.0,0.0,0.0,50.0,1,39,0.0256410256410256,60.0,9.209944751381215,4.253117875582253,1.6952139494591767,0.0,0.005524861878453,40.0,12.0,80.0,False,False,False,True,False,40.2,MODERATE,1,0,420.0,0,2,3,6.0,0.0,0.0,0,0,0,0,20.0,44.9,20.8,1,1,100.0,CRITICAL
E000669,U002,2026-03-11 02:41:00,transaction,,0,0,DEV-005,0,0,,BEN-002,1,14259.53,admin,employee,PG2,8.074493048595176,0.6530465823625223,55.374870167235365,5.265359696838637,99.41882534332424,277.4595532228331,1.63482444180965,DEV-015,2,2026-03-11,6.074493048595176,9.301776033525083,0.0,51.03486620006347,100.0,0.0,0.0,50.0,9,39,0.2307692307692307,0.0,9.209944751381215,4.253117875582253,1.6952139494591767,0.0,0.1933701657458563,0.0,0.0,100.0,False,False,False,False,True,55.0,MODERATE,1,0,420.0,0,2,4,6.83,100.0,100.0,0,0,0,0,20.0,70.02,41.05,1,1,99.0,CRITICAL
E000591,U001,2026-03-10 02:41:00,transaction,,0,0,DEV-039,0,0,,BEN-002,1,10411.7,admin,employee,PG1,8.062526888056667,0.6925205228583835,35.624751670417595,12.364712141640124,338.34974371145563,362.2628486966959,0.2608164978882484,DEV-028,2,2026-03-10,6.0625268880566665,8.754292021604707,0.0,27.806743894741587,100.0,0.0,0.0,50.0,5,37,0.1351351351351351,0.0,8.972677595628415,4.294683263006742,1.6235603812018464,0.0,0.1639344262295081,0.0,0.0,100.0,False,False,False,False,True,55.0,MODERATE,1,0,420.0,0,2,4,6.83,30.77,100.0,0,0,0,0,20.0,70.02,41.05,1,1,98.75,CRITICAL
E000588,U001,2026-03-10 02:27:00,file_access,RES-002,1,616,DEV-039,0,0,,,0,0.0,admin,employee,PG1,8.062526888056667,0.6925205228583835,35.624751670417595,12.364712141640124,338.34974371145563,362.2628486966959,0.2608164978882484,DEV-028,2,2026-03-10,6.0625268880566665,8.754292021604707,0.0,0.9339896291566416,0.0,0.0,0.0,50.0,20,37,0.5405405405405406,0.0,8.972677595628415,4.294683263006742,1.6235603812018464,0.0,0.5519125683060109,0.0,0.0,80.0,False,False,True,False,False,33.0,LOW-MODERATE,1,0,480.0,0,2,2,5.17,0.0,0.0,0,0,0,0,20.0,44.78,20.55,1,1,96.5,CRITICAL
E000666,U002,2026-03-11 02:27:00,file_access,RES-009,1,878,DEV-005,0,0,,,0,0.0,admin,employee,PG2,8.074493048595176,0.6530465823625223,55.374870167235365,5.265359696838637,99.41882534332424,277.4595532228331,1.63482444180965,DEV-015,2,2026-03-11,6.074493048595176,9.301776033525083,0.0,0.3583182636478877,0.0,0.0,0.0,50.0,19,39,0.4871794871794871,0.0,9.209944751381215,4.253117875582253,1.6952139494591767,0.0,0.5303867403314917,0.0,0.0,80.0,False,False,True,False,False,33.0,LOW-MODERATE,1,0,480.0,0,2,2,5.17,0.0,0.0,0,0,0,0,20.0,44.78,20.55,1,1,96.5,CRITICAL
E000586,U001,2026-03-10 02:19:00,permission_change,,0,0,DEV-039,0,1,elevated,,0,0.0,admin,employee,PG1,8.062526888056667,0.6925205228583835,35.624751670417595,12.364712141640124,338.34974371145563,362.2628486966959,0.2608164978882484,DEV-028,2,2026-03-10,6.0625268880566665,8.754292021604707,0.0,0.9339896291566416,0.0,0.0,0.0,50.0,1,37,0.027027027027027,60.0,8.972677595628415,4.294683263006742,1.6235603812018464,0.0,0.0054644808743169,40.0,12.0,60.0,False,True,False,False,False,33.2,LOW-MODERATE,1,0,360.0,0,1,1,2.58,0.0,0.0,0,0,0,0,20.0,34.39,19.77,1,1,86.75,CRITICAL
E000664,U002,2026-03-11 02:19:00,permission_change,,0,0,DEV-005,0,1,elevated,,0,0.0,admin,employee,PG2,8.074493048595176,0.6530465823625223,55.374870167235365,5.265359696838637,99.41882534332424,277.4595532228331,1.63482444180965,DEV-015,2,2026-03-11,6.074493048595176,9.301776033525083,0.0,0.3583182636478877,0.0,0.0,0.0,50.0,1,39,0.0256410256410256,60.0,9.209944751381215,4.253117875582253,1.6952139494591767,0.0,0.005524861878453,40.0,12.0,60.0,False,True,False,False,False,33.2,LOW-MODERATE,1,0,360.0,0,1,1,2.58,0.0,0.0,0,0,0,0,20.0,34.39,19.77,1,1,86.75,CRITICAL
E000585,U001,2026-03-10 02:13:00,login,,0,0,DEV-039,1,0,,,0,0.0,admin,employee,PG1,8.062526888056667,0.6925205228583835,35.624751670417595,12.364712141640124,338.34974371145563,362.2628486966959,0.2608164978882484,DEV-028,2,2026-03-10,6.0625268880566665,8.754292021604707,100.0,0.9339896291566416,0.0,0.0,0.0,70.0,10,37,0.2702702702702703,0.0,8.972677595628415,4.294683263006742,1.6235603812018464,30.0,0.273224043715847,0.0,21.0,0.0,True,False,False,False,False,29.1,LOW-MODERATE,1,0,58080.0,0,0,0,0.0,0.0,0.0,1,0,0,0,20.0,4.0,34.0,1,1,77.75,HIGH
E000663,U002,2026-03-11 02:13:00,login,,0,0,DEV-005,1,0,,,0,0.0,admin,employee,PG2,8.074493048595176,0.6530465823625223,55.374870167235365,5.265359696838637,99.41882534332424,277.4595532228331,1.63482444180965,DEV-015,2,2026-03-11,6.074493048595176,9.301776033525083,100.0,0.3583182636478877,0.0,0.0,0.0,70.0,9,39,0.2307692307692307,0.0,9.209944751381215,4.253117875582253,1.6952139494591767,30.0,0.2651933701657458,0.0,21.0,0.0,True,False,False,False,False,29.1,LOW-MODERATE,1,0,54840.0,0,0,0,0.0,0.0,0.0,1,0,0,0,20.0,4.0,34.0,1,1,77.75,HIGH
E000508,U013,2026-03-09 00:55:00,login,,0,0,DEV-001,0,0,,,0,0.0,analyst,automated_system,PG1,2.0,0.5,46.933711817215006,10.95888428361128,234.02494389233863,137.9949419936346,1.6596776886458624,DEV-001,0,2026-03-09,2.0,4.0,100.0,1.6958950850758985,0.0,0.0,0.0,0.0,10,38,0.2631578947368421,0.0,8.972677595628415,4.294683263006742,2.089252465465072,60.0,0.273224043715847,0.0,42.0,0.0,False,False,False,False,False,24.2,LOW-MODERATE,1,0,73140.0,0,0,0,0.0,0.0,0.0,0,0,0,0,0.0,0.0,15.0,0,0,4.25,LOW
E000580,U019,2026-03-10 00:26:00,login,,0,0,DEV-024,0,0,,,0,0.0,admin,service_account,PG3,2.0,0.5,85.02394451015238,12.552651966358056,344.9338160498108,299.53214048669264,1.1969768999922874,DEV-024,0,2026-03-10,2.0,4.0,100.0,1.1515753050385429,0.0,0.0,0.0,0.0,10,34,0.2941176470588235,0.0,7.707446808510638,4.872112925153142,1.5819515940855116,30.0,0.2606382978723404,0.0,21.0,0.0,False,False,False,False,False,22.1,LOW-MODERATE,1,0,69960.0,0,0,0,0.0,0.0,0.0,0,0,0,0,0.0,0.0,15.0,0,0,3.25,LOW
E000706,U009,2026-03-11 10:53:00,transaction,,0,0,DEV-014,0,0,,BEN-012,0,227.93,analyst,employee,PG1,9.711535627474689,1.0899963441328668,74.31999380823714,7.290480719641044,16.05012195201888,160.4085668206787,0.8032226279271082,DEV-014,10,2026-03-11,0.2884643725253113,0.2646471009540821,0.0,1.3208763237991048,30.0,0.0,0.0,0.0,5,36,0.1388888888888889,0.0,8.972677595628415,4.294683263006742,0.2392079558510558,0.0,0.1639344262295081,0.0,0.0,0.0,False,False,False,False,True,4.5,LOW,0,0,6000.0,0,0,0,0.0,14.2,100.0,0,0,0,0,20.0,19.0,24.0,0,0,2.25,LOW
E000629,U017,2026-03-10 10:45:00,transaction,,0,0,DEV-032,0,0,,BEN-010,0,407.88,analyst,employee,PG1,10.196804694557962,1.0821658705528256,41.5259887781863,5.579251664941875,439.0047996020203,381.4323058542979,0.2569603562036363,DEV-032,10,2026-03-10,0.1968046945579615,0.181861856775638,0.0,0.0815997992941624,0.0,0.0,0.0,0.0,1,34,0.0294117647058823,60.0,8.972677595628415,4.294683263006742,0.2392079558510558,0.0,0.1639344262295081,0.0,0.0,0.0,False,False,False,False,True,6.0,LOW,0,0,1320.0,0,0,1,0.83,0.93,9.3,0,0,0,0,20.0,5.52,6.11,0,0,2.0,LOW
E000275,U005,2026-03-05 12:45:00,login,,0,0,DEV-024,0,0,,,0,0.0,analyst,service_account,PG1,14.0,0.5,28.73783139972465,14.222953720281598,39.40009903922908,152.6123984924825,1.8859193984833305,DEV-024,12,2026-03-05,2.0,4.0,100.0,0.2581710229865097,0.0,0.0,0.0,0.0,10,38,0.2631578947368421,0.0,8.972677595628415,4.294683263006742,0.7049000401142813,0.0,0.273224043715847,0.0,0.0,0.0,False,False,False,False,False,20.0,LOW-MODERATE,0,0,73140.0,0,0,0,0.0,0.0,0.0,0,0,0,0,0.0,0.0,0.0,0,0,0.5,LOW
E000084,U015,2026-03-03 03:44:00,file_access,RES-002,1,17,DEV-013,0,0,,,0,0.0,admin,automated_system,PG3,2.0,0.5,55.53771722230277,6.06410822797705,312.6500967832088,344.58427186036346,1.5229886459329025,DEV-013,3,2026-03-03,1.0,2.0,0.0,0.9073255000736208,0.0,0.0,0.0,0.0,20,40,0.5,0.0,7.707446808510638,4.872112925153142,0.9662023193689976,0.0,0.526595744680851,0.0,0.0,0.0,False,False,True,False,False,0.0,LOW,1,0,120.0,1,1,1,6.58,0.0,0.0,0,0,0,0,20.0,4.99,20.97,0,0,0.5,LOW
E000521,U015,2026-03-09 03:53:00,file_access,RES-026,0,15,DEV-013,0,0,,,0,0.0,admin,automated_system,PG3,2.0,0.5,55.53771722230277,6.06410822797705,312.6500967832088,344.58427186036346,1.5229886459329025,DEV-013,3,2026-03-09,1.0,2.0,0.0,0.9073255000736208,0.0,0.0,0.0,0.0,20,40,0.5,0.0,7.707446808510638,4.872112925153142,0.9662023193689976,0.0,0.526595744680851,0.0,0.0,0.0,False,False,False,False,False,0.0,LOW,1,0,600.0,0,2,2,5.17,0.0,0.0,0,0,0,0,0.0,0.78,16.55,0,0,0.5,LOW
E000520,U015,2026-03-09 03:43:00,transaction,,0,0,DEV-013,0,0,,BEN-011,0,782.46,admin,automated_system,PG3,2.0,0.5,55.53771722230277,6.06410822797705,312.6500967832088,344.58427186036346,1.5229886459329025,DEV-013,3,2026-03-09,1.0,2.0,0.0,1.3634107577816934,30.0,0.0,0.0,0.0,10,40,0.25,0.0,7.707446808510638,4.872112925153142,0.9662023193689976,0.0,0.2127659574468085,0.0,0.0,0.0,False,False,False,False,True,4.5,LOW,1,0,60.0,1,1,1,6.58,2.5,25.0,0,0,0,0,20.0,8.74,25.97,0,0,0.25,LOW
E000576,U003,2026-03-09 15:59:00,transaction,,0,0,DEV-018,0,0,,BEN-011,0,230.2,admin,service_account,PG3,14.0,0.5,39.47334957614639,13.69300320792934,379.4036835648837,105.88076073191156,1.2678431944605075,DEV-018,15,2026-03-09,1.0,2.0,0.0,1.4091670907301574,30.0,0.0,0.0,0.0,10,40,0.25,0.0,7.707446808510638,4.872112925153142,1.4967947794970575,0.0,0.2127659574468085,0.0,0.0,0.0,False,False,False,False,True,4.5,LOW,0,0,720.0,0,1,2,3.42,0.61,6.1,0,0,0,0,20.0,5.43,6.25,0,0,0.25,LOW
E000210,U003,2026-03-04 14:39:00,transaction,,0,0,DEV-018,0,0,,BEN-012,0,517.97,admin,service_account,PG3,14.0,0.5,39.47334957614639,13.69300320792934,379.4036835648837,105.88076073191156,1.2678431944605075,DEV-018,14,2026-03-04,0.0,0.0,0.0,1.3087015570842382,30.0,0.0,0.0,0.0,10,40,0.25,0.0,7.707446808510638,4.872112925153142,1.2915450212582198,0.0,0.2127659574468085,0.0,0.0,0.0,False,False,False,False,True,4.5,LOW,0,0,420.0,0,1,2,3.42,1.37,13.7,0,0,0,0,20.0,6.57,7.77,0,0,0.25,LOW
E000114,U007,2026-03-03 09:41:00,file_access,RES-001,1,14,DEV-005,0,0,,,0,0.0,admin,employee,PG3,8.950315562597915,0.8173872116579048,78.38772986485253,6.626540971560848,177.63535011376075,284.56131103219263,2.105460940375654,DEV-005,9,2026-03-03,0.0496844374020852,0.0607844564894897,0.0,0.6242428019094441,0.0,0.0,0.0,0.0,23,42,0.5476190476190477,0.0,7.707446808510638,4.872112925153142,0.2652962300640299,0.0,0.526595744680851,0.0,0.0,0.0,False,False,True,False,False,0.0,LOW,0,0,600.0,0,1,2,3.42,0.0,0.0,0,0,0,0,20.0,4.51,5.03,0,0,0.25,LOW
E000115,U007,2026-03-03 09:43:00,file_access,RES-036,0,3,DEV-005,0,0,,,0,0.0,admin,employee,PG3,8.950315562597915,0.8173872116579048,78.38772986485253,6.626540971560848,177.63535011376075,284.56131103219263,2.105460940375654,DEV-005,9,2026-03-03,0.0496844374020852,0.0607844564894897,0.0,0.6242428019094441,0.0,0.0,0.0,0.0,23,42,0.5476190476190477,0.0,7.707446808510638,4.872112925153142,0.2652962300640299,0.0,0.526595744680851,0.0,0.0,0.0,False,False,False,False,False,0.0,LOW,0,0,120.0,1,2,3,10.0,0.0,0.0,0,0,0,0,0.0,1.5,3.0,0,0,0.25,LOW
E000650,U008,2026-03-10 14:56:00,file_access,RES-057,0,16,DEV-036,0,0,,,0,0.0,finance_officer,automated_system,PG4,14.0,0.5,31.97970537386679,12.291267979503491,657.5269825333995,182.8094046151768,2.968570051909785,DEV-036,14,2026-03-10,0.0,0.0,0.0,3.596789694258497,0.0,0.0,0.0,0.0,21,41,0.5121951219512195,0.0,10.228260869565217,4.541498418788599,0.8305054373311569,0.0,0.4945652173913043,0.0,0.0,0.0,False,False,False,False,False,0.0,LOW,0,0,720.0,0,2,2,5.17,0.0,0.0,0,0,0,0,0.0,0.78,1.55,0,0,0.25,LOW
E000607,U001,2026-03-10 08:28:00,file_access,RES-004,1,17,DEV-028,0,0,,,0,0.0,admin,employee,PG1,8.062526888056667,0.6925205228583835,35.624751670417595,12.364712141640124,338.34974371145563,362.2628486966959,0.2608164978882484,DEV-028,8,2026-03-10,0.0625268880566665,0.0902888593085824,0.0,0.9339896291566416,0.0,0.0,0.0,0.0,20,37,0.5405405405405406,0.0,8.972677595628415,4.294683263006742,0.2264841284121697,0.0,0.5519125683060109,0.0,0.0,0.0,False,False,True,False,False,0.0,LOW,0,0,600.0,0,1,2,3.42,0.0,0.0,0,0,0,0,20.0,4.51,5.03,0,0,0.25,LOW
E000310,U013,2026-03-06 04:27:00,file_access,RES-006,1,17,DEV-001,0,0,,,0,0.0,analyst,automated_system,PG1,2.0,0.5,46.933711817215006,10.95888428361128,234.02494389233863,137.9949419936346,1.6596776886458624,DEV-001,4,2026-03-06,2.0,4.0,0.0,1.6958950850758985,0.0,0.0,0.0,0.0,18,38,0.4736842105263157,0.0,8.972677595628415,4.294683263006742,1.157868296938621,0.0,0.5519125683060109,0.0,0.0,0.0,False,False,True,False,False,0.0,LOW,1,0,540.0,0,1,1,2.58,0.0,0.0,0,0,0,0,20.0,4.39,19.77,0,0,0.25,LOW
E000608,U001,2026-03-10 08:30:00,transaction,,0,0,DEV-028,0,0,,BEN-022,0,455.8,admin,employee,PG1,8.062526888056667,0.6925205228583835,35.624751670417595,12.364712141640124,338.34974371145563,362.2628486966959,0.2608164978882484,DEV-028,8,2026-03-10,0.0625268880566665,0.0902888593085824,0.0,0.3242128104250608,0.0,0.0,0.0,0.0,5,37,0.1351351351351351,0.0,8.972677595628415,4.294683263006742,0.2264841284121697,0.0,0.1639344262295081,0.0,0.0,0.0,False,False,False,False,True,0.0,LOW,0,0,120.0,1,2,3,10.0,1.35,13.5,0,0,0,0,20.0,7.52,9.7,0,0,0.25,LOW
E000086,U015,2026-03-03 03:49:00,file_access,RES-016,0,5,DEV-013,0,0,,,0,0.0,admin,automated_system,PG3,2.0,0.5,55.53771722230277,6.06410822797705,312.6500967832088,344.58427186036346,1.5229886459329025,DEV-013,3,2026-03-03,1.0,2.0,0.0,0.9073255000736208,0.0,0.0,0.0,0.0,20,40,0.5,0.0,7.707446808510638,4.872112925153142,0.9662023193689976,0.0,0.526595744680851,0.0,0.0,0.0,False,False,False,False,False,0.0,LOW,1,0,300.0,1,2,2,9.17,0.0,0.0,0,0,0,0,0.0,1.38,17.75,0,0,0.25,LOW
E000450,U015,2026-03-08 03:30:00,file_access,RES-026,0,18,DEV-013,0,0,,,0,0.0,admin,automated_system,PG3,2.0,0.5,55.53771722230277,6.06410822797705,312.6500967832088,344.58427186036346,1.5229886459329025,DEV-013,3,2026-03-08,1.0,2.0,0.0,0.9073255000736208,0.0,0.0,0.0,0.0,20,40,0.5,0.0,7.707446808510638,4.872112925153142,0.9662023193689976,0.0,0.526595744680851,0.0,0.0,0.0,False,False,False,False,False,0.0,LOW,1,1,300.0,1,2,2,9.17,0.0,0.0,0,0,0,0,0.0,1.38,17.75,0,0,0.25,LOW
E000711,U018,2026-03-11 11:08:00,file_access,RES-004,1,5,DEV-039,0,0,,,0,0.0,manager,employee,PG2,10.444961234193336,0.8728943186706609,28.80323580643089,11.597508227473677,473.42433985249545,107.79443564094468,1.583021362254762,DEV-039,11,2026-03-11,0.555038765806664,0.6358602111787574,0.0,4.391918163841379,0.0,0.0,0.0,0.0,22,41,0.5365853658536586,0.0,9.209944751381215,4.253117875582253,0.4208807046933129,0.0,0.5303867403314917,0.0,0.0,0.0,False,False,True,False,False,0.0,LOW,0,0,480.0,0,1,2,3.42,0.0,0.0,0,0,0,0,20.0,4.51,5.03,0,0,0.25,LOW
E000089,U019,2026-03-03 04:00:00,file_access,RES-019,0,7,DEV-024,0,0,,,0,0.0,admin,service_account,PG3,2.0,0.5,85.02394451015238,12.552651966358056,344.9338160498108,299.53214048669264,1.1969768999922874,DEV-024,4,2026-03-03,2.0,4.0,0.0,1.1515753050385429,0.0,0.0,0.0,0.0,15,34,0.4411764705882353,0.0,7.707446808510638,4.872112925153142,0.7609525611301597,0.0,0.526595744680851,0.0,0.0,0.0,False,False,False,False,False,0.0,LOW,1,0,240.0,1,2,2,9.17,0.0,0.0,0,0,0,0,0.0,1.38,17.75,0,0,0.25,LOW
E000578,U003,2026-03-09 16:05:00,file_access,RES-021,0,15,DEV-018,0,0,,,0,0.0,admin,service_account,PG3,14.0,0.5,39.47334957614639,13.69300320792934,379.4036835648837,105.88076073191156,1.2678431944605075,DEV-018,16,2026-03-09,2.0,4.0,0.0,3.58331089559819,0.0,0.0,0.0,0.0,20,40,0.5,0.0,7.707446808510638,4.872112925153142,1.7020445377358957,0.0,0.526595744680851,0.0,0.0,0.0,False,False,False,False,False,0.0,LOW,0,0,360.0,0,1,3,4.25,0.0,0.0,0,0,0,0,0.0,0.64,1.27,0,0,0.25,LOW
E000447,U019,2026-03-08 03:00:00,transaction,,0,0,DEV-024,0,0,,BEN-010,0,354.09,admin,service_account,PG3,2.0,0.5,85.02394451015238,12.552651966358056,344.9338160498108,299.53214048669264,1.1969768999922874,DEV-024,3,2026-03-08,1.0,2.0,0.0,0.0305682853776954,0.0,0.0,0.0,0.0,9,34,0.2647058823529412,0.0,7.707446808510638,4.872112925153142,0.9662023193689976,0.0,0.2127659574468085,0.0,0.0,0.0,False,False,False,False,True,0.0,LOW,1,1,240.0,1,1,1,6.58,1.03,10.3,0,0,0,0,20.0,6.53,23.03,0,0,0.25,LOW
E000583,U006,2026-03-10 01:43:00,login,,0,0,DEV-015,0,0,,,0,0.0,manager,automated_system,PG2,2.0,0.5,69.32002853504464,5.458243836556623,113.94913782577343,151.2857872607375,0.2393759307708824,DEV-015,1,2026-03-10,1.0,2.0,60.0,0.7532045137153881,0.0,0.0,0.0,0.0,10,30,0.3333333333333333,0.0,9.209944751381215,4.253117875582253,1.9303355776983424,30.0,0.2651933701657458,0.0,21.0,0.0,False,False,False,False,False,14.1,LOW,1,0,86100.0,0,0,0,0.0,0.0,0.0,0,0,0,0,0.0,0.0,15.0,0,0,0.0,LOW
E000365,U006,2026-03-07 01:06:00,login,,0,0,DEV-015,0,0,,,0,0.0,manager,automated_system,PG2,2.0,0.5,69.32002853504464,5.458243836556623,113.94913782577343,151.2857872607375,0.2393759307708824,DEV-015,1,2026-03-07,1.0,2.0,60.0,0.7532045137153881,0.0,0.0,0.0,0.0,10,30,0.3333333333333333,0.0,9.209944751381215,4.253117875582253,1.9303355776983424,30.0,0.2651933701657458,0.0,21.0,0.0,False,False,False,False,False,14.1,LOW,1,1,77820.0,0,0,0,0.0,0.0,0.0,0,0,0,0,0.0,0.0,15.0,0,0,0.0,LOW
E000343,U003,2026-03-06 13:34:00,login,,0,0,DEV-018,0,0,,,0,0.0,admin,service_account,PG3,14.0,0.5,39.47334957614639,13.69300320792934,379.4036835648837,105.88076073191156,1.2678431944605075,DEV-018,13,2026-03-06,1.0,2.0,60.0,3.58331089559819,0.0,0.0,0.0,0.0,10,40,0.25,0.0,7.707446808510638,4.872112925153142,1.0862952630193818,30.0,0.2606382978723404,0.0,21.0,0.0,False,False,False,False,False,14.1,LOW,0,0,78480.0,0,0,0,0.0,0.0,0.0,0,0,0,0,0.0,0.0,0.0,0,0,0.0,LOW
E000300,U012,2026-03-06 02:19:00,login,,0,0,DEV-028,0,0,,,0,0.0,finance_officer,automated_system,PG4,3.0,0.5,26.36365885216557,5.471163754247346,507.0175649818456,269.6061145960815,2.3762380930888924,DEV-028,2,2026-03-06,1.0,2.0,60.0,1.8805862980572572,0.0,0.0,0.0,0.0,10,42,0.238095238095238,0.0,10.228260869565217,4.541498418788599,1.811794282592754,30.0,0.2608695652173913,0.0,21.0,0.0,False,False,False,False,False,14.1,LOW,1,0,80460.0,0,0,0,0.0,0.0,0.0,0,0,0,0,0.0,0.0,15.0,0,0,0.0,LOW
E000228,U012,2026-03-05 02:07:00,login,,0,0,DEV-028,0,0,,,0,0.0,finance_officer,automated_system,PG4,3.0,0.5,26.36365885216557,5.471163754247346,507.0175649818456,269.6061145960815,2.3762380930888924,DEV-028,2,2026-03-05,1.0,2.0,60.0,1.8805862980572572,0.0,0.0,0.0,0.0,10,42,0.238095238095238,0.0,10.228260869565217,4.541498418788599,1.811794282592754,30.0,0.2608695652173913,0.0,21.0,0.0,False,False,False,False,False,14.1,LOW,1,0,82200.0,0,0,0,0.0,0.0,0.0,0,0,0,0,0.0,0.0,15.0,0,0,0.0,LOW
E000297,U015,2026-03-06 01:47:00,login,,0,0,DEV-013,0,0,,,0,0.0,admin,automated_system,PG3,2.0,0.5,55.53771722230277,6.06410822797705,312.6500967832088,344.58427186036346,1.5229886459329025,DEV-013,1,2026-03-06,1.0,2.0,60.0,0.9073255000736208,0.0,0.0,0.0,0.0,10,40,0.25,0.0,7.707446808510638,4.872112925153142,1.3767018358466736,30.0,0.2606382978723404,0.0,21.0,0.0,False,False,False,False,False,14.1,LOW,1,0,74580.0,0,0,0,0.0,0.0,0.0,0,0,0,0,0.0,0.0,15.0,0,0,0.0,LOW
E000296,U006,2026-03-06 01:47:00,login,,0,0,DEV-015,0,0,,,0,0.0,manager,automated_system,PG2,2.0,0.5,69.32002853504464,5.458243836556623,113.94913782577343,151.2857872607375,0.2393759307708824,DEV-015,1,2026-03-06,1.0,2.0,60.0,0.7532045137153881,0.0,0.0,0.0,0.0,10,30,0.3333333333333333,0.0,9.209944751381215,4.253117875582253,1.9303355776983424,30.0,0.2651933701657458,0.0,21.0,0.0,False,False,False,False,False,14.1,LOW,1,0,75480.0,0,0,0,0.0,0.0,0.0,0,0,0,0,0.0,0.0,15.0,0,0,0.0,LOW
E000226,U015,2026-03-05 01:47:00,login,,0,0,DEV-013,0,0,,,0,0.0,admin,automated_system,PG3,2.0,0.5,55.53771722230277,6.06410822797705,312.6500967832088,344.58427186036346,1.5229886459329025,DEV-013,1,2026-03-05,1.0,2.0,60.0,0.9073255000736208,0.0,0.0,0.0,0.0,10,40,0.25,0.0,7.707446808510638,4.872112925153142,1.3767018358466736,30.0,0.2606382978723404,0.0,21.0,0.0,False,False,False,False,False,14.1,LOW,1,0,84420.0,0,0,0,0.0,0.0,0.0,0,0,0,0,0.0,0.0,15.0,0,0,0.0,LOW
E000205,U003,2026-03-04 13:22:00,login,,0,0,DEV-018,0,0,,,0,0.0,admin,service_account,PG3,14.0,0.5,39.47334957614639,13.69300320792934,379.4036835648837,105.88076073191156,1.2678431944605075,DEV-018,13,2026-03-04,1.0,2.0,60.0,3.58331089559819,0.0,0.0,0.0,0.0,10,40,0.25,0.0,7.707446808510638,4.872112925153142,1.0862952630193818,30.0,0.2606382978723404,0.0,21.0,0.0,False,False,False,False,False,14.1,LOW,0,0,74520.0,0,0,0,0.0,0.0,0.0,0,0,0,0,0.0,0.0,0.0,0,0,0.0,LOW
E000420,U003,2026-03-07 13:32:00,login,,0,0,DEV-018,0,0,,,0,0.0,admin,service_account,PG3,14.0,0.5,39.47334957614639,13.69300320792934,379.4036835648837,105.88076073191156,1.2678431944605075,DEV-018,13,2026-03-07,1.0,2.0,60.0,3.58331089559819,0.0,0.0,0.0,0.0,10,40,0.25,0.0,7.707446808510638,4.872112925153142,1.0862952630193818,30.0,0.2606382978723404,0.0,21.0,0.0,False,False,False,False,False,14.1,LOW,0,1,75540.0,0,0,0,0.0,0.0,0.0,0,0,0,0,0.0,0.0,0.0,0,0,0.0,LOW
E000438,U006,2026-03-08 01:03:00,login,,0,0,DEV-015,0,0,,,0,0.0,manager,automated_system,PG2,2.0,0.5,69.32002853504464,5.458243836556623,113.94913782577343,151.2857872607375,0.2393759307708824,DEV-015,1,2026-03-08,1.0,2.0,60.0,0.7532045137153881,0.0,0.0,0.0,0.0,10,30,0.3333333333333333,0.0,9.209944751381215,4.253117875582253,1.9303355776983424,30.0,0.2651933701657458,0.0,21.0,0.0,False,False,False,False,False,14.1,LOW,1,1,83700.0,0,0,0,0.0,0.0,0.0,0,0,0,0,0.0,0.0,15.0,0,0,0.0,LOW
E000065,U020,2026-03-02 15:33:00,login,,0,0,DEV-038,0,0,,,0,0.0,finance_officer,service_account,PG4,14.0,0.5,51.60402989737908,7.47905613666008,379.27250971376577,57.36199100247061,1.6617645672734394,DEV-038,15,2026-03-02,1.0,2.0,60.0,6.61191327367682,0.0,0.0,0.0,0.0,10,39,0.2564102564102564,0.0,10.228260869565217,4.541498418788599,1.0506970806581497,30.0,0.2608695652173913,0.0,21.0,0.0,False,False,False,False,False,14.1,LOW,0,0,999999.0,0,0,0,0.0,0.0,0.0,0,0,0,0,0.0,0.0,0.0,0,0,0.0,LOW
E000001,U006,2026-03-02 01:05:00,login,,0,0,DEV-015,0,0,,,0,0.0,manager,automated_system,PG2,2.0,0.5,69.32002853504464,5.458243836556623,113.94913782577343,151.2857872607375,0.2393759307708824,DEV-015,1,2026-03-02,1.0,2.0,60.0,0.7532045137153881,0.0,0.0,0.0,0.0,10,30,0.3333333333333333,0.0,9.209944751381215,4.253117875582253,1.9303355776983424,30.0,0.2651933701657458,0.0,21.0,0.0,False,False,False,False,False,14.1,LOW,1,0,999999.0,0,0,0,0.0,0.0,0.0,0,0,0,0,0.0,0.0,15.0,0,0,0.0,LOW
E000154,U015,2026-03-04 01:05:00,login,,0,0,DEV-013,0,0,,,0,0.0,admin,automated_system,PG3,2.0,0.5,55.53771722230277,6.06410822797705,312.6500967832088,344.58427186036346,1.5229886459329025,DEV-013,1,2026-03-04,1.0,2.0,60.0,0.9073255000736208,0.0,0.0,0.0,0.0,10,40,0.25,0.0,7.707446808510638,4.872112925153142,1.3767018358466736,30.0,0.2606382978723404,0.0,21.0,0.0,False,False,False,False,False,14.1,LOW,1,0,76560.0,0,0,0,0.0,0.0,0.0,0,0,0,0,0.0,0.0,15.0,0,0,0.0,LOW
E000003,U015,2026-03-02 01:49:00,login,,0,0,DEV-013,0,0,,,0,0.0,admin,automated_system,PG3,2.0,0.5,55.53771722230277,6.06410822797705,312.6500967832088,344.58427186036346,1.5229886459329025,DEV-013,1,2026-03-02,1.0,2.0,60.0,0.9073255000736208,0.0,0.0,0.0,0.0,10,40,0.25,0.0,7.707446808510638,4.872112925153142,1.3767018358466736,30.0,0.2606382978723404,0.0,21.0,0.0,False,False,False,False,False,14.1,LOW,1,0,999999.0,0,0,0,0.0,0.0,0.0,0,0,0,0,0.0,0.0,15.0,0,0,0.0,LOW
E000657,U013,2026-03-11 01:42:00,login,,0,0,DEV-001,0,0,,,0,0.0,analyst,automated_system,PG1,2.0,0.5,46.933711817215006,10.95888428361128,234.02494389233863,137.9949419936346,1.6596776886458624,DEV-001,1,2026-03-11,1.0,2.0,60.0,1.6958950850758985,0.0,0.0,0.0,0.0,10,38,0.2631578947368421,0.0,8.972677595628415,4.294683263006742,1.8564064233334592,30.0,0.273224043715847,0.0,21.0,0.0,False,False,False,False,False,14.1,LOW,1,0,77460.0,0,0,0,0.0,0.0,0.0,0,0,0,0,0.0,0.0,15.0,0,0,0.0,LOW
E000658,U019,2026-03-11 01:56:00,login,,0,0,DEV-024,0,0,,,0,0.0,admin,service_account,PG3,2.0,0.5,85.02394451015238,12.552651966358056,344.9338160498108,299.53214048669264,1.1969768999922874,DEV-024,1,2026-03-11,1.0,2.0,60.0,1.1515753050385429,0.0,0.0,0.0,0.0,10,34,0.2941176470588235,0.0,7.707446808510638,4.872112925153142,1.3767018358466736,30.0,0.2606382978723404,0.0,21.0,0.0,False,False,False,False,False,14.1,LOW,1,0,88380.0,0,0,0,0.0,0.0,0.0,0,0,0,0,0.0,0.0,15.0,0,0,0.0,LOW
E000440,U013,2026-03-08 01:21:00,login,,0,0,DEV-001,0,0,,,0,0.0,analyst,automated_system,PG1,2.0,0.5,46.933711817215006,10.95888428361128,234.02494389233863,137.9949419936346,1.6596776886458624,DEV-001,1,2026-03-08,1.0,2.0,60.0,1.6958950850758985,0.0,0.0,0.0,0.0,10,38,0.2631578947368421,0.0,8.972677595628415,4.294683263006742,1.8564064233334592,30.0,0.273224043715847,0.0,21.0,0.0,False,False,False,False,False,14.1,LOW,1,1,83820.0,0,0,0,0.0,0.0,0.0,0,0,0,0,0.0,0.0,15.0,0,0,0.0,LOW
E000053,U003,2026-03-02 13:55:00,login,,0,0,DEV-018,0,0,,,0,0.0,admin,service_account,PG3,14.0,0.5,39.47334957614639,13.69300320792934,379.4036835648837,105.88076073191156,1.2678431944605075,DEV-018,13,2026-03-02,1.0,2.0,60.0,3.58331089559819,0.0,0.0,0.0,0.0,10,40,0.25,0.0,7.707446808510638,4.872112925153142,1.0862952630193818,30.0,0.2606382978723404,0.0,21.0,0.0,False,False,False,False,False,14.1,LOW,0,0,999999.0,0,0,0,0.0,0.0,0.0,0,0,0,0,0.0,0.0,0.0,0,0,0.0,LOW
E000366,U013,2026-03-07 01:10:00,login,,0,0,DEV-001,0,0,,,0,0.0,analyst,automated_system,PG1,2.0,0.5,46.933711817215006,10.95888428361128,234.02494389233863,137.9949419936346,1.6596776886458624,DEV-001,1,2026-03-07,1.0,2.0,60.0,1.6958950850758985,0.0,0.0,0.0,0.0,10,38,0.2631578947368421,0.0,8.972677595628415,4.294683263006742,1.8564064233334592,30.0,0.273224043715847,0.0,21.0,0.0,False,False,False,False,False,14.1,LOW,1,1,73020.0,0,0,0,0.0,0.0,0.0,0,0,0,0,0.0,0.0,15.0,0,0,0.0,LOW
E000153,U013,2026-03-04 01:02:00,login,,0,0,DEV-001,0,0,,,0,0.0,analyst,automated_system,PG1,2.0,0.5,46.933711817215006,10.95888428361128,234.02494389233863,137.9949419936346,1.6596776886458624,DEV-001,1,2026-03-04,1.0,2.0,60.0,1.6958950850758985,0.0,0.0,0.0,0.0,10,38,0.2631578947368421,0.0,8.972677595628415,4.294683263006742,1.8564064233334592,30.0,0.273224043715847,0.0,21.0,0.0,False,False,False,False,False,14.1,LOW,1,0,72780.0,0,0,0,0.0,0.0,0.0,0,0,0,0,0.0,0.0,15.0,0,0,0.0,LOW
E000079,U013,2026-03-03 03:09:00,login,,0,0,DEV-001,0,0,,,0,0.0,analyst,automated_system,PG1,2.0,0.5,46.933711817215006,10.95888428361128,234.02494389233863,137.9949419936346,1.6596776886458624,DEV-001,3,2026-03-03,1.0,2.0,60.0,1.6958950850758985,0.0,0.0,0.0,0.0,10,38,0.2631578947368421,0.0,8.972677595628415,4.294683263006742,1.3907143390702337,30.0,0.273224043715847,0.0,21.0,0.0,False,False,False,False,False,14.1,LOW,1,0,78540.0,0,0,0,0.0,0.0,0.0,0,0,0,0,0.0,0.0,15.0,0,0,0.0,LOW
E000162,U012,2026-03-04 02:10:00,login,,0,0,DEV-028,0,0,,,0,0.0,finance_officer,automated_system,PG4,3.0,0.5,26.36365885216557,5.471163754247346,507.0175649818456,269.6061145960815,2.3762380930888924,DEV-028,2,2026-03-04,1.0,2.0,60.0,1.8805862980572572,0.0,0.0,0.0,0.0,10,42,0.238095238095238,0.0,10.228260869565217,4.541498418788599,1.811794282592754,30.0,0.2608695652173913,0.0,21.0,0.0,False,False,False,False,False,14.1,LOW,1,0,73800.0,0,0,0,0.0,0.0,0.0,0,0,0,0,0.0,0.0,15.0,0,0,0.0,LOW
E000146,U003,2026-03-03 15:19:00,login,,0,0,DEV-018,0,0,,,0,0.0,admin,service_account,PG3,14.0,0.5,39.47334957614639,13.69300320792934,379.4036835648837,105.88076073191156,1.2678431944605075,DEV-018,15,2026-03-03,1.0,2.0,60.0,3.58331089559819,0.0,0.0,0.0,0.0,10,40,0.25,0.0,7.707446808510638,4.872112925153142,1.4967947794970575,30.0,0.2606382978723404,0.0,21.0,0.0,False,False,False,False,False,14.1,LOW,0,0,84960.0,0,0,0,0.0,0.0,0.0,0,0,0,0,0.0,0.0,0.0,0,0,0.0,LOW
E000134,U008,2026-03-03 13:18:00,login,,0,0,DEV-036,0,0,,,0,0.0,finance_officer,automated_system,PG4,14.0,0.5,31.97970537386679,12.291267979503491,657.5269825333995,182.8094046151768,2.968570051909785,DEV-036,13,2026-03-03,1.0,2.0,60.0,3.596789694258497,0.0,0.0,0.0,0.0,10,41,0.2439024390243902,0.0,10.228260869565217,4.541498418788599,0.6103137940041643,0.0,0.2608695652173913,0.0,0.0,0.0,False,False,False,False,False,12.0,LOW,0,0,79920.0,0,0,0,0.0,0.0,0.0,0,0,0,0,0.0,0.0,0.0,0,0,0.0,LOW
E000339,U005,2026-03-06 13:06:00,login,,0,0,DEV-024,0,0,,,0,0.0,analyst,service_account,PG1,14.0,0.5,28.73783139972465,14.222953720281598,39.40009903922908,152.6123984924825,1.8859193984833305,DEV-024,13,2026-03-06,1.0,2.0,60.0,0.2581710229865097,0.0,0.0,0.0,0.0,10,38,0.2631578947368421,0.0,8.972677595628415,4.294683263006742,0.937746082245894,0.0,0.273224043715847,0.0,0.0,0.0,False,False,False,False,False,12.0,LOW,0,0,81420.0,0,0,0,0.0,0.0,0.0,0,0,0,0,0.0,0.0,0.0,0,0,0.0,LOW
E000680,U001,2026-03-11 06:36:00,login,,0,0,DEV-028,0,0,,,0,0.0,admin,employee,PG1,8.062526888056667,0.6925205228583835,35.624751670417595,12.364712141640124,338.34974371145563,362.2628486966959,0.2608164978882484,DEV-028,6,2026-03-11,2.0625268880566665,2.9782899134072904,60.0,0.9339896291566416,0.0,0.0,0.0,0.0,10,37,0.2702702702702703,0.0,8.972677595628415,4.294683263006742,0.6921762126753953,0.0,0.273224043715847,0.0,0.0,0.0,False,False,False,False,False,12.0,LOW,1,0,77220.0,0,0,0,0.0,0.0,0.0,0,0,0,0,0.0,0.0,15.0,0,0,0.0,LOW
E000528,U007,2026-03-09 07:31:00,login,,0,0,DEV-005,0,0,,,0,0.0,admin,employee,PG3,8.950315562597915,0.8173872116579048,78.38772986485253,6.626540971560848,177.63535011376075,284.56131103219263,2.105460940375654,DEV-005,7,2026-03-09,1.9503155625979147,2.386036305415268,60.0,0.6242428019094441,0.0,0.0,0.0,0.0,10,42,0.238095238095238,0.0,7.707446808510638,4.872112925153142,0.1452032864136459,0.0,0.2606382978723404,0.0,0.0,0.0,False,False,False,False,False,12.0,LOW,1,0,73320.0,0,0,0,0.0,0.0,0.0,0,0,0,0,0.0,0.0,15.0,0,0,0.0,LOW
E000419,U020,2026-03-07 13:14:00,login,,0,0,DEV-038,0,0,,,0,0.0,finance_officer,service_account,PG4,14.0,0.5,51.60402989737908,7.47905613666008,379.27250971376577,57.36199100247061,1.6617645672734394,DEV-038,13,2026-03-07,1.0,2.0,60.0,6.61191327367682,0.0,0.0,0.0,0.0,10,39,0.2564102564102564,0.0,10.228260869565217,4.541498418788599,0.6103137940041643,0.0,0.2608695652173913,0.0,0.0,0.0,False,False,False,False,False,12.0,LOW,0,1,73080.0,0,0,0,0.0,0.0,0.0,0,0,0,0,0.0,0.0,0.0,0,0,0.0,LOW
E000526,U004,2026-03-09 06:53:00,login,,0,0,DEV-003,0,0,,,0,0.0,finance_officer,employee,PG4,8.538284405268971,1.0344458903045668,27.15471935638941,8.799273006373374,1205.1422653569596,170.38450286763987,0.7935626016660392,DEV-003,6,2026-03-09,2.5382844052689717,2.4537623756440627,60.0,7.07307439980708,0.0,0.0,0.0,0.0,9,33,0.2727272727272727,0.0,10.228260869565217,4.541498418788599,0.9310277092847836,0.0,0.2608695652173913,0.0,0.0,0.0,False,False,False,False,False,12.0,LOW,1,0,76500.0,0,0,0,0.0,0.0,0.0,0,0,0,0,0.0,0.0,15.0,0,0,0.0,LOW
E000717,U008,2026-03-11 13:06:00,login,,0,0,DEV-036,0,0,,,0,0.0,finance_officer,automated_system,PG4,14.0,0.5,31.97970537386679,12.291267979503491,657.5269825333995,182.8094046151768,2.968570051909785,DEV-036,13,2026-03-11,1.0,2.0,60.0,3.596789694258497,0.0,0.0,0.0,0.0,10,41,0.2439024390243902,0.0,10.228260869565217,4.541498418788599,0.6103137940041643,0.0,0.2608695652173913,0.0,0.0,0.0,False,False,False,False,False,12.0,LOW,0,0,78600.0,0,0,0,0.0,0.0,0.0,0,0,0,0,0.0,0.0,0.0,0,0,0.0,LOW
E000643,U005,2026-03-10 13:28:00,login,,0,0,DEV-024,0,0,,,0,0.0,analyst,service_account,PG1,14.0,0.5,28.73783139972465,14.222953720281598,39.40009903922908,152.6123984924825,1.8859193984833305,DEV-024,13,2026-03-10,1.0,2.0,60.0,0.2581710229865097,0.0,0.0,0.0,0.0,10,38,0.2631578947368421,0.0,8.972677595628415,4.294683263006742,0.937746082245894,0.0,0.273224043715847,0.0,0.0,0.0,False,False,False,False,False,12.0,LOW,0,0,76980.0,0,0,0,0.0,0.0,0.0,0,0,0,0,0.0,0.0,0.0,0,0,0.0,LOW
E000422,U005,2026-03-07 13:49:00,login,,0,0,DEV-024,0,0,,,0,0.0,analyst,service_account,PG1,14.0,0.5,28.73783139972465,14.222953720281598,39.40009903922908,152.6123984924825,1.8859193984833305,DEV-024,13,2026-03-07,1.0,2.0,60.0,0.2581710229865097,0.0,0.0,0.0,0.0,10,38,0.2631578947368421,0.0,8.972677595628415,4.294683263006742,0.937746082245894,0.0,0.273224043715847,0.0,0.0,0.0,False,False,False,False,False,12.0,LOW,0,1,77820.0,0,0,0,0.0,0.0,0.0,0,0,0,0,0.0,0.0,0.0,0,0,0.0,LOW
E000489,U010,2026-03-08 13:14:00,login,,0,0,DEV-017,0,0,,,0,0.0,manager,automated_system,PG2,14.0,0.5,42.02745165589346,11.5543866529488,197.8159505303321,370.0916564091903,1.3765555577621964,DEV-017,13,2026-03-08,1.0,2.0,60.0,0.5345052964707145,0.0,0.0,0.0,0.0,10,38,0.2631578947368421,0.0,9.209944751381215,4.253117875582253,0.8911239611716439,0.0,0.2651933701657458,0.0,0.0,0.0,False,False,False,False,False,12.0,LOW,0,1,74280.0,0,0,0,0.0,0.0,0.0,0,0,0,0,0.0,0.0,0.0,0,0,0.0,LOW
E000135,U005,2026-03-03 13:41:00,login,,0,0,DEV-024,0,0,,,0,0.0,analyst,service_account,PG1,14.0,0.5,28.73783139972465,14.222953720281598,39.40009903922908,152.6123984924825,1.8859193984833305,DEV-024,13,2026-03-03,1.0,2.0,60.0,0.2581710229865097,0.0,0.0,0.0,0.0,10,38,0.2631578947368421,0.0,8.972677595628415,4.294683263006742,0.937746082245894,0.0,0.273224043715847,0.0,0.0,0.0,False,False,False,False,False,12.0,LOW,0,0,76140.0,0,0,0,0.0,0.0,0.0,0,0,0,0,0.0,0.0,0.0,0,0,0.0,LOW
E000204,U008,2026-03-04 13:08:00,login,,0,0,DEV-036,0,0,,,0,0.0,finance_officer,automated_system,PG4,14.0,0.5,31.97970537386679,12.291267979503491,657.5269825333995,182.8094046151768,2.968570051909785,DEV-036,13,2026-03-04,1.0,2.0,60.0,3.596789694258497,0.0,0.0,0.0,0.0,10,41,0.2439024390243902,0.0,10.228260869565217,4.541498418788599,0.6103137940041643,0.0,0.2608695652173913,0.0,0.0,0.0,False,False,False,False,False,12.0,LOW,0,0,79140.0,0,0,0,0.0,0.0,0.0,0,0,0,0,0.0,0.0,0.0,0,0,0.0,LOW
E000640,U010,2026-03-10 13:01:00,login,,0,0,DEV-017,0,0,,,0,0.0,manager,automated_system,PG2,14.0,0.5,42.02745165589346,11.5543866529488,197.8159505303321,370.0916564091903,1.3765555577621964,DEV-017,13,2026-03-10,1.0,2.0,60.0,0.5345052964707145,0.0,0.0,0.0,0.0,10,38,0.2631578947368421,0.0,9.209944751381215,4.253117875582253,0.8911239611716439,0.0,0.2651933701657458,0.0,0.0,0.0,False,False,False,False,False,12.0,LOW,0,0,78000.0,0,0,0,0.0,0.0,0.0,0,0,0,0,0.0,0.0,0.0,0,0,0.0,LOW
E000337,U009,2026-03-06 12:00:00,login,,0,0,DEV-014,0,0,,,0,0.0,analyst,employee,PG1,9.711535627474689,1.0899963441328668,74.31999380823714,7.290480719641044,16.05012195201888,160.4085668206787,0.8032226279271082,DEV-014,12,2026-03-06,2.2884643725253118,2.0995156404362723,60.0,0.1000577604434392,0.0,0.0,0.0,0.0,10,36,0.2777777777777778,0.0,8.972677595628415,4.294683263006742,0.7049000401142813,0.0,0.273224043715847,0.0,0.0,0.0,False,False,False,False,False,12.0,LOW,0,0,81900.0,0,0,0,0.0,0.0,0.0,0,0,0,0,0.0,0.0,0.0,0,0,0.0,LOW
E000491,U005,2026-03-08 13:32:00,login,,0,0,DEV-024,0,0,,,0,0.0,analyst,service_account,PG1,14.0,0.5,28.73783139972465,14.222953720281598,39.40009903922908,152.6123984924825,1.8859193984833305,DEV-024,13,2026-03-08,1.0,2.0,60.0,0.2581710229865097,0.0,0.0,0.0,0.0,10,38,0.2631578947368421,0.0,8.972677595628415,4.294683263006742,0.937746082245894,0.0,0.273224043715847,0.0,0.0,0.0,False,False,False,False,False,12.0,LOW,0,1,78600.0,0,0,0,0.0,0.0,0.0,0,0,0,0,0.0,0.0,0.0,0,0,0.0,LOW
E000020,U017,2026-03-02 08:52:00,login,,0,0,DEV-032,0,0,,,0,0.0,analyst,employee,PG1,10.196804694557962,1.0821658705528256,41.5259887781863,5.579251664941875,439.0047996020203,381.4323058542979,0.2569603562036363,DEV-032,8,2026-03-02,2.1968046945579616,2.0300073716386207,60.0,1.1509376444105244,0.0,0.0,0.0,0.0,10,34,0.2941176470588235,0.0,8.972677595628415,4.294683263006742,0.2264841284121697,0.0,0.273224043715847,0.0,0.0,0.0,False,False,False,False,False,12.0,LOW,0,0,999999.0,0,0,0,0.0,0.0,0.0,0,0,0,0,0.0,0.0,0.0,0,0,0.0,LOW
E000462,U017,2026-03-08 08:43:00,login,,0,0,DEV-032,0,0,,,0,0.0,analyst,employee,PG1,10.196804694557962,1.0821658705528256,41.5259887781863,5.579251664941875,439.0047996020203,381.4323058542979,0.2569603562036363,DEV-032,8,2026-03-08,2.1968046945579616,2.0300073716386207,60.0,1.1509376444105244,0.0,0.0,0.0,0.0,10,34,0.2941176470588235,0.0,8.972677595628415,4.294683263006742,0.2264841284121697,0.0,0.273224043715847,0.0,0.0,0.0,False,False,False,False,False,12.0,LOW,0,1,78180.0,0,0,0,0.0,0.0,0.0,0,0,0,0,0.0,0.0,0.0,0,0,0.0,LOW
E000559,U010,2026-03-09 13:34:00,login,,0,0,DEV-017,0,0,,,0,0.0,manager,automated_system,PG2,14.0,0.5,42.02745165589346,11.5543866529488,197.8159505303321,370.0916564091903,1.3765555577621964,DEV-017,13,2026-03-09,1.0,2.0,60.0,0.5345052964707145,0.0,0.0,0.0,0.0,10,38,0.2631578947368421,0.0,9.209944751381215,4.253117875582253,0.8911239611716439,0.0,0.2651933701657458,0.0,0.0,0.0,False,False,False,False,False,12.0,LOW,0,0,81360.0,0,0,0,0.0,0.0,0.0,0,0,0,0,0.0,0.0,0.0,0,0,0.0,LOW
E000558,U020,2026-03-09 13:07:00,login,,0,0,DEV-038,0,0,,,0,0.0,finance_officer,service_account,PG4,14.0,0.5,51.60402989737908,7.47905613666008,379.27250971376577,57.36199100247061,1.6617645672734394,DEV-038,13,2026-03-09,1.0,2.0,60.0,6.61191327367682,0.0,0.0,0.0,0.0,10,39,0.2564102564102564,0.0,10.228260869565217,4.541498418788599,0.6103137940041643,0.0,0.2608695652173913,0.0,0.0,0.0,False,False,False,False,False,12.0,LOW,0,0,71640.0,0,0,0,0.0,0.0,0.0,0,0,0,0,0.0,0.0,0.0,0,0,0.0,LOW
E000207,U020,2026-03-04 13:54:00,login,,0,0,DEV-038,0,0,,,0,0.0,finance_officer,service_account,PG4,14.0,0.5,51.60402989737908,7.47905613666008,379.27250971376577,57.36199100247061,1.6617645672734394,DEV-038,13,2026-03-04,1.0,2.0,60.0,6.61191327367682,0.0,0.0,0.0,0.0,10,39,0.2564102564102564,0.0,10.228260869565217,4.541498418788599,0.6103137940041643,0.0,0.2608695652173913,0.0,0.0,0.0,False,False,False,False,False,12.0,LOW,0,0,74040.0,0,0,0,0.0,0.0,0.0,0,0,0,0,0.0,0.0,0.0,0,0,0.0,LOW
E000642,U008,2026-03-10 13:20:00,login,,0,0,DEV-036,0,0,,,0,0.0,finance_officer,automated_system,PG4,14.0,0.5,31.97970537386679,12.291267979503491,657.5269825333995,182.8094046151768,2.968570051909785,DEV-036,13,2026-03-10,1.0,2.0,60.0,3.596789694258497,0.0,0.0,0.0,0.0,10,41,0.2439024390243902,0.0,10.228260869565217,4.541498418788599,0.6103137940041643,0.0,0.2608695652173913,0.0,0.0,0.0,False,False,False,False,False,12.0,LOW,0,0,77460.0,0,0,0,0.0,0.0,0.0,0,0,0,0,0.0,0.0,0.0,0,0,0.0,LOW
E000679,U012,2026-03-11 05:49:00,transaction,,0,0,DEV-028,0,0,,BEN-021,0,1096.91,finance_officer,automated_system,PG4,3.0,0.5,26.36365885216557,5.471163754247346,507.0175649818456,269.6061145960815,2.3762380930888924,DEV-028,5,2026-03-11,2.0,4.0,0.0,2.187978695890928,60.0,0.0,0.0,0.0,10,42,0.238095238095238,0.0,10.228260869565217,4.541498418788599,1.1512193526117762,0.0,0.2445652173913043,0.0,0.0,0.0,False,False,False,False,True,9.0,LOW,1,0,4080.0,0,0,0,0.0,2.16,21.6,0,0,0,0,20.0,7.24,23.32,0,0,0.0,LOW
E000426,U003,2026-03-07 14:31:00,transaction,,0,0,DEV-018,0,0,,BEN-022,0,158.73,admin,service_account,PG3,14.0,0.5,39.47334957614639,13.69300320792934,379.4036835648837,105.88076073191156,1.2678431944605075,DEV-018,14,2026-03-07,0.0,0.0,0.0,2.084171685577761,60.0,0.0,0.0,0.0,10,40,0.25,0.0,7.707446808510638,4.872112925153142,1.2915450212582198,0.0,0.2127659574468085,0.0,0.0,0.0,False,False,False,False,True,9.0,LOW,0,1,180.0,1,1,1,6.58,0.42,4.2,0,0,0,0,20.0,5.62,6.81,0,0,0.0,LOW
E000582,U019,2026-03-10 01:23:00,transaction,,0,0,DEV-024,0,0,,BEN-010,0,1051.37,admin,service_account,PG3,2.0,0.5,85.02394451015238,12.552651966358056,344.9338160498108,299.53214048669264,1.1969768999922874,DEV-024,1,2026-03-10,1.0,2.0,0.0,2.3584653813855883,60.0,0.0,0.0,0.0,9,34,0.2647058823529412,0.0,7.707446808510638,4.872112925153142,1.3767018358466736,0.0,0.2127659574468085,0.0,0.0,0.0,False,False,False,False,True,9.0,LOW,1,0,2880.0,0,0,0,0.0,3.05,30.5,0,0,0,0,20.0,8.57,25.1,0,0,0.0,LOW
E000045,U018,2026-03-02 11:00:00,transaction,,0,0,DEV-039,0,0,,BEN-007,0,192.42,manager,employee,PG2,10.444961234193336,0.8728943186706609,28.80323580643089,11.597508227473677,473.42433985249545,107.79443564094468,1.583021362254762,DEV-039,11,2026-03-02,0.555038765806664,0.6358602111787574,0.0,2.6068538527211205,60.0,0.0,0.0,0.0,9,41,0.2195121951219512,0.0,9.209944751381215,4.253117875582253,0.4208807046933129,0.0,0.1933701657458563,0.0,0.0,0.0,False,False,False,False,True,9.0,LOW,0,0,2400.0,0,0,0,0.0,0.41,4.1,0,0,0,0,20.0,4.62,4.82,0,0,0.0,LOW
E000211,U020,2026-03-04 14:39:00,transaction,,0,0,DEV-038,0,0,,BEN-001,0,246.19,finance_officer,service_account,PG4,14.0,0.5,51.60402989737908,7.47905613666008,379.27250971376577,57.36199100247061,1.6617645672734394,DEV-038,14,2026-03-04,0.0,0.0,0.0,2.3200469054157105,60.0,0.0,0.0,0.0,10,39,0.2564102564102564,0.0,10.228260869565217,4.541498418788599,0.8305054373311569,0.0,0.2445652173913043,0.0,0.0,0.0,False,False,False,False,True,9.0,LOW,0,0,2700.0,0,0,0,0.0,0.65,6.5,0,0,0,0,20.0,4.97,5.3,0,0,0.0,LOW
E000335,U011,2026-03-06 11:29:00,transaction,,0,0,DEV-009,0,0,,BEN-004,0,147.88,admin,employee,PG3,8.61656876923496,0.8929576939142055,38.391912596605465,10.845859902235404,448.9114418012385,189.79017679913903,0.65796227747185,DEV-009,11,2026-03-06,2.3834312307650407,2.6691423871577484,0.0,1.5861276219781892,30.0,0.0,0.0,0.0,2,32,0.0625,30.0,7.707446808510638,4.872112925153142,0.6757957465417058,0.0,0.2127659574468085,0.0,0.0,0.0,False,False,False,False,True,7.5,LOW,0,0,8040.0,0,0,0,0.0,0.33,3.3,0,0,0,0,20.0,4.5,4.66,0,0,0.0,LOW
E000459,U001,2026-03-08 07:57:00,login,,0,0,DEV-028,0,0,,,0,0.0,admin,employee,PG1,8.062526888056667,0.6925205228583835,35.624751670417595,12.364712141640124,338.34974371145563,362.2628486966959,0.2608164978882484,DEV-028,7,2026-03-08,1.0625268880566665,1.5342893863579363,30.0,0.9339896291566416,0.0,0.0,0.0,0.0,10,37,0.2702702702702703,0.0,8.972677595628415,4.294683263006742,0.4593301705437825,0.0,0.273224043715847,0.0,0.0,0.0,False,False,False,False,False,6.0,LOW,1,1,77040.0,0,0,0,0.0,0.0,0.0,0,0,0,0,0.0,0.0,15.0,0,0,0.0,LOW
E000387,U007,2026-03-07 08:43:00,login,,0,0,DEV-005,0,0,,,0,0.0,admin,employee,PG3,8.950315562597915,0.8173872116579048,78.38772986485253,6.626540971560848,177.63535011376075,284.56131103219263,2.105460940375654,DEV-005,8,2026-03-07,0.9503155625979148,1.162625924462889,30.0,0.6242428019094441,0.0,0.0,0.0,0.0,10,42,0.238095238095238,0.0,7.707446808510638,4.872112925153142,0.060046471825192,0.0,0.2606382978723404,0.0,0.0,0.0,False,False,False,False,False,6.0,LOW,0,1,76440.0,0,0,0,0.0,0.0,0.0,0,0,0,0,0.0,0.0,0.0,0,0,0.0,LOW
E000603,U002,2026-03-10 07:59:00,login,,0,0,DEV-015,0,0,,,0,0.0,admin,employee,PG2,8.074493048595176,0.6530465823625223,55.374870167235365,5.265359696838637,99.41882534332424,277.4595532228331,1.63482444180965,DEV-015,7,2026-03-10,1.0744930485951762,1.645354370752527,30.0,0.3583182636478877,0.0,0.0,0.0,0.0,9,39,0.2307692307692307,0.0,9.209944751381215,4.253117875582253,0.5196058082633491,0.0,0.2651933701657458,0.0,0.0,0.0,False,False,False,False,False,6.0,LOW,1,0,167400.0,0,0,0,0.0,0.0,0.0,0,0,0,0,0.0,0.0,15.0,0,0,0.0,LOW
E000255,U001,2026-03-05 09:34:00,login,,0,0,DEV-028,0,0,,,0,0.0,admin,employee,PG1,8.062526888056667,0.6925205228583835,35.624751670417595,12.364712141640124,338.34974371145563,362.2628486966959,0.2608164978882484,DEV-028,9,2026-03-05,0.9374731119433336,1.3537116677407717,30.0,0.9339896291566416,0.0,0.0,0.0,0.0,10,37,0.2702702702702703,0.0,8.972677595628415,4.294683263006742,0.006361913719443,0.0,0.273224043715847,0.0,0.0,0.0,False,False,False,False,False,6.0,LOW,0,0,78720.0,0,0,0,0.0,0.0,0.0,0,0,0,0,0.0,0.0,0.0,0,0,0.0,LOW
E000602,U004,2026-03-10 07:51:00,login,,0,0,DEV-003,0,0,,,0,0.0,finance_officer,employee,PG4,8.538284405268971,1.0344458903045668,27.15471935638941,8.799273006373374,1205.1422653569596,170.38450286763987,0.7935626016660392,DEV-003,7,2026-03-10,1.5382844052689713,1.4870612563563492,30.0,7.07307439980708,0.0,0.0,0.0,0.0,9,33,0.2727272727272727,0.0,10.228260869565217,4.541498418788599,0.7108360659577911,0.0,0.2608695652173913,0.0,0.0,0.0,False,False,False,False,False,6.0,LOW,1,0,83460.0,0,0,0,0.0,0.0,0.0,0,0,0,0,0.0,0.0,15.0,0,0,0.0,LOW
E000017,U016,2026-03-02 08:02:00,login,,0,0,DEV-008,0,0,,,0,0.0,finance_officer,employee,PG4,8.93478463147787,0.6130843250272073,86.74498233574519,14.224340806182749,2771.7817843079665,259.6306045610802,1.4658171240868436,DEV-008,8,2026-03-02,0.9347846314778696,1.524724403019741,30.0,10.6758669263734,0.0,0.0,0.0,0.0,9,29,0.3103448275862069,0.0,10.228260869565217,4.541498418788599,0.4906444226307985,0.0,0.2608695652173913,0.0,0.0,0.0,False,False,False,False,False,6.0,LOW,0,0,999999.0,0,0,0,0.0,0.0,0.0,0,0,0,0,0.0,0.0,0.0,0,0,0.0,LOW
E000682,U009,2026-03-11 08:00:00,login,,0,0,DEV-014,0,0,,,0,0.0,analyst,employee,PG1,9.711535627474689,1.0899963441328668,74.31999380823714,7.290480719641044,16.05012195201888,160.4085668206787,0.8032226279271082,DEV-014,8,2026-03-11,1.711535627474689,1.570221438528108,30.0,0.1000577604434392,0.0,0.0,0.0,0.0,10,36,0.2777777777777778,0.0,8.972677595628415,4.294683263006742,0.2264841284121697,0.0,0.273224043715847,0.0,0.0,0.0,False,False,False,False,False,6.0,LOW,0,0,76500.0,0,0,0,0.0,0.0,0.0,0,0,0,0,0.0,0.0,0.0,0,0,0.0,LOW
E000178,U016,2026-03-04 08:36:00,login,,0,0,DEV-008,0,0,,,0,0.0,finance_officer,employee,PG4,8.93478463147787,0.6130843250272073,86.74498233574519,14.224340806182749,2771.7817843079665,259.6306045610802,1.4658171240868436,DEV-008,8,2026-03-04,0.9347846314778696,1.524724403019741,30.0,10.6758669263734,0.0,0.0,0.0,0.0,9,29,0.3103448275862069,0.0,10.228260869565217,4.541498418788599,0.4906444226307985,0.0,0.2608695652173913,0.0,0.0,0.0,False,False,False,False,False,6.0,LOW,0,0,78120.0,0,0,0,0.0,0.0,0.0,0,0,0,0,0.0,0.0,0.0,0,0,0.0,LOW
E000385,U016,2026-03-07 08:33:00,login,,0,0,DEV-008,0,0,,,0,0.0,finance_officer,employee,PG4,8.93478463147787,0.6130843250272073,86.74498233574519,14.224340806182749,2771.7817843079665,259.6306045610802,1.4658171240868436,DEV-008,8,2026-03-07,0.9347846314778696,1.524724403019741,30.0,10.6758669263734,0.0,0.0,0.0,0.0,9,29,0.3103448275862069,0.0,10.228260869565217,4.541498418788599,0.4906444226307985,0.0,0.2608695652173913,0.0,0.0,0.0,False,False,False,False,False,6.0,LOW,0,1,162900.0,0,0,0,0.0,0.0,0.0,0,0,0,0,0.0,0.0,0.0,0,0,0.0,LOW
E000475,U016,2026-03-08 10:08:00,login,,0,0,DEV-008,0,0,,,0,0.0,finance_officer,employee,PG4,8.93478463147787,0.6130843250272073,86.74498233574519,14.224340806182749,2771.7817843079665,259.6306045610802,1.4658171240868436,DEV-008,10,2026-03-08,1.0652153685221304,1.737469586218598,30.0,10.6758669263734,0.0,0.0,0.0,0.0,9,29,0.3103448275862069,0.0,10.228260869565217,4.541498418788599,0.0502611359768134,0.0,0.2608695652173913,0.0,0.0,0.0,False,False,False,False,False,6.0,LOW,0,1,82140.0,0,0,0,0.0,0.0,0.0,0,0,0,0,0.0,0.0,0.0,0,0,0.0,LOW
E000548,U016,2026-03-09 10:42:00,login,,0,0,DEV-008,0,0,,,0,0.0,finance_officer,employee,PG4,8.93478463147787,0.6130843250272073,86.74498233574519,14.224340806182749,2771.7817843079665,259.6306045610802,1.4658171240868436,DEV-008,10,2026-03-09,1.0652153685221304,1.737469586218598,30.0,10.6758669263734,0.0,0.0,0.0,0.0,9,29,0.3103448275862069,0.0,10.228260869565217,4.541498418788599,0.0502611359768134,0.0,0.2608695652173913,0.0,0.0,0.0,False,False,False,False,False,6.0,LOW,0,0,84720.0,0,0,0,0.0,0.0,0.0,0,0,0,0,0.0,0.0,0.0,0,0,0.0,LOW
E000609,U016,2026-03-10 08:32:00,login,,0,0,DEV-008,0,0,,,0,0.0,finance_officer,employee,PG4,8.93478463147787,0.6130843250272073,86.74498233574519,14.224340806182749,2771.7817843079665,259.6306045610802,1.4658171240868436,DEV-008,8,2026-03-10,0.9347846314778696,1.524724403019741,30.0,10.6758669263734,0.0,0.0,0.0,0.0,9,29,0.3103448275862069,0.0,10.228260869565217,4.541498418788599,0.4906444226307985,0.0,0.2608695652173913,0.0,0.0,0.0,False,False,False,False,False,6.0,LOW,0,0,67080.0,0,0,0,0.0,0.0,0.0,0,0,0,0,0.0,0.0,0.0,0,0,0.0,LOW
E000683,U016,2026-03-11 08:35:00,login,,0,0,DEV-008,0,0,,,0,0.0,finance_officer,employee,PG4,8.93478463147787,0.6130843250272073,86.74498233574519,14.224340806182749,2771.7817843079665,259.6306045610802,1.4658171240868436,DEV-008,8,2026-03-11,0.9347846314778696,1.524724403019741,30.0,10.6758669263734,0.0,0.0,0.0,0.0,9,29,0.3103448275862069,0.0,10.228260869565217,4.541498418788599,0.4906444226307985,0.0,0.2608695652173913,0.0,0.0,0.0,False,False,False,False,False,6.0,LOW,0,0,78420.0,0,0,0,0.0,0.0,0.0,0,0,0,0,0.0,0.0,0.0,0,0,0.0,LOW
E000531,U009,2026-03-09 08:10:00,login,,0,0,DEV-014,0,0,,,0,0.0,analyst,employee,PG1,9.711535627474689,1.0899963441328668,74.31999380823714,7.290480719641044,16.05012195201888,160.4085668206787,0.8032226279271082,DEV-014,8,2026-03-09,1.711535627474689,1.570221438528108,30.0,0.1000577604434392,0.0,0.0,0.0,0.0,10,36,0.2777777777777778,0.0,8.972677595628415,4.294683263006742,0.2264841284121697,0.0,0.273224043715847,0.0,0.0,0.0,False,False,False,False,False,6.0,LOW,0,0,80040.0,0,0,0,0.0,0.0,0.0,0,0,0,0,0.0,0.0,0.0,0,0,0.0,LOW
E000116,U017,2026-03-03 09:49:00,login,,0,0,DEV-032,0,0,,,0,0.0,analyst,employee,PG1,10.196804694557962,1.0821658705528256,41.5259887781863,5.579251664941875,439.0047996020203,381.4323058542979,0.2569603562036363,DEV-032,9,2026-03-03,1.1968046945579616,1.1059346142071294,30.0,1.1509376444105244,0.0,0.0,0.0,0.0,10,34,0.2941176470588235,0.0,8.972677595628415,4.294683263006742,0.006361913719443,0.0,0.273224043715847,0.0,0.0,0.0,False,False,False,False,False,6.0,LOW,0,0,84600.0,0,0,0,0.0,0.0,0.0,0,0,0,0,0.0,0.0,0.0,0,0,0.0,LOW
E000189,U017,2026-03-04 09:59:00,login,,0,0,DEV-032,0,0,,,0,0.0,analyst,employee,PG1,10.196804694557962,1.0821658705528256,41.5259887781863,5.579251664941875,439.0047996020203,381.4323058542979,0.2569603562036363,DEV-032,9,2026-03-04,1.1968046945579616,1.1059346142071294,30.0,1.1509376444105244,0.0,0.0,0.0,0.0,10,34,0.2941176470588235,0.0,8.972677595628415,4.294683263006742,0.006361913719443,0.0,0.273224043715847,0.0,0.0,0.0,False,False,False,False,False,6.0,LOW,0,0,80820.0,0,0,0,0.0,0.0,0.0,0,0,0,0,0.0,0.0,0.0,0,0,0.0,LOW
E000175,U004,2026-03-04 07:58:00,login,,0,0,DEV-003,0,0,,,0,0.0,finance_officer,employee,PG4,8.538284405268971,1.0344458903045668,27.15471935638941,8.799273006373374,1205.1422653569596,170.38450286763987,0.7935626016660392,DEV-003,7,2026-03-04,1.5382844052689713,1.4870612563563492,30.0,7.07307439980708,0.0,0.0,0.0,0.0,9,33,0.2727272727272727,0.0,10.228260869565217,4.541498418788599,0.7108360659577911,0.0,0.2608695652173913,0.0,0.0,0.0,False,False,False,False,False,6.0,LOW,1,0,78480.0,0,0,0,0.0,0.0,0.0,0,0,0,0,0.0,0.0,15.0,0,0,0.0,LOW
E000395,U017,2026-03-07 09:36:00,login,,0,0,DEV-032,0,0,,,0,0.0,analyst,employee,PG1,10.196804694557962,1.0821658705528256,41.5259887781863,5.579251664941875,439.0047996020203,381.4323058542979,0.2569603562036363,DEV-032,9,2026-03-07,1.1968046945579616,1.1059346142071294,30.0,1.1509376444105244,0.0,0.0,0.0,0.0,10,34,0.2941176470588235,0.0,8.972677595628415,4.294683263006742,0.006361913719443,0.0,0.273224043715847,0.0,0.0,0.0,False,False,False,False,False,6.0,LOW,0,1,80940.0,0,0,0,0.0,0.0,0.0,0,0,0,0,0.0,0.0,0.0,0,0,0.0,LOW
E000183,U018,2026-03-04 09:27:00,login,,0,0,DEV-039,0,0,,,0,0.0,manager,employee,PG2,10.444961234193336,0.8728943186706609,28.80323580643089,11.597508227473677,473.42433985249545,107.79443564094468,1.583021362254762,DEV-039,9,2026-03-04,1.444961234193336,1.655367898824088,30.0,4.391918163841379,0.0,0.0,0.0,0.0,10,41,0.2439024390243902,0.0,9.209944751381215,4.253117875582253,0.0493625517850181,0.0,0.2651933701657458,0.0,0.0,0.0,False,False,False,False,False,6.0,LOW,0,0,73620.0,0,0,0,0.0,0.0,0.0,0,0,0,0,0.0,0.0,0.0,0,0,0.0,LOW
E000694,U004,2026-03-11 10:08:00,login,,0,0,DEV-003,0,0,,,0,0.0,finance_officer,employee,PG4,8.538284405268971,1.0344458903045668,27.15471935638941,8.799273006373374,1205.1422653569596,170.38450286763987,0.7935626016660392,DEV-003,10,2026-03-11,1.4617155947310287,1.413042101506791,30.0,7.07307439980708,0.0,0.0,0.0,0.0,9,33,0.2727272727272727,0.0,10.228260869565217,4.541498418788599,0.0502611359768134,0.0,0.2608695652173913,0.0,0.0,0.0,False,False,False,False,False,6.0,LOW,0,0,88020.0,0,0,0,0.0,0.0,0.0,0,0,0,0,0.0,0.0,0.0,0,0,0.0,LOW
E000024,U018,2026-03-02 09:10:00,login,,0,0,DEV-039,0,0,,,0,0.0,manager,employee,PG2,10.444961234193336,0.8728943186706609,28.80323580643089,11.597508227473677,473.42433985249545,107.79443564094468,1.583021362254762,DEV-039,9,2026-03-02,1.444961234193336,1.655367898824088,30.0,4.391918163841379,0.0,0.0,0.0,0.0,10,41,0.2439024390243902,0.0,9.209944751381215,4.253117875582253,0.0493625517850181,0.0,0.2651933701657458,0.0,0.0,0.0,False,False,False,False,False,6.0,LOW,0,0,999999.0,0,0,0,0.0,0.0,0.0,0,0,0,0,0.0,0.0,0.0,0,0,0.0,LOW
E000173,U002,2026-03-04 07:18:00,login,,0,0,DEV-015,0,0,,,0,0.0,admin,employee,PG2,8.074493048595176,0.6530465823625223,55.374870167235365,5.265359696838637,99.41882534332424,277.4595532228331,1.63482444180965,DEV-015,7,2026-03-04,1.0744930485951762,1.645354370752527,30.0,0.3583182636478877,0.0,0.0,0.0,0.0,9,39,0.2307692307692307,0.0,9.209944751381215,4.253117875582253,0.5196058082633491,0.0,0.2651933701657458,0.0,0.0,0.0,False,False,False,False,False,6.0,LOW,1,0,78840.0,0,0,0,0.0,0.0,0.0,0,0,0,0,0.0,0.0,15.0,0,0,0.0,LOW
E000614,U018,2026-03-10 09:09:00,login,,0,0,DEV-039,0,0,,,0,0.0,manager,employee,PG2,10.444961234193336,0.8728943186706609,28.80323580643089,11.597508227473677,473.42433985249545,107.79443564094468,1.583021362254762,DEV-039,9,2026-03-10,1.444961234193336,1.655367898824088,30.0,4.391918163841379,0.0,0.0,0.0,0.0,10,41,0.2439024390243902,0.0,9.209944751381215,4.253117875582253,0.0493625517850181,0.0,0.2651933701657458,0.0,0.0,0.0,False,False,False,False,False,6.0,LOW,0,0,76020.0,0,0,0,0.0,0.0,0.0,0,0,0,0,0.0,0.0,0.0,0,0,0.0,LOW
E000313,U002,2026-03-06 07:19:00,login,,0,0,DEV-015,0,0,,,0,0.0,admin,employee,PG2,8.074493048595176,0.6530465823625223,55.374870167235365,5.265359696838637,99.41882534332424,277.4595532228331,1.63482444180965,DEV-015,7,2026-03-06,1.0744930485951762,1.645354370752527,30.0,0.3583182636478877,0.0,0.0,0.0,0.0,9,39,0.2307692307692307,0.0,9.209944751381215,4.253117875582253,0.5196058082633491,0.0,0.2651933701657458,0.0,0.0,0.0,False,False,False,False,False,6.0,LOW,1,0,162900.0,0,0,0,0.0,0.0,0.0,0,0,0,0,0.0,0.0,15.0,0,0,0.0,LOW
E000246,U011,2026-03-05 07:38:00,login,,0,0,DEV-009,0,0,,,0,0.0,admin,employee,PG3,8.61656876923496,0.8929576939142055,38.391912596605465,10.845859902235404,448.9114418012385,189.79017679913903,0.65796227747185,DEV-009,7,2026-03-05,1.6165687692349593,1.8103531446701189,30.0,2.365303881224241,0.0,0.0,0.0,0.0,9,32,0.28125,0.0,7.707446808510638,4.872112925153142,0.1452032864136459,0.0,0.2606382978723404,0.0,0.0,0.0,False,False,False,False,False,6.0,LOW,1,0,80460.0,0,0,0,0.0,0.0,0.0,0,0,0,0,0.0,0.0,15.0,0,0,0.0,LOW
E000527,U011,2026-03-09 07:13:00,login,,0,0,DEV-009,0,0,,,0,0.0,admin,employee,PG3,8.61656876923496,0.8929576939142055,38.391912596605465,10.845859902235404,448.9114418012385,189.79017679913903,0.65796227747185,DEV-009,7,2026-03-09,1.6165687692349593,1.8103531446701189,30.0,2.365303881224241,0.0,0.0,0.0,0.0,9,32,0.28125,0.0,7.707446808510638,4.872112925153142,0.1452032864136459,0.0,0.2606382978723404,0.0,0.0,0.0,False,False,False,False,False,6.0,LOW,1,0,70800.0,0,0,0,0.0,0.0,0.0,0,0,0,0,0.0,0.0,15.0,0,0,0.0,LOW
E000688,U018,2026-03-11 09:30:00,login,,0,0,DEV-039,0,0,,,0,0.0,manager,employee,PG2,10.444961234193336,0.8728943186706609,28.80323580643089,11.597508227473677,473.42433985249545,107.79443564094468,1.583021362254762,DEV-039,9,2026-03-11,1.444961234193336,1.655367898824088,30.0,4.391918163841379,0.0,0.0,0.0,0.0,10,41,0.2439024390243902,0.0,9.209944751381215,4.253117875582253,0.0493625517850181,0.0,0.2651933701657458,0.0,0.0,0.0,False,False,False,False,False,6.0,LOW,0,0,80760.0,0,0,0,0.0,0.0,0.0,0,0,0,0,0.0,0.0,0.0,0,0,0.0,LOW
E000456,U004,2026-03-08 07:44:00,login,,0,0,DEV-003,0,0,,,0,0.0,finance_officer,employee,PG4,8.538284405268971,1.0344458903045668,27.15471935638941,8.799273006373374,1205.1422653569596,170.38450286763987,0.7935626016660392,DEV-003,7,2026-03-08,1.5382844052689713,1.4870612563563492,30.0,7.07307439980708,0.0,0.0,0.0,0.0,9,33,0.2727272727272727,0.0,10.228260869565217,4.541498418788599,0.7108360659577911,0.0,0.2608695652173913,0.0,0.0,0.0,False,False,False,False,False,6.0,LOW,1,1,161400.0,0,0,0,0.0,0.0,0.0,0,0,0,0,0.0,0.0,15.0,0,0,0.0,LOW
E000174,U011,2026-03-04 07:57:00,login,,0,0,DEV-009,0,0,,,0,0.0,admin,employee,PG3,8.61656876923496,0.8929576939142055,38.391912596605465,10.845859902235404,448.9114418012385,189.79017679913903,0.65796227747185,DEV-009,7,2026-03-04,1.6165687692349593,1.8103531446701189,30.0,2.365303881224241,0.0,0.0,0.0,0.0,9,32,0.28125,0.0,7.707446808510638,4.872112925153142,0.1452032864136459,0.0,0.2606382978723404,0.0,0.0,0.0,False,False,False,False,False,6.0,LOW,1,0,74100.0,0,0,0,0.0,0.0,0.0,0,0,0,0,0.0,0.0,15.0,0,0,0.0,LOW
E000463,U014,2026-03-08 08:45:00,login,,0,0,DEV-017,0,0,,,0,0.0,manager,employee,PG2,9.704275922566437,0.8758792312861565,38.677763296678,11.40961798579808,55.77608679793822,202.16783773418675,1.3611711189876194,DEV-017,8,2026-03-08,1.7042759225664366,1.9457887134323848,30.0,0.2758900101176006,0.0,0.0,0.0,0.0,9,33,0.2727272727272727,0.0,9.209944751381215,4.253117875582253,0.2844841800241836,0.0,0.2651933701657458,0.0,0.0,0.0,False,False,False,False,False,6.0,LOW,0,1,77100.0,0,0,0,0.0,0.0,0.0,0,0,0,0,0.0,0.0,0.0,0,0,0.0,LOW
E000457,U002,2026-03-08 07:45:00,login,,0,0,DEV-015,0,0,,,0,0.0,admin,employee,PG2,8.074493048595176,0.6530465823625223,55.374870167235365,5.265359696838637,99.41882534332424,277.4595532228331,1.63482444180965,DEV-015,7,2026-03-08,1.0744930485951762,1.645354370752527,30.0,0.3583182636478877,0.0,0.0,0.0,0.0,9,39,0.2307692307692307,0.0,9.209944751381215,4.253117875582253,0.5196058082633491,0.0,0.2651933701657458,0.0,0.0,0.0,False,False,False,False,False,6.0,LOW,1,1,77880.0,0,0,0,0.0,0.0,0.0,0,0,0,0,0.0,0.0,15.0,0,0,0.0,LOW
E000016,U013,2026-03-02 05:20:00,transaction,,0,0,DEV-001,0,0,,BEN-011,0,71.03,analyst,automated_system,PG1,2.0,0.5,46.933711817215006,10.95888428361128,234.02494389233863,137.9949419936346,1.6596776886458624,DEV-001,5,2026-03-02,3.0,6.0,0.0,1.1811660741873946,30.0,0.0,0.0,0.0,10,38,0.2631578947368421,0.0,8.972677595628415,4.294683263006742,0.925022254807008,0.0,0.1639344262295081,0.0,0.0,0.0,False,False,False,False,True,4.5,LOW,1,0,4080.0,0,0,0,0.0,0.3,3.0,0,0,0,0,20.0,4.45,19.6,0,0,0.0,LOW
E000138,U008,2026-03-03 14:16:00,transaction,,0,0,DEV-036,0,0,,BEN-029,0,849.61,finance_officer,automated_system,PG4,14.0,0.5,31.97970537386679,12.291267979503491,657.5269825333995,182.8094046151768,2.968570051909785,DEV-036,14,2026-03-03,0.0,0.0,0.0,1.0507283138465724,30.0,0.0,0.0,0.0,10,41,0.2439024390243902,0.0,10.228260869565217,4.541498418788599,0.8305054373311569,0.0,0.2445652173913043,0.0,0.0,0.0,False,False,False,False,True,4.5,LOW,0,0,1320.0,0,0,1,0.83,1.29,12.9,0,0,0,0,20.0,6.06,6.83,0,0,0.0,LOW
E000304,U012,2026-03-06 02:59:00,transaction,,0,0,DEV-028,0,0,,BEN-006,0,953.49,finance_officer,automated_system,PG4,3.0,0.5,26.36365885216557,5.471163754247346,507.0175649818456,269.6061145960815,2.3762380930888924,DEV-028,2,2026-03-06,1.0,2.0,0.0,1.6560174671373846,30.0,0.0,0.0,0.0,10,42,0.238095238095238,0.0,10.228260869565217,4.541498418788599,1.811794282592754,0.0,0.2445652173913043,0.0,0.0,0.0,False,False,False,False,True,4.5,LOW,1,0,2400.0,0,0,0,0.0,1.88,18.8,0,0,0,0,20.0,6.82,22.76,0,0,0.0,LOW
E000196,U007,2026-03-04 10:44:00,transaction,,0,0,DEV-005,0,0,,BEN-014,0,620.47,admin,employee,PG3,8.950315562597915,0.8173872116579048,78.38772986485253,6.626540971560848,177.63535011376075,284.56131103219263,2.105460940375654,DEV-005,10,2026-03-04,1.0496844374020853,1.2841948374418686,0.0,1.5562011865911771,30.0,0.0,0.0,0.0,9,42,0.2142857142857142,0.0,7.707446808510638,4.872112925153142,0.4705459883028679,0.0,0.2127659574468085,0.0,0.0,0.0,False,False,False,False,True,4.5,LOW,0,0,1320.0,0,0,1,0.83,3.49,34.9,0,0,0,0,20.0,9.36,11.23,0,0,0.0,LOW
E000573,U008,2026-03-09 15:38:00,transaction,,0,0,DEV-036,0,0,,BEN-013,0,874.64,finance_officer,automated_system,PG4,14.0,0.5,31.97970537386679,12.291267979503491,657.5269825333995,182.8094046151768,2.968570051909785,DEV-036,15,2026-03-09,1.0,2.0,0.0,1.1876468714705055,30.0,0.0,0.0,0.0,10,41,0.2439024390243902,0.0,10.228260869565217,4.541498418788599,1.0506970806581497,0.0,0.2445652173913043,0.0,0.0,0.0,False,False,False,False,True,4.5,LOW,0,0,600.0,0,1,1,2.58,1.33,13.3,0,0,0,0,20.0,6.38,7.43,0,0,0.0,LOW
E000452,U013,2026-03-08 04:36:00,transaction,,0,0,DEV-001,0,0,,BEN-020,0,446.36,analyst,automated_system,PG1,2.0,0.5,46.933711817215006,10.95888428361128,234.02494389233863,137.9949419936346,1.6596776886458624,DEV-001,4,2026-03-08,2.0,4.0,0.0,1.53871622423274,30.0,0.0,0.0,0.0,10,38,0.2631578947368421,0.0,8.972677595628415,4.294683263006742,1.157868296938621,0.0,0.1639344262295081,0.0,0.0,0.0,False,False,False,False,True,4.5,LOW,1,1,7140.0,0,0,0,0.0,1.91,19.1,0,0,0,0,20.0,6.86,22.82,0,0,0.0,LOW
E000418,U018,2026-03-07 12:23:00,transaction,,0,0,DEV-039,0,0,,BEN-010,0,649.88,manager,employee,PG2,10.444961234193336,0.8728943186706609,28.80323580643089,11.597508227473677,473.42433985249545,107.79443564094468,1.583021362254762,DEV-039,12,2026-03-07,1.555038765806664,1.78147426618018,0.0,1.6369644601625388,30.0,0.0,0.0,0.0,9,41,0.2195121951219512,0.0,9.209944751381215,4.253117875582253,0.6560023329324784,0.0,0.1933701657458563,0.0,0.0,0.0,False,False,False,False,True,4.5,LOW,0,1,5160.0,0,0,0,0.0,1.37,13.7,0,0,0,0,20.0,6.06,6.74,0,0,0.0,LOW
E000648,U008,2026-03-10 14:43:00,transaction,,0,0,DEV-036,0,0,,BEN-014,0,960.47,finance_officer,automated_system,PG4,14.0,0.5,31.97970537386679,12.291267979503491,657.5269825333995,182.8094046151768,2.968570051909785,DEV-036,14,2026-03-10,0.0,0.0,0.0,1.657152257042307,30.0,0.0,0.0,0.0,10,41,0.2439024390243902,0.0,10.228260869565217,4.541498418788599,0.8305054373311569,0.0,0.2445652173913043,0.0,0.0,0.0,False,False,False,False,True,4.5,LOW,0,0,4980.0,0,0,0,0.0,1.46,14.6,0,0,0,0,20.0,6.19,6.92,0,0,0.0,LOW
E000120,U004,2026-03-03 10:10:00,transaction,,0,0,DEV-003,0,0,,BEN-017,0,998.79,finance_officer,employee,PG4,8.538284405268971,1.0344458903045668,27.15471935638941,8.799273006373374,1205.1422653569596,170.38450286763987,0.7935626016660392,DEV-003,10,2026-03-03,1.4617155947310287,1.413042101506791,0.0,1.2110976167665943,30.0,0.0,0.0,0.0,8,33,0.2424242424242424,0.0,10.228260869565217,4.541498418788599,0.0502611359768134,0.0,0.2445652173913043,0.0,0.0,0.0,False,False,False,False,True,4.5,LOW,0,0,1980.0,0,0,0,0.0,0.83,8.3,0,0,0,0,20.0,5.24,5.66,0,0,0.0,LOW
E000052,U007,2026-03-02 12:14:00,transaction,,0,0,DEV-005,0,0,,BEN-024,0,519.64,admin,employee,PG3,8.950315562597915,0.8173872116579048,78.38772986485253,6.626540971560848,177.63535011376075,284.56131103219263,2.105460940375654,DEV-005,12,2026-03-02,3.0496844374020853,3.731015599346626,0.0,1.201866299553097,30.0,0.0,0.0,0.0,9,42,0.2142857142857142,0.0,7.707446808510638,4.872112925153142,0.8810455047805438,0.0,0.2127659574468085,0.0,0.0,0.0,False,False,False,False,True,4.5,LOW,0,0,6420.0,0,0,0,0.0,2.93,29.3,0,0,0,0,20.0,8.4,9.86,0,0,0.0,LOW
E000312,U013,2026-03-06 04:53:00,transaction,,0,0,DEV-001,0,0,,BEN-020,0,401.91,analyst,automated_system,PG1,2.0,0.5,46.933711817215006,10.95888428361128,234.02494389233863,137.9949419936346,1.6596776886458624,DEV-001,4,2026-03-06,2.0,4.0,0.0,1.2166029687914617,30.0,0.0,0.0,0.0,10,38,0.2631578947368421,0.0,8.972677595628415,4.294683263006742,1.157868296938621,0.0,0.1639344262295081,0.0,0.0,0.0,False,False,False,False,True,4.5,LOW,1,0,1560.0,0,0,1,0.83,1.72,17.2,0,0,0,0,20.0,6.7,22.69,0,0,0.0,LOW
E000099,U002,2026-03-03 08:43:00,transaction,,0,0,DEV-015,0,0,,BEN-029,0,622.16,admin,employee,PG2,8.074493048595176,0.6530465823625223,55.374870167235365,5.265359696838637,99.41882534332424,277.4595532228331,1.63482444180965,DEV-015,8,2026-03-03,0.0744930485951762,0.1140700381980152,0.0,1.884026585441995,30.0,0.0,0.0,0.0,9,39,0.2307692307692307,0.0,9.209944751381215,4.253117875582253,0.2844841800241836,0.0,0.1933701657458563,0.0,0.0,0.0,False,False,False,False,True,4.5,LOW,0,0,1740.0,0,0,1,0.83,6.26,62.6,0,0,0,0,20.0,13.51,16.77,0,0,0.0,LOW
E000539,U007,2026-03-09 09:03:00,transaction,,0,0,DEV-005,0,0,,BEN-028,0,543.09,admin,employee,PG3,8.950315562597915,0.8173872116579048,78.38772986485253,6.626540971560848,177.63535011376075,284.56131103219263,2.105460940375654,DEV-005,9,2026-03-09,0.0496844374020852,0.0607844564894897,0.0,1.284273847912147,30.0,0.0,0.0,0.0,9,42,0.2142857142857142,0.0,7.707446808510638,4.872112925153142,0.2652962300640299,0.0,0.2127659574468085,0.0,0.0,0.0,False,False,False,False,True,4.5,LOW,0,0,180.0,1,1,1,6.58,3.06,30.6,0,0,0,0,20.0,9.58,12.09,0,0,0.0,LOW
E000190,U002,2026-03-04 10:04:00,transaction,,0,0,DEV-015,0,0,,BEN-017,0,600.19,admin,employee,PG2,8.074493048595176,0.6530465823625223,55.374870167235365,5.265359696838637,99.41882534332424,277.4595532228331,1.63482444180965,DEV-015,10,2026-03-04,1.925506951404824,2.9484986269110083,0.0,1.804843873061732,30.0,0.0,0.0,0.0,9,39,0.2307692307692307,0.0,9.209944751381215,4.253117875582253,0.1857590764541474,0.0,0.1933701657458563,0.0,0.0,0.0,False,False,False,False,True,4.5,LOW,0,0,6300.0,0,0,0,0.0,6.04,60.4,0,0,0,0,20.0,13.06,16.08,0,0,0.0,LOW
E000014,U012,2026-03-02 04:14:00,transaction,,0,0,DEV-028,0,0,,BEN-001,0,908.47,finance_officer,automated_system,PG4,3.0,0.5,26.36365885216557,5.471163754247346,507.0175649818456,269.6061145960815,2.3762380930888924,DEV-028,4,2026-03-02,1.0,2.0,0.0,1.489033123820661,30.0,0.0,0.0,0.0,10,42,0.238095238095238,0.0,10.228260869565217,4.541498418788599,1.3714109959387688,0.0,0.2445652173913043,0.0,0.0,0.0,False,False,False,False,True,4.5,LOW,1,0,5040.0,0,0,0,0.0,1.79,17.9,0,0,0,0,20.0,6.68,22.58,0,0,0.0,LOW
E000360,U008,2026-03-06 15:59:00,transaction,,0,0,DEV-036,0,0,,BEN-027,0,453.88,finance_officer,automated_system,PG4,14.0,0.5,31.97970537386679,12.291267979503491,657.5269825333995,182.8094046151768,2.968570051909785,DEV-036,15,2026-03-06,1.0,2.0,0.0,1.1139852622029318,30.0,0.0,0.0,0.0,10,41,0.2439024390243902,0.0,10.228260869565217,4.541498418788599,1.0506970806581497,0.0,0.2445652173913043,0.0,0.0,0.0,False,False,False,False,True,4.5,LOW,0,0,4320.0,0,0,0,0.0,0.69,6.9,0,0,0,0,20.0,5.04,5.38,0,0,0.0,LOW
E000109,U016,2026-03-03 09:28:00,transaction,,0,0,DEV-008,0,0,,BEN-008,0,2400.17,finance_officer,employee,PG4,8.93478463147787,0.6130843250272073,86.74498233574519,14.224340806182749,2771.7817843079665,259.6306045610802,1.4658171240868436,DEV-008,9,2026-03-03,0.0652153685221303,0.1063725915994284,0.0,1.431309629063941,30.0,0.0,0.0,0.0,7,29,0.2413793103448276,0.0,10.228260869565217,4.541498418788599,0.2704527793038059,0.0,0.2445652173913043,0.0,0.0,0.0,False,False,False,False,True,4.5,LOW,0,0,1620.0,0,0,1,0.83,0.87,8.7,0,0,0,0,20.0,5.43,5.99,0,0,0.0,LOW
E000630,U016,2026-03-10 10:48:00,transaction,,0,0,DEV-008,0,0,,BEN-001,0,2420.63,finance_officer,employee,PG4,8.93478463147787,0.6130843250272073,86.74498233574519,14.224340806182749,2771.7817843079665,259.6306045610802,1.4658171240868436,DEV-008,10,2026-03-10,1.0652153685221304,1.737469586218598,0.0,1.3525053600734314,30.0,0.0,0.0,0.0,7,29,0.2413793103448276,0.0,10.228260869565217,4.541498418788599,0.0502611359768134,0.0,0.2445652173913043,0.0,0.0,0.0,False,False,False,False,True,4.5,LOW,0,0,6960.0,0,0,0,0.0,0.87,8.7,0,0,0,0,20.0,5.3,5.74,0,0,0.0,LOW
E000634,U002,2026-03-10 10:59:00,transaction,,0,0,DEV-015,0,0,,BEN-029,0,485.06,admin,employee,PG2,8.074493048595176,0.6530465823625223,55.374870167235365,5.265359696838637,99.41882534332424,277.4595532228331,1.63482444180965,DEV-015,10,2026-03-10,1.925506951404824,2.9484986269110083,0.0,1.3899005104609243,30.0,0.0,0.0,0.0,9,39,0.2307692307692307,0.0,9.209944751381215,4.253117875582253,0.1857590764541474,0.0,0.1933701657458563,0.0,0.0,0.0,False,False,False,False,True,4.5,LOW,0,0,3600.0,0,0,0,0.0,4.88,48.8,0,0,0,0,20.0,11.32,13.76,0,0,0.0,LOW
E000150,U003,2026-03-03 16:40:00,transaction,,0,0,DEV-018,0,0,,BEN-009,0,561.36,admin,service_account,PG3,14.0,0.5,39.47334957614639,13.69300320792934,379.4036835648837,105.88076073191156,1.2678431944605075,DEV-018,16,2026-03-03,2.0,4.0,0.0,1.7185021639183995,30.0,0.0,0.0,0.0,10,40,0.25,0.0,7.707446808510638,4.872112925153142,1.7020445377358957,0.0,0.2127659574468085,0.0,0.0,0.0,False,False,False,False,True,4.5,LOW,0,0,2880.0,0,0,0,0.0,1.48,14.8,0,0,0,0,20.0,6.22,6.96,0,0,0.0,LOW
E000553,U018,2026-03-09 11:37:00,transaction,,0,0,DEV-039,0,0,,BEN-017,0,307.56,manager,employee,PG2,10.444961234193336,0.8728943186706609,28.80323580643089,11.597508227473677,473.42433985249545,107.79443564094468,1.583021362254762,DEV-039,11,2026-03-09,0.555038765806664,0.6358602111787574,0.0,1.5387096640588882,30.0,0.0,0.0,0.0,9,41,0.2195121951219512,0.0,9.209944751381215,4.253117875582253,0.4208807046933129,0.0,0.1933701657458563,0.0,0.0,0.0,False,False,False,False,True,4.5,LOW,0,0,900.0,0,1,1,2.58,0.65,6.5,0,0,0,0,20.0,5.36,6.07,0,0,0.0,LOW
E000499,U008,2026-03-08 15:14:00,transaction,,0,0,DEV-036,0,0,,BEN-005,0,432.43,finance_officer,automated_system,PG4,14.0,0.5,31.97970537386679,12.291267979503491,657.5269825333995,182.8094046151768,2.968570051909785,DEV-036,15,2026-03-08,1.0,2.0,0.0,1.2313205822601976,30.0,0.0,0.0,0.0,10,41,0.2439024390243902,0.0,10.228260869565217,4.541498418788599,1.0506970806581497,0.0,0.2445652173913043,0.0,0.0,0.0,False,False,False,False,True,4.5,LOW,0,1,2760.0,0,0,0,0.0,0.66,6.6,0,0,0,0,20.0,4.99,5.32,0,0,0.0,LOW
E000636,U018,2026-03-10 11:04:00,transaction,,0,0,DEV-039,0,0,,BEN-023,0,332.12,manager,employee,PG2,10.444961234193336,0.8728943186706609,28.80323580643089,11.597508227473677,473.42433985249545,107.79443564094468,1.583021362254762,DEV-039,11,2026-03-10,0.555038765806664,0.6358602111787574,0.0,1.3108685899443806,30.0,0.0,0.0,0.0,9,41,0.2195121951219512,0.0,9.209944751381215,4.253117875582253,0.4208807046933129,0.0,0.1933701657458563,0.0,0.0,0.0,False,False,False,False,True,4.5,LOW,0,0,1260.0,0,0,1,0.83,0.7,7.0,0,0,0,0,20.0,5.17,5.65,0,0,0.0,LOW
E000480,U014,2026-03-08 10:46:00,transaction,,0,0,DEV-017,0,0,,BEN-003,0,397.2,manager,employee,PG2,9.704275922566437,0.8758792312861565,38.677763296678,11.40961798579808,55.77608679793822,202.16783773418675,1.3611711189876194,DEV-017,10,2026-03-08,0.2957240774335634,0.3376311103978536,0.0,1.6888141903707303,30.0,0.0,0.0,0.0,8,33,0.2424242424242424,0.0,9.209944751381215,4.253117875582253,0.1857590764541474,0.0,0.1933701657458563,0.0,0.0,0.0,False,False,False,False,True,4.5,LOW,0,1,480.0,0,1,1,2.58,7.12,71.2,0,0,0,0,20.0,15.07,19.01,0,0,0.0,LOW
E000088,U019,2026-03-03 03:56:00,transaction,,0,0,DEV-024,0,0,,BEN-024,0,0.0,admin,service_account,PG3,2.0,0.5,85.02394451015238,12.552651966358056,344.9338160498108,299.53214048669264,1.1969768999922874,DEV-024,3,2026-03-03,1.0,2.0,0.0,1.1515753050385429,30.0,0.0,0.0,0.0,9,34,0.2647058823529412,0.0,7.707446808510638,4.872112925153142,0.9662023193689976,0.0,0.2127659574468085,0.0,0.0,0.0,False,False,False,False,False,4.5,LOW,1,0,360.0,0,1,1,2.58,0.0,0.0,0,0,0,0,0.0,0.39,15.77,0,0,0.0,LOW
E000532,U004,2026-03-09 08:12:00,transaction,,0,0,DEV-003,0,0,,BEN-014,0,1434.13,finance_officer,employee,PG4,8.538284405268971,1.0344458903045668,27.15471935638941,8.799273006373374,1205.1422653569596,170.38450286763987,0.7935626016660392,DEV-003,8,2026-03-09,0.5382844052689713,0.5203601370686357,0.0,1.3439469599000182,30.0,0.0,0.0,0.0,8,33,0.2424242424242424,0.0,10.228260869565217,4.541498418788599,0.4906444226307985,0.0,0.2445652173913043,0.0,0.0,0.0,False,False,False,False,True,4.5,LOW,0,0,360.0,0,1,1,2.58,1.19,11.9,0,0,0,0,20.0,6.17,7.15,0,0,0.0,LOW
E000263,U004,2026-03-05 10:43:00,transaction,,0,0,DEV-003,0,0,,BEN-003,0,1011.93,finance_officer,employee,PG4,8.538284405268971,1.0344458903045668,27.15471935638941,8.799273006373374,1205.1422653569596,170.38450286763987,0.7935626016660392,DEV-003,10,2026-03-05,1.4617155947310287,1.413042101506791,0.0,1.1339779270128405,30.0,0.0,0.0,0.0,8,33,0.2424242424242424,0.0,10.228260869565217,4.541498418788599,0.0502611359768134,0.0,0.2445652173913043,0.0,0.0,0.0,False,False,False,False,True,4.5,LOW,0,0,5220.0,0,0,0,0.0,0.84,8.4,0,0,0,0,20.0,5.26,5.68,0,0,0.0,LOW
E000458,U004,2026-03-08 07:55:00,transaction,,0,0,DEV-003,0,0,,BEN-012,0,1392.03,finance_officer,employee,PG4,8.538284405268971,1.0344458903045668,27.15471935638941,8.799273006373374,1205.1422653569596,170.38450286763987,0.7935626016660392,DEV-003,7,2026-03-08,1.5382844052689713,1.4870612563563492,0.0,1.0968587606128757,30.0,0.0,0.0,0.0,8,33,0.2424242424242424,0.0,10.228260869565217,4.541498418788599,0.7108360659577911,0.0,0.2445652173913043,0.0,0.0,0.0,False,False,False,False,True,4.5,LOW,1,1,660.0,0,1,1,2.58,1.16,11.6,0,0,0,0,20.0,6.13,22.09,0,0,0.0,LOW
E000329,U004,2026-03-06 10:54:00,transaction,,0,0,DEV-003,0,0,,BEN-014,0,1465.52,finance_officer,employee,PG4,8.538284405268971,1.0344458903045668,27.15471935638941,8.799273006373374,1205.1422653569596,170.38450286763987,0.7935626016660392,DEV-003,10,2026-03-06,1.4617155947310287,1.413042101506791,0.0,1.5281773298673187,30.0,0.0,0.0,0.0,8,33,0.2424242424242424,0.0,10.228260869565217,4.541498418788599,0.0502611359768134,0.0,0.2445652173913043,0.0,0.0,0.0,False,False,False,False,True,4.5,LOW,0,0,6960.0,0,0,0,0.0,1.22,12.2,0,0,0,0,20.0,5.83,6.44,0,0,0.0,LOW
E000294,U008,2026-03-05 16:48:00,transaction,,0,0,DEV-036,0,0,,BEN-028,0,352.95,finance_officer,automated_system,PG4,14.0,0.5,31.97970537386679,12.291267979503491,657.5269825333995,182.8094046151768,2.968570051909785,DEV-036,16,2026-03-05,2.0,4.0,0.0,1.6660903369525752,30.0,0.0,0.0,0.0,10,41,0.2439024390243902,0.0,10.228260869565217,4.541498418788599,1.270888723985142,0.0,0.2445652173913043,0.0,0.0,0.0,False,False,False,False,True,4.5,LOW,0,0,2040.0,0,0,0,0.0,0.54,5.4,0,0,0,0,20.0,4.81,5.08,0,0,0.0,LOW
E000547,U014,2026-03-09 10:32:00,transaction,,0,0,DEV-017,0,0,,BEN-013,0,273.81,manager,employee,PG2,9.704275922566437,0.8758792312861565,38.677763296678,11.40961798579808,55.77608679793822,202.16783773418675,1.3611711189876194,DEV-017,10,2026-03-09,0.2957240774335634,0.3376311103978536,0.0,1.078479720838366,30.0,0.0,0.0,0.0,8,33,0.2424242424242424,0.0,9.209944751381215,4.253117875582253,0.1857590764541474,0.0,0.1933701657458563,0.0,0.0,0.0,False,False,False,False,True,4.5,LOW,0,0,720.0,0,1,1,2.58,4.91,49.1,0,0,0,0,20.0,11.75,14.59,0,0,0.0,LOW
E000094,U012,2026-03-03 05:40:00,transaction,,0,0,DEV-028,0,0,,BEN-005,0,47.21,finance_officer,automated_system,PG4,3.0,0.5,26.36365885216557,5.471163754247346,507.0175649818456,269.6061145960815,2.3762380930888924,DEV-028,5,2026-03-03,2.0,4.0,0.0,1.705478993570751,30.0,0.0,0.0,0.0,10,42,0.238095238095238,0.0,10.228260869565217,4.541498418788599,1.1512193526117762,0.0,0.2445652173913043,0.0,0.0,0.0,False,False,False,False,True,4.5,LOW,1,0,4980.0,0,0,0,0.0,0.09,0.9,0,0,0,0,20.0,4.14,19.18,0,0,0.0,LOW
E000435,U020,2026-03-07 15:59:00,transaction,,0,0,DEV-038,0,0,,BEN-016,0,316.71,finance_officer,service_account,PG4,14.0,0.5,51.60402989737908,7.47905613666008,379.27250971376577,57.36199100247061,1.6617645672734394,DEV-038,15,2026-03-07,1.0,2.0,0.0,1.0906614052338457,30.0,0.0,0.0,0.0,10,39,0.2564102564102564,0.0,10.228260869565217,4.541498418788599,1.0506970806581497,0.0,0.2445652173913043,0.0,0.0,0.0,False,False,False,False,True,4.5,LOW,0,1,8580.0,0,0,0,0.0,0.84,8.4,0,0,0,0,20.0,5.26,5.68,0,0,0.0,LOW
E000182,U011,2026-03-04 09:17:00,transaction,,0,0,DEV-009,0,0,,BEN-023,0,270.07,admin,employee,PG3,8.61656876923496,0.8929576939142055,38.391912596605465,10.845859902235404,448.9114418012385,189.79017679913903,0.65796227747185,DEV-009,9,2026-03-04,0.3834312307650407,0.4293946212438149,0.0,0.9423113715232588,0.0,0.0,0.0,0.0,2,32,0.0625,30.0,7.707446808510638,4.872112925153142,0.2652962300640299,0.0,0.2127659574468085,0.0,0.0,0.0,False,False,False,False,True,3.0,LOW,0,0,2040.0,0,0,0,0.0,0.6,6.0,0,0,0,0,20.0,4.9,5.2,0,0,0.0,LOW
E000518,U012,2026-03-09 03:39:00,login,,0,0,DEV-028,0,0,,,0,0.0,finance_officer,automated_system,PG4,3.0,0.5,26.36365885216557,5.471163754247346,507.0175649818456,269.6061145960815,2.3762380930888924,DEV-028,3,2026-03-09,0.0,0.0,0.0,1.8805862980572572,0.0,0.0,0.0,0.0,10,42,0.238095238095238,0.0,10.228260869565217,4.541498418788599,1.5916026392657614,30.0,0.2608695652173913,0.0,21.0,0.0,False,False,False,False,False,2.1,LOW,1,0,78660.0,0,0,0,0.0,0.0,0.0,0,0,0,0,0.0,0.0,15.0,0,0,0.0,LOW
E000592,U012,2026-03-10 03:19:00,login,,0,0,DEV-028,0,0,,,0,0.0,finance_officer,automated_system,PG4,3.0,0.5,26.36365885216557,5.471163754247346,507.0175649818456,269.6061145960815,2.3762380930888924,DEV-028,3,2026-03-10,0.0,0.0,0.0,1.8805862980572572,0.0,0.0,0.0,0.0,10,42,0.238095238095238,0.0,10.228260869565217,4.541498418788599,1.5916026392657614,30.0,0.2608695652173913,0.0,21.0,0.0,False,False,False,False,False,2.1,LOW,1,0,75600.0,0,0,0,0.0,0.0,0.0,0,0,0,0,0.0,0.0,15.0,0,0,0.0,LOW
E000007,U013,2026-03-02 02:31:00,login,,0,0,DEV-001,0,0,,,0,0.0,analyst,automated_system,PG1,2.0,0.5,46.933711817215006,10.95888428361128,234.02494389233863,137.9949419936346,1.6596776886458624,DEV-001,2,2026-03-02,0.0,0.0,0.0,1.6958950850758985,0.0,0.0,0.0,0.0,10,38,0.2631578947368421,0.0,8.972677595628415,4.294683263006742,1.6235603812018464,30.0,0.273224043715847,0.0,21.0,0.0,False,False,False,False,False,2.1,LOW,1,0,999999.0,0,0,0,0.0,0.0,0.0,0,0,0,0,0.0,0.0,15.0,0,0,0.0,LOW
E000058,U005,2026-03-02 14:53:00,login,,0,0,DEV-024,0,0,,,0,0.0,analyst,service_account,PG1,14.0,0.5,28.73783139972465,14.222953720281598,39.40009903922908,152.6123984924825,1.8859193984833305,DEV-024,14,2026-03-02,0.0,0.0,0.0,0.2581710229865097,0.0,0.0,0.0,0.0,10,38,0.2631578947368421,0.0,8.972677595628415,4.294683263006742,1.1705921243775068,30.0,0.273224043715847,0.0,21.0,0.0,False,False,False,False,False,2.1,LOW,0,0,999999.0,0,0,0,0.0,0.0,0.0,0,0,0,0,0.0,0.0,0.0,0,0,0.0,LOW
E000303,U013,2026-03-06 02:51:00,login,,0,0,DEV-001,0,0,,,0,0.0,analyst,automated_system,PG1,2.0,0.5,46.933711817215006,10.95888428361128,234.02494389233863,137.9949419936346,1.6596776886458624,DEV-001,2,2026-03-06,0.0,0.0,0.0,1.6958950850758985,0.0,0.0,0.0,0.0,10,38,0.2631578947368421,0.0,8.972677595628415,4.294683263006742,1.6235603812018464,30.0,0.273224043715847,0.0,21.0,0.0,False,False,False,False,False,2.1,LOW,1,0,82560.0,0,0,0,0.0,0.0,0.0,0,0,0,0,0.0,0.0,15.0,0,0,0.0,LOW
E000229,U006,2026-03-05 02:22:00,login,,0,0,DEV-015,0,0,,,0,0.0,manager,automated_system,PG2,2.0,0.5,69.32002853504464,5.458243836556623,113.94913782577343,151.2857872607375,0.2393759307708824,DEV-015,2,2026-03-05,0.0,0.0,0.0,0.7532045137153881,0.0,0.0,0.0,0.0,10,30,0.3333333333333333,0.0,9.209944751381215,4.253117875582253,1.6952139494591767,30.0,0.2651933701657458,0.0,21.0,0.0,False,False,False,False,False,2.1,LOW,1,0,81480.0,0,0,0,0.0,0.0,0.0,0,0,0,0,0.0,0.0,15.0,0,0,0.0,LOW
E000587,U013,2026-03-10 02:25:00,login,,0,0,DEV-001,0,0,,,0,0.0,analyst,automated_system,PG1,2.0,0.5,46.933711817215006,10.95888428361128,234.02494389233863,137.9949419936346,1.6596776886458624,DEV-001,2,2026-03-10,0.0,0.0,0.0,1.6958950850758985,0.0,0.0,0.0,0.0,10,38,0.2631578947368421,0.0,8.972677595628415,4.294683263006742,1.6235603812018464,30.0,0.273224043715847,0.0,21.0,0.0,False,False,False,False,False,2.1,LOW,1,0,85860.0,0,0,0,0.0,0.0,0.0,0,0,0,0,0.0,0.0,15.0,0,0,0.0,LOW
E000054,U010,2026-03-02 14:01:00,login,,0,0,DEV-017,0,0,,,0,0.0,manager,automated_system,PG2,14.0,0.5,42.02745165589346,11.5543866529488,197.8159505303321,370.0916564091903,1.3765555577621964,DEV-017,14,2026-03-02,0.0,0.0,0.0,0.5345052964707145,0.0,0.0,0.0,0.0,10,38,0.2631578947368421,0.0,9.209944751381215,4.253117875582253,1.1262455894108094,30.0,0.2651933701657458,0.0,21.0,0.0,False,False,False,False,False,2.1,LOW,0,0,999999.0,0,0,0,0.0,0.0,0.0,0,0,0,0,0.0,0.0,0.0,0,0,0.0,LOW
E000495,U003,2026-03-08 14:47:00,login,,0,0,DEV-018,0,0,,,0,0.0,admin,service_account,PG3,14.0,0.5,39.47334957614639,13.69300320792934,379.4036835648837,105.88076073191156,1.2678431944605075,DEV-018,14,2026-03-08,0.0,0.0,0.0,3.58331089559819,0.0,0.0,0.0,0.0,10,40,0.25,0.0,7.707446808510638,4.872112925153142,1.2915450212582198,30.0,0.2606382978723404,0.0,21.0,0.0,False,False,False,False,False,2.1,LOW,0,1,85500.0,0,0,0,0.0,0.0,0.0,0,0,0,0,0.0,0.0,0.0,0,0,0.0,LOW
E000563,U003,2026-03-09 14:37:00,login,,0,0,DEV-018,0,0,,,0,0.0,admin,service_account,PG3,14.0,0.5,39.47334957614639,13.69300320792934,379.4036835648837,105.88076073191156,1.2678431944605075,DEV-018,14,2026-03-09,0.0,0.0,0.0,3.58331089559819,0.0,0.0,0.0,0.0,10,40,0.25,0.0,7.707446808510638,4.872112925153142,1.2915450212582198,30.0,0.2606382978723404,0.0,21.0,0.0,False,False,False,False,False,2.1,LOW,0,0,80820.0,0,0,0,0.0,0.0,0.0,0,0,0,0,0.0,0.0,0.0,0,0,0.0,LOW
E000282,U010,2026-03-05 14:44:00,login,,0,0,DEV-017,0,0,,,0,0.0,manager,automated_system,PG2,14.0,0.5,42.02745165589346,11.5543866529488,197.8159505303321,370.0916564091903,1.3765555577621964,DEV-017,14,2026-03-05,0.0,0.0,0.0,0.5345052964707145,0.0,0.0,0.0,0.0,10,38,0.2631578947368421,0.0,9.209944751381215,4.253117875582253,1.1262455894108094,30.0,0.2651933701657458,0.0,21.0,0.0,False,False,False,False,False,2.1,LOW,0,0,76200.0,0,0,0,0.0,0.0,0.0,0,0,0,0,0.0,0.0,0.0,0,0,0.0,LOW
E000423,U010,2026-03-07 14:05:00,login,,0,0,DEV-017,0,0,,,0,0.0,manager,automated_system,PG2,14.0,0.5,42.02745165589346,11.5543866529488,197.8159505303321,370.0916564091903,1.3765555577621964,DEV-017,14,2026-03-07,0.0,0.0,0.0,0.5345052964707145,0.0,0.0,0.0,0.0,10,38,0.2631578947368421,0.0,9.209944751381215,4.253117875582253,1.1262455894108094,30.0,0.2651933701657458,0.0,21.0,0.0,False,False,False,False,False,2.1,LOW,0,1,82080.0,0,0,0,0.0,0.0,0.0,0,0,0,0,0.0,0.0,0.0,0,0,0.0,LOW
E000726,U010,2026-03-11 14:49:00,login,,0,0,DEV-017,0,0,,,0,0.0,manager,automated_system,PG2,14.0,0.5,42.02745165589346,11.5543866529488,197.8159505303321,370.0916564091903,1.3765555577621964,DEV-017,14,2026-03-11,0.0,0.0,0.0,0.5345052964707145,0.0,0.0,0.0,0.0,10,38,0.2631578947368421,0.0,9.209944751381215,4.253117875582253,1.1262455894108094,30.0,0.2651933701657458,0.0,21.0,0.0,False,False,False,False,False,2.1,LOW,0,0,84240.0,0,0,0,0.0,0.0,0.0,0,0,0,0,0.0,0.0,0.0,0,0,0.0,LOW
E000074,U015,2026-03-03 02:31:00,login,,0,0,DEV-013,0,0,,,0,0.0,admin,automated_system,PG3,2.0,0.5,55.53771722230277,6.06410822797705,312.6500967832088,344.58427186036346,1.5229886459329025,DEV-013,2,2026-03-03,0.0,0.0,0.0,0.9073255000736208,0.0,0.0,0.0,0.0,10,40,0.25,0.0,7.707446808510638,4.872112925153142,1.1714520776078357,30.0,0.2606382978723404,0.0,21.0,0.0,False,False,False,False,False,2.1,LOW,1,0,78780.0,0,0,0,0.0,0.0,0.0,0,0,0,0,0.0,0.0,15.0,0,0,0.0,LOW
E000164,U006,2026-03-04 02:15:00,login,,0,0,DEV-015,0,0,,,0,0.0,manager,automated_system,PG2,2.0,0.5,69.32002853504464,5.458243836556623,113.94913782577343,151.2857872607375,0.2393759307708824,DEV-015,2,2026-03-04,0.0,0.0,0.0,0.7532045137153881,0.0,0.0,0.0,0.0,10,30,0.3333333333333333,0.0,9.209944751381215,4.253117875582253,1.6952139494591767,30.0,0.2651933701657458,0.0,21.0,0.0,False,False,False,False,False,2.1,LOW,1,0,80880.0,0,0,0,0.0,0.0,0.0,0,0,0,0,0.0,0.0,15.0,0,0,0.0,LOW
E000723,U003,2026-03-11 14:39:00,login,,0,0,DEV-018,0,0,,,0,0.0,admin,service_account,PG3,14.0,0.5,39.47334957614639,13.69300320792934,379.4036835648837,105.88076073191156,1.2678431944605075,DEV-018,14,2026-03-11,0.0,0.0,0.0,3.58331089559819,0.0,0.0,0.0,0.0,10,40,0.25,0.0,7.707446808510638,4.872112925153142,1.2915450212582198,30.0,0.2606382978723404,0.0,21.0,0.0,False,False,False,False,False,2.1,LOW,0,0,86580.0,0,0,0,0.0,0.0,0.0,0,0,0,0,0.0,0.0,0.0,0,0,0.0,LOW
E000661,U006,2026-03-11 02:05:00,login,,0,0,DEV-015,0,0,,,0,0.0,manager,automated_system,PG2,2.0,0.5,69.32002853504464,5.458243836556623,113.94913782577343,151.2857872607375,0.2393759307708824,DEV-015,2,2026-03-11,0.0,0.0,0.0,0.7532045137153881,0.0,0.0,0.0,0.0,10,30,0.3333333333333333,0.0,9.209944751381215,4.253117875582253,1.6952139494591767,30.0,0.2651933701657458,0.0,21.0,0.0,False,False,False,False,False,2.1,LOW,1,0,86280.0,0,0,0,0.0,0.0,0.0,0,0,0,0,0.0,0.0,15.0,0,0,0.0,LOW
E000139,U010,2026-03-03 14:19:00,login,,0,0,DEV-017,0,0,,,0,0.0,manager,automated_system,PG2,14.0,0.5,42.02745165589346,11.5543866529488,197.8159505303321,370.0916564091903,1.3765555577621964,DEV-017,14,2026-03-03,0.0,0.0,0.0,0.5345052964707145,0.0,0.0,0.0,0.0,10,38,0.2631578947368421,0.0,9.209944751381215,4.253117875582253,1.1262455894108094,30.0,0.2651933701657458,0.0,21.0,0.0,False,False,False,False,False,2.1,LOW,0,0,80400.0,0,0,0,0.0,0.0,0.0,0,0,0,0,0.0,0.0,0.0,0,0,0.0,LOW
E000073,U019,2026-03-03 02:17:00,login,,0,0,DEV-024,0,0,,,0,0.0,admin,service_account,PG3,2.0,0.5,85.02394451015238,12.552651966358056,344.9338160498108,299.53214048669264,1.1969768999922874,DEV-024,2,2026-03-03,0.0,0.0,0.0,1.1515753050385429,0.0,0.0,0.0,0.0,10,34,0.2941176470588235,0.0,7.707446808510638,4.872112925153142,1.1714520776078357,30.0,0.2606382978723404,0.0,21.0,0.0,False,False,False,False,False,2.1,LOW,1,0,83520.0,0,0,0,0.0,0.0,0.0,0,0,0,0,0.0,0.0,15.0,0,0,0.0,LOW
E000375,U015,2026-03-07 02:11:00,login,,0,0,DEV-013,0,0,,,0,0.0,admin,automated_system,PG3,2.0,0.5,55.53771722230277,6.06410822797705,312.6500967832088,344.58427186036346,1.5229886459329025,DEV-013,2,2026-03-07,0.0,0.0,0.0,0.9073255000736208,0.0,0.0,0.0,0.0,10,40,0.25,0.0,7.707446808510638,4.872112925153142,1.1714520776078357,30.0,0.2606382978723404,0.0,21.0,0.0,False,False,False,False,False,2.1,LOW,1,1,76740.0,0,0,0,0.0,0.0,0.0,0,0,0,0,0.0,0.0,15.0,0,0,0.0,LOW
E000443,U015,2026-03-08 02:20:00,login,,0,0,DEV-013,0,0,,,0,0.0,admin,automated_system,PG3,2.0,0.5,55.53771722230277,6.06410822797705,312.6500967832088,344.58427186036346,1.5229886459329025,DEV-013,2,2026-03-08,0.0,0.0,0.0,0.9073255000736208,0.0,0.0,0.0,0.0,10,40,0.25,0.0,7.707446808510638,4.872112925153142,1.1714520776078357,30.0,0.2606382978723404,0.0,21.0,0.0,False,False,False,False,False,2.1,LOW,1,1,83280.0,0,0,0,0.0,0.0,0.0,0,0,0,0,0.0,0.0,15.0,0,0,0.0,LOW
E000212,U005,2026-03-04 14:42:00,login,,0,0,DEV-024,0,0,,,0,0.0,analyst,service_account,PG1,14.0,0.5,28.73783139972465,14.222953720281598,39.40009903922908,152.6123984924825,1.8859193984833305,DEV-024,14,2026-03-04,0.0,0.0,0.0,0.2581710229865097,0.0,0.0,0.0,0.0,10,38,0.2631578947368421,0.0,8.972677595628415,4.294683263006742,1.1705921243775068,30.0,0.273224043715847,0.0,21.0,0.0,False,False,False,False,False,2.1,LOW,0,0,84000.0,0,0,0,0.0,0.0,0.0,0,0,0,0,0.0,0.0,0.0,0,0,0.0,LOW
E000298,U019,2026-03-06 02:08:00,login,,0,0,DEV-024,0,0,,,0,0.0,admin,service_account,PG3,2.0,0.5,85.02394451015238,12.552651966358056,344.9338160498108,299.53214048669264,1.1969768999922874,DEV-024,2,2026-03-06,0.0,0.0,0.0,1.1515753050385429,0.0,0.0,0.0,0.0,10,34,0.2941176470588235,0.0,7.707446808510638,4.872112925153142,1.1714520776078357,30.0,0.2606382978723404,0.0,21.0,0.0,False,False,False,False,False,2.1,LOW,1,0,77760.0,0,0,0,0.0,0.0,0.0,0,0,0,0,0.0,0.0,15.0,0,0,0.0,LOW
E000213,U010,2026-03-04 14:47:00,login,,0,0,DEV-017,0,0,,,0,0.0,manager,automated_system,PG2,14.0,0.5,42.02745165589346,11.5543866529488,197.8159505303321,370.0916564091903,1.3765555577621964,DEV-017,14,2026-03-04,0.0,0.0,0.0,0.5345052964707145,0.0,0.0,0.0,0.0,10,38,0.2631578947368421,0.0,9.209944751381215,4.253117875582253,1.1262455894108094,30.0,0.2651933701657458,0.0,21.0,0.0,False,False,False,False,False,2.1,LOW,0,0,79260.0,0,0,0,0.0,0.0,0.0,0,0,0,0,0.0,0.0,0.0,0,0,0.0,LOW
E000075,U006,2026-03-03 02:45:00,login,,0,0,DEV-015,0,0,,,0,0.0,manager,automated_system,PG2,2.0,0.5,69.32002853504464,5.458243836556623,113.94913782577343,151.2857872607375,0.2393759307708824,DEV-015,2,2026-03-03,0.0,0.0,0.0,0.7532045137153881,0.0,0.0,0.0,0.0,10,30,0.3333333333333333,0.0,9.209944751381215,4.253117875582253,1.6952139494591767,30.0,0.2651933701657458,0.0,21.0,0.0,False,False,False,False,False,2.1,LOW,1,0,86580.0,0,0,0,0.0,0.0,0.0,0,0,0,0,0.0,0.0,15.0,0,0,0.0,LOW
E000721,U005,2026-03-11 14:11:00,login,,0,0,DEV-024,0,0,,,0,0.0,analyst,service_account,PG1,14.0,0.5,28.73783139972465,14.222953720281598,39.40009903922908,152.6123984924825,1.8859193984833305,DEV-024,14,2026-03-11,0.0,0.0,0.0,0.2581710229865097,0.0,0.0,0.0,0.0,10,38,0.2631578947368421,0.0,8.972677595628415,4.294683263006742,1.1705921243775068,30.0,0.273224043715847,0.0,21.0,0.0,False,False,False,False,False,2.1,LOW,0,0,82560.0,0,0,0,0.0,0.0,0.0,0,0,0,0,0.0,0.0,0.0,0,0,0.0,LOW
E000283,U003,2026-03-05 14:46:00,login,,0,0,DEV-018,0,0,,,0,0.0,admin,service_account,PG3,14.0,0.5,39.47334957614639,13.69300320792934,379.4036835648837,105.88076073191156,1.2678431944605075,DEV-018,14,2026-03-05,0.0,0.0,0.0,3.58331089559819,0.0,0.0,0.0,0.0,10,40,0.25,0.0,7.707446808510638,4.872112925153142,1.2915450212582198,30.0,0.2606382978723404,0.0,21.0,0.0,False,False,False,False,False,2.1,LOW,0,0,84420.0,0,0,0,0.0,0.0,0.0,0,0,0,0,0.0,0.0,0.0,0,0,0.0,LOW
E000589,U015,2026-03-10 02:31:00,login,,0,0,DEV-013,0,0,,,0,0.0,admin,automated_system,PG3,2.0,0.5,55.53771722230277,6.06410822797705,312.6500967832088,344.58427186036346,1.5229886459329025,DEV-013,2,2026-03-10,0.0,0.0,0.0,0.9073255000736208,0.0,0.0,0.0,0.0,10,40,0.25,0.0,7.707446808510638,4.872112925153142,1.1714520776078357,30.0,0.2606382978723404,0.0,21.0,0.0,False,False,False,False,False,2.1,LOW,1,0,81480.0,0,0,0,0.0,0.0,0.0,0,0,0,0,0.0,0.0,15.0,0,0,0.0,LOW
E000662,U015,2026-03-11 02:06:00,login,,0,0,DEV-013,0,0,,,0,0.0,admin,automated_system,PG3,2.0,0.5,55.53771722230277,6.06410822797705,312.6500967832088,344.58427186036346,1.5229886459329025,DEV-013,2,2026-03-11,0.0,0.0,0.0,0.9073255000736208,0.0,0.0,0.0,0.0,10,40,0.25,0.0,7.707446808510638,4.872112925153142,1.1714520776078357,30.0,0.2606382978723404,0.0,21.0,0.0,False,False,False,False,False,2.1,LOW,1,0,75060.0,0,0,0,0.0,0.0,0.0,0,0,0,0,0.0,0.0,15.0,0,0,0.0,LOW
E000562,U005,2026-03-09 14:17:00,login,,0,0,DEV-024,0,0,,,0,0.0,analyst,service_account,PG1,14.0,0.5,28.73783139972465,14.222953720281598,39.40009903922908,152.6123984924825,1.8859193984833305,DEV-024,14,2026-03-09,0.0,0.0,0.0,0.2581710229865097,0.0,0.0,0.0,0.0,10,38,0.2631578947368421,0.0,8.972677595628415,4.294683263006742,1.1705921243775068,30.0,0.273224043715847,0.0,21.0,0.0,False,False,False,False,False,2.1,LOW,0,0,81840.0,0,0,0,0.0,0.0,0.0,0,0,0,0,0.0,0.0,0.0,0,0,0.0,LOW
E000078,U012,2026-03-03 03:05:00,login,,0,0,DEV-028,0,0,,,0,0.0,finance_officer,automated_system,PG4,3.0,0.5,26.36365885216557,5.471163754247346,507.0175649818456,269.6061145960815,2.3762380930888924,DEV-028,3,2026-03-03,0.0,0.0,0.0,1.8805862980572572,0.0,0.0,0.0,0.0,10,42,0.238095238095238,0.0,10.228260869565217,4.541498418788599,1.5916026392657614,30.0,0.2608695652173913,0.0,21.0,0.0,False,False,False,False,False,2.1,LOW,1,0,82260.0,0,0,0,0.0,0.0,0.0,0,0,0,0,0.0,0.0,15.0,0,0,0.0,LOW
E000350,U010,2026-03-06 14:22:00,login,,0,0,DEV-017,0,0,,,0,0.0,manager,automated_system,PG2,14.0,0.5,42.02745165589346,11.5543866529488,197.8159505303321,370.0916564091903,1.3765555577621964,DEV-017,14,2026-03-06,0.0,0.0,0.0,0.5345052964707145,0.0,0.0,0.0,0.0,10,38,0.2631578947368421,0.0,9.209944751381215,4.253117875582253,1.1262455894108094,30.0,0.2651933701657458,0.0,21.0,0.0,False,False,False,False,False,2.1,LOW,0,0,73980.0,0,0,0,0.0,0.0,0.0,0,0,0,0,0.0,0.0,0.0,0,0,0.0,LOW
E000377,U012,2026-03-07 03:08:00,login,,0,0,DEV-028,0,0,,,0,0.0,finance_officer,automated_system,PG4,3.0,0.5,26.36365885216557,5.471163754247346,507.0175649818456,269.6061145960815,2.3762380930888924,DEV-028,3,2026-03-07,0.0,0.0,0.0,1.8805862980572572,0.0,0.0,0.0,0.0,10,42,0.238095238095238,0.0,10.228260869565217,4.541498418788599,1.5916026392657614,30.0,0.2608695652173913,0.0,21.0,0.0,False,False,False,False,False,2.1,LOW,1,1,83160.0,0,0,0,0.0,0.0,0.0,0,0,0,0,0.0,0.0,15.0,0,0,0.0,LOW
E000451,U012,2026-03-08 03:55:00,login,,0,0,DEV-028,0,0,,,0,0.0,finance_officer,automated_system,PG4,3.0,0.5,26.36365885216557,5.471163754247346,507.0175649818456,269.6061145960815,2.3762380930888924,DEV-028,3,2026-03-08,0.0,0.0,0.0,1.8805862980572572,0.0,0.0,0.0,0.0,10,42,0.238095238095238,0.0,10.228260869565217,4.541498418788599,1.5916026392657614,30.0,0.2608695652173913,0.0,21.0,0.0,False,False,False,False,False,2.1,LOW,1,1,77280.0,0,0,0,0.0,0.0,0.0,0,0,0,0,0.0,0.0,15.0,0,0,0.0,LOW
E000227,U019,2026-03-05 02:05:00,login,,0,0,DEV-024,0,0,,,0,0.0,admin,service_account,PG3,2.0,0.5,85.02394451015238,12.552651966358056,344.9338160498108,299.53214048669264,1.1969768999922874,DEV-024,2,2026-03-05,0.0,0.0,0.0,1.1515753050385429,0.0,0.0,0.0,0.0,10,34,0.2941176470588235,0.0,7.707446808510638,4.872112925153142,1.1714520776078357,30.0,0.2606382978723404,0.0,21.0,0.0,False,False,False,False,False,2.1,LOW,1,0,86100.0,0,0,0,0.0,0.0,0.0,0,0,0,0,0.0,0.0,15.0,0,0,0.0,LOW
E000180,U004,2026-03-04 09:00:00,file_access,RES-058,0,6,DEV-003,0,0,,,0,0.0,finance_officer,employee,PG4,8.538284405268971,1.0344458903045668,27.15471935638941,8.799273006373374,1205.1422653569596,170.38450286763987,0.7935626016660392,DEV-003,9,2026-03-04,0.4617155947310287,0.4463409822190778,0.0,7.07307439980708,0.0,0.0,0.0,0.0,16,33,0.4848484848484848,0.0,10.228260869565217,4.541498418788599,0.2704527793038059,0.0,0.4945652173913043,0.0,0.0,0.0,False,False,False,False,False,0.0,LOW,0,0,3720.0,0,0,0,0.0,0.0,0.0,0,0,0,0,0.0,0.0,0.0,0,0,0.0,LOW
E000181,U004,2026-03-04 09:00:00,file_access,RES-017,0,8,DEV-003,0,0,,,0,0.0,finance_officer,employee,PG4,8.538284405268971,1.0344458903045668,27.15471935638941,8.799273006373374,1205.1422653569596,170.38450286763987,0.7935626016660392,DEV-003,9,2026-03-04,0.4617155947310287,0.4463409822190778,0.0,7.07307439980708,0.0,0.0,0.0,0.0,16,33,0.4848484848484848,0.0,10.228260869565217,4.541498418788599,0.2704527793038059,0.0,0.4945652173913043,0.0,0.0,0.0,False,False,False,False,False,0.0,LOW,0,0,0.0,0,0,0,0.0,0.0,0.0,0,0,0,0,0.0,0.0,0.0,0,0,0.0,LOW
E000184,U004,2026-03-04 09:38:00,file_access,RES-056,0,16,DEV-003,0,0,,,0,0.0,finance_officer,employee,PG4,8.538284405268971,1.0344458903045668,27.15471935638941,8.799273006373374,1205.1422653569596,170.38450286763987,0.7935626016660392,DEV-003,9,2026-03-04,0.4617155947310287,0.4463409822190778,0.0,7.07307439980708,0.0,0.0,0.0,0.0,16,33,0.4848484848484848,0.0,10.228260869565217,4.541498418788599,0.2704527793038059,0.0,0.4945652173913043,0.0,0.0,0.0,False,False,False,False,False,0.0,LOW,0,0,2280.0,0,0,0,0.0,0.0,0.0,0,0,0,0,0.0,0.0,0.0,0,0,0.0,LOW
E000247,U004,2026-03-05 08:15:00,login,,0,0,DEV-003,0,0,,,0,0.0,finance_officer,employee,PG4,8.538284405268971,1.0344458903045668,27.15471935638941,8.799273006373374,1205.1422653569596,170.38450286763987,0.7935626016660392,DEV-003,8,2026-03-05,0.5382844052689713,0.5203601370686357,0.0,7.07307439980708,0.0,0.0,0.0,0.0,9,33,0.2727272727272727,0.0,10.228260869565217,4.541498418788599,0.4906444226307985,0.0,0.2608695652173913,0.0,0.0,0.0,False,False,False,False,False,0.0,LOW,0,0,81420.0,0,0,0,0.0,0.0,0.0,0,0,0,0,0.0,0.0,0.0,0,0,0.0,LOW
E000249,U004,2026-03-05 08:50:00,file_access,RES-018,0,11,DEV-003,0,0,,,0,0.0,finance_officer,employee,PG4,8.538284405268971,1.0344458903045668,27.15471935638941,8.799273006373374,1205.1422653569596,170.38450286763987,0.7935626016660392,DEV-003,8,2026-03-05,0.5382844052689713,0.5203601370686357,0.0,7.07307439980708,0.0,0.0,0.0,0.0,16,33,0.4848484848484848,0.0,10.228260869565217,4.541498418788599,0.4906444226307985,0.0,0.4945652173913043,0.0,0.0,0.0,False,False,False,False,False,0.0,LOW,0,0,2100.0,0,0,0,0.0,0.0,0.0,0,0,0,0,0.0,0.0,0.0,0,0,0.0,LOW
E000251,U004,2026-03-05 09:16:00,file_access,RES-005,1,10,DEV-003,0,0,,,0,0.0,finance_officer,employee,PG4,8.538284405268971,1.0344458903045668,27.15471935638941,8.799273006373374,1205.1422653569596,170.38450286763987,0.7935626016660392,DEV-003,9,2026-03-05,0.4617155947310287,0.4463409822190778,0.0,7.07307439980708,0.0,0.0,0.0,0.0,16,33,0.4848484848484848,0.0,10.228260869565217,4.541498418788599,0.2704527793038059,0.0,0.4945652173913043,0.0,0.0,0.0,False,False,True,False,False,0.0,LOW,0,0,1560.0,0,0,1,0.83,0.0,0.0,0,0,0,0,20.0,4.12,4.25,0,0,0.0,LOW
E000317,U004,2026-03-06 08:45:00,login,,0,0,DEV-003,0,0,,,0,0.0,finance_officer,employee,PG4,8.538284405268971,1.0344458903045668,27.15471935638941,8.799273006373374,1205.1422653569596,170.38450286763987,0.7935626016660392,DEV-003,8,2026-03-06,0.5382844052689713,0.5203601370686357,0.0,7.07307439980708,0.0,0.0,0.0,0.0,9,33,0.2727272727272727,0.0,10.228260869565217,4.541498418788599,0.4906444226307985,0.0,0.2608695652173913,0.0,0.0,0.0,False,False,False,False,False,0.0,LOW,0,0,79320.0,0,0,0,0.0,0.0,0.0,0,0,0,0,0.0,0.0,0.0,0,0,0.0,LOW
E000318,U004,2026-03-06 08:58:00,file_access,RES-027,0,14,DEV-003,0,0,,,0,0.0,finance_officer,employee,PG4,8.538284405268971,1.0344458903045668,27.15471935638941,8.799273006373374,1205.1422653569596,170.38450286763987,0.7935626016660392,DEV-003,8,2026-03-06,0.5382844052689713,0.5203601370686357,0.0,7.07307439980708,0.0,0.0,0.0,0.0,16,33,0.4848484848484848,0.0,10.228260869565217,4.541498418788599,0.4906444226307985,0.0,0.4945652173913043,0.0,0.0,0.0,False,False,False,False,False,0.0,LOW,0,0,780.0,0,1,1,2.58,0.0,0.0,0,0,0,0,0.0,0.39,0.77,0,0,0.0,LOW
E000472,U004,2026-03-08 09:38:00,file_access,RES-057,0,19,DEV-003,0,0,,,0,0.0,finance_officer,employee,PG4,8.538284405268971,1.0344458903045668,27.15471935638941,8.799273006373374,1205.1422653569596,170.38450286763987,0.7935626016660392,DEV-003,9,2026-03-08,0.4617155947310287,0.4463409822190778,0.0,7.07307439980708,0.0,0.0,0.0,0.0,16,33,0.4848484848484848,0.0,10.228260869565217,4.541498418788599,0.2704527793038059,0.0,0.4945652173913043,0.0,0.0,0.0,False,False,False,False,False,0.0,LOW,0,1,6180.0,0,0,0,0.0,0.0,0.0,0,0,0,0,0.0,0.0,0.0,0,0,0.0,LOW
E000530,U004,2026-03-09 08:06:00,file_access,RES-048,0,18,DEV-003,0,0,,,0,0.0,finance_officer,employee,PG4,8.538284405268971,1.0344458903045668,27.15471935638941,8.799273006373374,1205.1422653569596,170.38450286763987,0.7935626016660392,DEV-003,8,2026-03-09,0.5382844052689713,0.5203601370686357,0.0,7.07307439980708,0.0,0.0,0.0,0.0,16,33,0.4848484848484848,0.0,10.228260869565217,4.541498418788599,0.4906444226307985,0.0,0.4945652173913043,0.0,0.0,0.0,False,False,False,False,False,0.0,LOW,0,0,4380.0,0,0,0,0.0,0.0,0.0,0,0,0,0,0.0,0.0,0.0,0,0,0.0,LOW
E000534,U004,2026-03-09 08:40:00,file_access,RES-039,0,8,DEV-003,0,0,,,0,0.0,finance_officer,employee,PG4,8.538284405268971,1.0344458903045668,27.15471935638941,8.799273006373374,1205.1422653569596,170.38450286763987,0.7935626016660392,DEV-003,8,2026-03-09,0.5382844052689713,0.5203601370686357,0.0,7.07307439980708,0.0,0.0,0.0,0.0,16,33,0.4848484848484848,0.0,10.228260869565217,4.541498418788599,0.4906444226307985,0.0,0.4945652173913043,0.0,0.0,0.0,False,False,False,False,False,0.0,LOW,0,0,1680.0,0,0,1,0.83,0.0,0.0,0,0,0,0,0.0,0.12,0.25,0,0,0.0,LOW
E000605,U004,2026-03-10 08:12:00,file_access,RES-040,0,18,DEV-003,0,0,,,0,0.0,finance_officer,employee,PG4,8.538284405268971,1.0344458903045668,27.15471935638941,8.799273006373374,1205.1422653569596,170.38450286763987,0.7935626016660392,DEV-003,8,2026-03-10,0.5382844052689713,0.5203601370686357,0.0,7.07307439980708,0.0,0.0,0.0,0.0,16,33,0.4848484848484848,0.0,10.228260869565217,4.541498418788599,0.4906444226307985,0.0,0.4945652173913043,0.0,0.0,0.0,False,False,False,False,False,0.0,LOW,0,0,1260.0,0,0,1,0.83,0.0,0.0,0,0,0,0,0.0,0.12,0.25,0,0,0.0,LOW
E000616,U004,2026-03-10 09:28:00,file_access,RES-011,0,15,DEV-003,0,0,,,0,0.0,finance_officer,employee,PG4,8.538284405268971,1.0344458903045668,27.15471935638941,8.799273006373374,1205.1422653569596,170.38450286763987,0.7935626016660392,DEV-003,9,2026-03-10,0.4617155947310287,0.4463409822190778,0.0,7.07307439980708,0.0,0.0,0.0,0.0,16,33,0.4848484848484848,0.0,10.228260869565217,4.541498418788599,0.2704527793038059,0.0,0.4945652173913043,0.0,0.0,0.0,False,False,False,False,False,0.0,LOW,0,0,4560.0,0,0,0,0.0,0.0,0.0,0,0,0,0,0.0,0.0,0.0,0,0,0.0,LOW
E000618,U004,2026-03-10 09:41:00,transaction,,0,0,DEV-003,0,0,,BEN-019,0,1368.01,finance_officer,employee,PG4,8.538284405268971,1.0344458903045668,27.15471935638941,8.799273006373374,1205.1422653569596,170.38450286763987,0.7935626016660392,DEV-003,9,2026-03-10,0.4617155947310287,0.4463409822190778,0.0,0.955883498216744,0.0,0.0,0.0,0.0,8,33,0.2424242424242424,0.0,10.228260869565217,4.541498418788599,0.2704527793038059,0.0,0.2445652173913043,0.0,0.0,0.0,False,False,False,False,True,0.0,LOW,0,0,780.0,0,1,1,2.58,1.14,11.4,0,0,0,0,20.0,6.1,7.05,0,0,0.0,LOW
E000704,U004,2026-03-11 10:36:00,file_access,RES-004,1,9,DEV-003,0,0,,,0,0.0,finance_officer,employee,PG4,8.538284405268971,1.0344458903045668,27.15471935638941,8.799273006373374,1205.1422653569596,170.38450286763987,0.7935626016660392,DEV-003,10,2026-03-11,1.4617155947310287,1.413042101506791,0.0,7.07307439980708,0.0,0.0,0.0,0.0,16,33,0.4848484848484848,0.0,10.228260869565217,4.541498418788599,0.0502611359768134,0.0,0.4945652173913043,0.0,0.0,0.0,False,False,True,False,False,0.0,LOW,0,0,1680.0,0,0,1,0.83,0.0,0.0,0,0,0,0,20.0,4.12,4.25,0,0,0.0,LOW
E000710,U004,2026-03-11 11:01:00,file_access,RES-021,0,7,DEV-003,0,0,,,0,0.0,finance_officer,employee,PG4,8.538284405268971,1.0344458903045668,27.15471935638941,8.799273006373374,1205.1422653569596,170.38450286763987,0.7935626016660392,DEV-003,11,2026-03-11,2.4617155947310287,2.379743220794505,0.0,7.07307439980708,0.0,0.0,0.0,0.0,16,33,0.4848484848484848,0.0,10.228260869565217,4.541498418788599,0.1699305073501791,0.0,0.4945652173913043,0.0,0.0,0.0,False,False,False,False,False,0.0,LOW,0,0,1500.0,0,0,1,0.83,0.0,0.0,0,0,0,0,0.0,0.12,0.25,0,0,0.0,LOW
E000714,U004,2026-03-11 11:44:00,transaction,,0,0,DEV-003,0,0,,BEN-025,0,1246.57,finance_officer,employee,PG4,8.538284405268971,1.0344458903045668,27.15471935638941,8.799273006373374,1205.1422653569596,170.38450286763987,0.7935626016660392,DEV-003,11,2026-03-11,2.4617155947310287,2.379743220794505,0.0,0.2431426212231446,0.0,0.0,0.0,0.0,8,33,0.2424242424242424,0.0,10.228260869565217,4.541498418788599,0.1699305073501791,0.0,0.2445652173913043,0.0,0.0,0.0,False,False,False,False,True,0.0,LOW,0,0,2580.0,0,0,0,0.0,1.03,10.3,0,0,0,0,20.0,5.54,6.06,0,0,0.0,LOW
E000064,U005,2026-03-02 15:30:00,file_access,RES-054,0,3,DEV-024,0,0,,,0,0.0,analyst,service_account,PG1,14.0,0.5,28.73783139972465,14.222953720281598,39.40009903922908,152.6123984924825,1.8859193984833305,DEV-024,15,2026-03-02,1.0,2.0,0.0,0.2581710229865097,0.0,0.0,0.0,0.0,19,38,0.5,0.0,8.972677595628415,4.294683263006742,1.4034381665091196,0.0,0.5519125683060109,0.0,0.0,0.0,False,False,False,False,False,0.0,LOW,0,0,2220.0,0,0,0,0.0,0.0,0.0,0,0,0,0,0.0,0.0,0.0,0,0,0.0,LOW
E000067,U005,2026-03-02 15:58:00,file_access,RES-002,1,18,DEV-024,0,0,,,0,0.0,analyst,service_account,PG1,14.0,0.5,28.73783139972465,14.222953720281598,39.40009903922908,152.6123984924825,1.8859193984833305,DEV-024,15,2026-03-02,1.0,2.0,0.0,0.2581710229865097,0.0,0.0,0.0,0.0,19,38,0.5,0.0,8.972677595628415,4.294683263006742,1.4034381665091196,0.0,0.5519125683060109,0.0,0.0,0.0,False,False,True,False,False,0.0,LOW,0,0,1680.0,0,0,1,0.83,0.0,0.0,0,0,0,0,20.0,4.12,4.25,0,0,0.0,LOW
E000069,U005,2026-03-02 16:32:00,transaction,,0,0,DEV-024,0,0,,BEN-008,0,0.0,analyst,service_account,PG1,14.0,0.5,28.73783139972465,14.222953720281598,39.40009903922908,152.6123984924825,1.8859193984833305,DEV-024,16,2026-03-02,2.0,4.0,0.0,0.2581710229865097,0.0,0.0,0.0,0.0,9,38,0.2368421052631578,0.0,8.972677595628415,4.294683263006742,1.6362842086407323,0.0,0.1639344262295081,0.0,0.0,0.0,False,False,False,False,False,0.0,LOW,0,0,2040.0,0,0,0,0.0,0.0,0.0,0,0,0,0,0.0,0.0,0.0,0,0,0.0,LOW
E000137,U005,2026-03-03 13:56:00,transaction,,0,0,DEV-024,0,0,,BEN-020,0,0.0,analyst,service_account,PG1,14.0,0.5,28.73783139972465,14.222953720281598,39.40009903922908,152.6123984924825,1.8859193984833305,DEV-024,13,2026-03-03,1.0,2.0,0.0,0.2581710229865097,0.0,0.0,0.0,0.0,9,38,0.2368421052631578,0.0,8.972677595628415,4.294683263006742,0.937746082245894,0.0,0.1639344262295081,0.0,0.0,0.0,False,False,False,False,False,0.0,LOW,0,0,900.0,0,1,1,2.58,0.0,0.0,0,0,0,0,0.0,0.39,0.77,0,0,0.0,LOW
E000147,U005,2026-03-03 15:22:00,file_access,RES-002,1,8,DEV-024,0,0,,,0,0.0,analyst,service_account,PG1,14.0,0.5,28.73783139972465,14.222953720281598,39.40009903922908,152.6123984924825,1.8859193984833305,DEV-024,15,2026-03-03,1.0,2.0,0.0,0.2581710229865097,0.0,0.0,0.0,0.0,19,38,0.5,0.0,8.972677595628415,4.294683263006742,1.4034381665091196,0.0,0.5519125683060109,0.0,0.0,0.0,False,False,True,False,False,0.0,LOW,0,0,5160.0,0,0,0,0.0,0.0,0.0,0,0,0,0,20.0,4.0,4.0,0,0,0.0,LOW
E000219,U005,2026-03-04 15:59:00,file_access,RES-014,0,15,DEV-024,0,0,,,0,0.0,analyst,service_account,PG1,14.0,0.5,28.73783139972465,14.222953720281598,39.40009903922908,152.6123984924825,1.8859193984833305,DEV-024,15,2026-03-04,1.0,2.0,0.0,0.2581710229865097,0.0,0.0,0.0,0.0,19,38,0.5,0.0,8.972677595628415,4.294683263006742,1.4034381665091196,0.0,0.5519125683060109,0.0,0.0,0.0,False,False,False,False,False,0.0,LOW,0,0,4620.0,0,0,0,0.0,0.0,0.0,0,0,0,0,0.0,0.0,0.0,0,0,0.0,LOW
E000221,U005,2026-03-04 16:26:00,transaction,,0,0,DEV-024,0,0,,BEN-006,0,104.23,analyst,service_account,PG1,14.0,0.5,28.73783139972465,14.222953720281598,39.40009903922908,152.6123984924825,1.8859193984833305,DEV-024,16,2026-03-04,2.0,4.0,0.0,0.4248010096241581,0.0,0.0,0.0,0.0,9,38,0.2368421052631578,0.0,8.972677595628415,4.294683263006742,1.6362842086407323,0.0,0.1639344262295081,0.0,0.0,0.0,False,False,False,False,True,0.0,LOW,0,0,1620.0,0,0,1,0.83,2.65,26.5,0,0,0,0,20.0,8.1,9.55,0,0,0.0,LOW
E000281,U005,2026-03-05 14:29:00,file_access,RES-053,0,6,DEV-024,0,0,,,0,0.0,analyst,service_account,PG1,14.0,0.5,28.73783139972465,14.222953720281598,39.40009903922908,152.6123984924825,1.8859193984833305,DEV-024,14,2026-03-05,0.0,0.0,0.0,0.2581710229865097,0.0,0.0,0.0,0.0,19,38,0.5,0.0,8.972677595628415,4.294683263006742,1.1705921243775068,0.0,0.5519125683060109,0.0,0.0,0.0,False,False,False,False,False,0.0,LOW,0,0,6240.0,0,0,0,0.0,0.0,0.0,0,0,0,0,0.0,0.0,0.0,0,0,0.0,LOW
E000341,U005,2026-03-06 13:14:00,file_access,RES-020,0,19,DEV-024,0,0,,,0,0.0,analyst,service_account,PG1,14.0,0.5,28.73783139972465,14.222953720281598,39.40009903922908,152.6123984924825,1.8859193984833305,DEV-024,13,2026-03-06,1.0,2.0,0.0,0.2581710229865097,0.0,0.0,0.0,0.0,19,38,0.5,0.0,8.972677595628415,4.294683263006742,0.937746082245894,0.0,0.5519125683060109,0.0,0.0,0.0,False,False,False,False,False,0.0,LOW,0,0,480.0,0,1,1,2.58,0.0,0.0,0,0,0,0,0.0,0.39,0.77,0,0,0.0,LOW
E000346,U005,2026-03-06 14:01:00,file_access,RES-046,0,7,DEV-024,0,0,,,0,0.0,analyst,service_account,PG1,14.0,0.5,28.73783139972465,14.222953720281598,39.40009903922908,152.6123984924825,1.8859193984833305,DEV-024,14,2026-03-06,0.0,0.0,0.0,0.2581710229865097,0.0,0.0,0.0,0.0,19,38,0.5,0.0,8.972677595628415,4.294683263006742,1.1705921243775068,0.0,0.5519125683060109,0.0,0.0,0.0,False,False,False,False,False,0.0,LOW,0,0,2820.0,0,0,0,0.0,0.0,0.0,0,0,0,0,0.0,0.0,0.0,0,0,0.0,LOW
E000354,U005,2026-03-06 14:37:00,file_access,RES-059,0,13,DEV-024,0,0,,,0,0.0,analyst,service_account,PG1,14.0,0.5,28.73783139972465,14.222953720281598,39.40009903922908,152.6123984924825,1.8859193984833305,DEV-024,14,2026-03-06,0.0,0.0,0.0,0.2581710229865097,0.0,0.0,0.0,0.0,19,38,0.5,0.0,8.972677595628415,4.294683263006742,1.1705921243775068,0.0,0.5519125683060109,0.0,0.0,0.0,False,False,False,False,False,0.0,LOW,0,0,2160.0,0,0,0,0.0,0.0,0.0,0,0,0,0,0.0,0.0,0.0,0,0,0.0,LOW
E000362,U005,2026-03-06 16:12:00,transaction,,0,0,DEV-024,0,0,,BEN-023,0,94.6,analyst,service_account,PG1,14.0,0.5,28.73783139972465,14.222953720281598,39.40009903922908,152.6123984924825,1.8859193984833305,DEV-024,16,2026-03-06,2.0,4.0,0.0,0.361699976581457,0.0,0.0,0.0,0.0,9,38,0.2368421052631578,0.0,8.972677595628415,4.294683263006742,1.6362842086407323,0.0,0.1639344262295081,0.0,0.0,0.0,False,False,False,False,True,0.0,LOW,0,0,5700.0,0,0,0,0.0,2.4,24.0,0,0,0,0,20.0,7.6,8.8,0,0,0.0,LOW
E000431,U005,2026-03-07 15:27:00,transaction,,0,0,DEV-024,0,0,,BEN-003,0,0.0,analyst,service_account,PG1,14.0,0.5,28.73783139972465,14.222953720281598,39.40009903922908,152.6123984924825,1.8859193984833305,DEV-024,15,2026-03-07,1.0,2.0,0.0,0.2581710229865097,0.0,0.0,0.0,0.0,9,38,0.2368421052631578,0.0,8.972677595628415,4.294683263006742,1.4034381665091196,0.0,0.1639344262295081,0.0,0.0,0.0,False,False,False,False,False,0.0,LOW,0,1,5880.0,0,0,0,0.0,0.0,0.0,0,0,0,0,0.0,0.0,0.0,0,0,0.0,LOW
E000432,U005,2026-03-07 15:37:00,file_access,RES-008,1,19,DEV-024,0,0,,,0,0.0,analyst,service_account,PG1,14.0,0.5,28.73783139972465,14.222953720281598,39.40009903922908,152.6123984924825,1.8859193984833305,DEV-024,15,2026-03-07,1.0,2.0,0.0,0.2581710229865097,0.0,0.0,0.0,0.0,19,38,0.5,0.0,8.972677595628415,4.294683263006742,1.4034381665091196,0.0,0.5519125683060109,0.0,0.0,0.0,False,False,True,False,False,0.0,LOW,0,1,600.0,0,1,1,2.58,0.0,0.0,0,0,0,0,20.0,4.39,4.77,0,0,0.0,LOW
E000433,U005,2026-03-07 15:42:00,file_access,RES-044,0,20,DEV-024,0,0,,,0,0.0,analyst,service_account,PG1,14.0,0.5,28.73783139972465,14.222953720281598,39.40009903922908,152.6123984924825,1.8859193984833305,DEV-024,15,2026-03-07,1.0,2.0,0.0,0.2581710229865097,0.0,0.0,0.0,0.0,19,38,0.5,0.0,8.972677595628415,4.294683263006742,1.4034381665091196,0.0,0.5519125683060109,0.0,0.0,0.0,False,False,False,False,False,0.0,LOW,0,1,300.0,1,2,2,9.17,0.0,0.0,0,0,0,0,0.0,1.38,2.75,0,0,0.0,LOW
E000492,U005,2026-03-08 14:20:00,file_access,RES-001,1,14,DEV-024,0,0,,,0,0.0,analyst,service_account,PG1,14.0,0.5,28.73783139972465,14.222953720281598,39.40009903922908,152.6123984924825,1.8859193984833305,DEV-024,14,2026-03-08,0.0,0.0,0.0,0.2581710229865097,0.0,0.0,0.0,0.0,19,38,0.5,0.0,8.972677595628415,4.294683263006742,1.1705921243775068,0.0,0.5519125683060109,0.0,0.0,0.0,False,False,True,False,False,0.0,LOW,0,1,2880.0,0,0,0,0.0,0.0,0.0,0,0,0,0,20.0,4.0,4.0,0,0,0.0,LOW
E000494,U005,2026-03-08 14:32:00,file_access,RES-024,0,15,DEV-024,0,0,,,0,0.0,analyst,service_account,PG1,14.0,0.5,28.73783139972465,14.222953720281598,39.40009903922908,152.6123984924825,1.8859193984833305,DEV-024,14,2026-03-08,0.0,0.0,0.0,0.2581710229865097,0.0,0.0,0.0,0.0,19,38,0.5,0.0,8.972677595628415,4.294683263006742,1.1705921243775068,0.0,0.5519125683060109,0.0,0.0,0.0,False,False,False,False,False,0.0,LOW,0,1,720.0,0,1,1,2.58,0.0,0.0,0,0,0,0,0.0,0.39,0.77,0,0,0.0,LOW
E000500,U005,2026-03-08 15:22:00,file_access,RES-032,0,4,DEV-024,0,0,,,0,0.0,analyst,service_account,PG1,14.0,0.5,28.73783139972465,14.222953720281598,39.40009903922908,152.6123984924825,1.8859193984833305,DEV-024,15,2026-03-08,1.0,2.0,0.0,0.2581710229865097,0.0,0.0,0.0,0.0,19,38,0.5,0.0,8.972677595628415,4.294683263006742,1.4034381665091196,0.0,0.5519125683060109,0.0,0.0,0.0,False,False,False,False,False,0.0,LOW,0,1,3000.0,0,0,0,0.0,0.0,0.0,0,0,0,0,0.0,0.0,0.0,0,0,0.0,LOW
E000501,U005,2026-03-08 15:33:00,transaction,,0,0,DEV-024,0,0,,BEN-021,0,122.37,analyst,service_account,PG1,14.0,0.5,28.73783139972465,14.222953720281598,39.40009903922908,152.6123984924825,1.8859193984833305,DEV-024,15,2026-03-08,1.0,2.0,0.0,0.5436642224377197,0.0,0.0,0.0,0.0,9,38,0.2368421052631578,0.0,8.972677595628415,4.294683263006742,1.4034381665091196,0.0,0.1639344262295081,0.0,0.0,0.0,False,False,False,False,True,0.0,LOW,0,1,660.0,0,1,1,2.58,3.11,31.1,0,0,0,0,20.0,9.05,10.99,0,0,0.0,LOW
E000567,U005,2026-03-09 15:17:00,file_access,RES-053,0,19,DEV-024,0,0,,,0,0.0,analyst,service_account,PG1,14.0,0.5,28.73783139972465,14.222953720281598,39.40009903922908,152.6123984924825,1.8859193984833305,DEV-024,15,2026-03-09,1.0,2.0,0.0,0.2581710229865097,0.0,0.0,0.0,0.0,19,38,0.5,0.0,8.972677595628415,4.294683263006742,1.4034381665091196,0.0,0.5519125683060109,0.0,0.0,0.0,False,False,False,False,False,0.0,LOW,0,0,3600.0,0,0,0,0.0,0.0,0.0,0,0,0,0,0.0,0.0,0.0,0,0,0.0,LOW
E000570,U005,2026-03-09 15:29:00,transaction,,0,0,DEV-024,0,0,,BEN-029,0,70.97,analyst,service_account,PG1,14.0,0.5,28.73783139972465,14.222953720281598,39.40009903922908,152.6123984924825,1.8859193984833305,DEV-024,15,2026-03-09,1.0,2.0,0.0,0.2068632776407482,0.0,0.0,0.0,0.0,9,38,0.2368421052631578,0.0,8.972677595628415,4.294683263006742,1.4034381665091196,0.0,0.1639344262295081,0.0,0.0,0.0,False,False,False,False,True,0.0,LOW,0,0,720.0,0,1,1,2.58,1.8,18.0,0,0,0,0,20.0,7.09,8.37,0,0,0.0,LOW
E000577,U005,2026-03-09 16:01:00,file_access,RES-031,0,15,DEV-024,0,0,,,0,0.0,analyst,service_account,PG1,14.0,0.5,28.73783139972465,14.222953720281598,39.40009903922908,152.6123984924825,1.8859193984833305,DEV-024,16,2026-03-09,2.0,4.0,0.0,0.2581710229865097,0.0,0.0,0.0,0.0,19,38,0.5,0.0,8.972677595628415,4.294683263006742,1.6362842086407323,0.0,0.5519125683060109,0.0,0.0,0.0,False,False,False,False,False,0.0,LOW,0,0,1920.0,0,0,0,0.0,0.0,0.0,0,0,0,0,0.0,0.0,0.0,0,0,0.0,LOW
E000579,U005,2026-03-09 16:05:00,file_access,RES-059,0,18,DEV-024,0,0,,,0,0.0,analyst,service_account,PG1,14.0,0.5,28.73783139972465,14.222953720281598,39.40009903922908,152.6123984924825,1.8859193984833305,DEV-024,16,2026-03-09,2.0,4.0,0.0,0.2581710229865097,0.0,0.0,0.0,0.0,19,38,0.5,0.0,8.972677595628415,4.294683263006742,1.6362842086407323,0.0,0.5519125683060109,0.0,0.0,0.0,False,False,False,False,False,0.0,LOW,0,0,240.0,1,1,1,6.58,0.0,0.0,0,0,0,0,0.0,0.99,1.97,0,0,0.0,LOW
E000651,U005,2026-03-10 15:09:00,file_access,RES-030,0,19,DEV-024,0,0,,,0,0.0,analyst,service_account,PG1,14.0,0.5,28.73783139972465,14.222953720281598,39.40009903922908,152.6123984924825,1.8859193984833305,DEV-024,15,2026-03-10,1.0,2.0,0.0,0.2581710229865097,0.0,0.0,0.0,0.0,19,38,0.5,0.0,8.972677595628415,4.294683263006742,1.4034381665091196,0.0,0.5519125683060109,0.0,0.0,0.0,False,False,False,False,False,0.0,LOW,0,0,6060.0,0,0,0,0.0,0.0,0.0,0,0,0,0,0.0,0.0,0.0,0,0,0.0,LOW
E000652,U005,2026-03-10 15:15:00,transaction,,0,0,DEV-024,0,0,,BEN-011,0,0.0,analyst,service_account,PG1,14.0,0.5,28.73783139972465,14.222953720281598,39.40009903922908,152.6123984924825,1.8859193984833305,DEV-024,15,2026-03-10,1.0,2.0,0.0,0.2581710229865097,0.0,0.0,0.0,0.0,9,38,0.2368421052631578,0.0,8.972677595628415,4.294683263006742,1.4034381665091196,0.0,0.1639344262295081,0.0,0.0,0.0,False,False,False,False,False,0.0,LOW,0,0,360.0,0,1,1,2.58,0.0,0.0,0,0,0,0,0.0,0.39,0.77,0,0,0.0,LOW
E000725,U005,2026-03-11 14:43:00,file_access,RES-023,0,9,DEV-024,0,0,,,0,0.0,analyst,service_account,PG1,14.0,0.5,28.73783139972465,14.222953720281598,39.40009903922908,152.6123984924825,1.8859193984833305,DEV-024,14,2026-03-11,0.0,0.0,0.0,0.2581710229865097,0.0,0.0,0.0,0.0,19,38,0.5,0.0,8.972677595628415,4.294683263006742,1.1705921243775068,0.0,0.5519125683060109,0.0,0.0,0.0,False,False,False,False,False,0.0,LOW,0,0,1920.0,0,0,0,0.0,0.0,0.0,0,0,0,0,0.0,0.0,0.0,0,0,0.0,LOW
E000727,U005,2026-03-11 14:59:00,file_access,RES-018,0,20,DEV-024,0,0,,,0,0.0,analyst,service_account,PG1,14.0,0.5,28.73783139972465,14.222953720281598,39.40009903922908,152.6123984924825,1.8859193984833305,DEV-024,14,2026-03-11,0.0,0.0,0.0,0.2581710229865097,0.0,0.0,0.0,0.0,19,38,0.5,0.0,8.972677595628415,4.294683263006742,1.1705921243775068,0.0,0.5519125683060109,0.0,0.0,0.0,False,False,False,False,False,0.0,LOW,0,0,960.0,0,0,1,0.83,0.0,0.0,0,0,0,0,0.0,0.12,0.25,0,0,0.0,LOW
E000729,U005,2026-03-11 15:31:00,transaction,,0,0,DEV-024,0,0,,BEN-007,0,0.0,analyst,service_account,PG1,14.0,0.5,28.73783139972465,14.222953720281598,39.40009903922908,152.6123984924825,1.8859193984833305,DEV-024,15,2026-03-11,1.0,2.0,0.0,0.2581710229865097,0.0,0.0,0.0,0.0,9,38,0.2368421052631578,0.0,8.972677595628415,4.294683263006742,1.4034381665091196,0.0,0.1639344262295081,0.0,0.0,0.0,False,False,False,False,False,0.0,LOW,0,0,1920.0,0,0,0,0.0,0.0,0.0,0,0,0,0,0.0,0.0,0.0,0,0,0.0,LOW
E000008,U006,2026-03-02 02:42:00,file_access,RES-027,0,16,DEV-015,0,0,,,0,0.0,manager,automated_system,PG2,2.0,0.5,69.32002853504464,5.458243836556623,113.94913782577343,151.2857872607375,0.2393759307708824,DEV-015,2,2026-03-02,0.0,0.0,0.0,0.7532045137153881,0.0,0.0,0.0,0.0,17,30,0.5666666666666667,0.0,9.209944751381215,4.253117875582253,1.6952139494591767,0.0,0.5303867403314917,0.0,0.0,0.0,False,False,False,False,False,0.0,LOW,1,0,5820.0,0,0,0,0.0,0.0,0.0,0,0,0,0,0.0,0.0,15.0,0,0,0.0,LOW
E000077,U006,2026-03-03 03:01:00,file_access,RES-019,0,8,DEV-015,0,0,,,0,0.0,manager,automated_system,PG2,2.0,0.5,69.32002853504464,5.458243836556623,113.94913782577343,151.2857872607375,0.2393759307708824,DEV-015,3,2026-03-03,1.0,2.0,0.0,0.7532045137153881,0.0,0.0,0.0,0.0,17,30,0.5666666666666667,0.0,9.209944751381215,4.253117875582253,1.4600923212200112,0.0,0.5303867403314917,0.0,0.0,0.0,False,False,False,False,False,0.0,LOW,1,0,960.0,0,0,1,0.83,0.0,0.0,0,0,0,0,0.0,0.12,15.25,0,0,0.0,LOW
E000085,U006,2026-03-03 03:47:00,file_access,RES-051,0,1,DEV-015,0,0,,,0,0.0,manager,automated_system,PG2,2.0,0.5,69.32002853504464,5.458243836556623,113.94913782577343,151.2857872607375,0.2393759307708824,DEV-015,3,2026-03-03,1.0,2.0,0.0,0.7532045137153881,0.0,0.0,0.0,0.0,17,30,0.5666666666666667,0.0,9.209944751381215,4.253117875582253,1.4600923212200112,0.0,0.5303867403314917,0.0,0.0,0.0,False,False,False,False,False,0.0,LOW,1,0,2760.0,0,0,0,0.0,0.0,0.0,0,0,0,0,0.0,0.0,15.0,0,0,0.0,LOW
E000171,U006,2026-03-04 03:20:00,file_access,RES-036,0,17,DEV-015,0,0,,,0,0.0,manager,automated_system,PG2,2.0,0.5,69.32002853504464,5.458243836556623,113.94913782577343,151.2857872607375,0.2393759307708824,DEV-015,3,2026-03-04,1.0,2.0,0.0,0.7532045137153881,0.0,0.0,0.0,0.0,17,30,0.5666666666666667,0.0,9.209944751381215,4.253117875582253,1.4600923212200112,0.0,0.5303867403314917,0.0,0.0,0.0,False,False,False,False,False,0.0,LOW,1,0,3900.0,0,0,0,0.0,0.0,0.0,0,0,0,0,0.0,0.0,15.0,0,0,0.0,LOW
E000172,U006,2026-03-04 03:44:00,file_access,RES-038,0,12,DEV-015,0,0,,,0,0.0,manager,automated_system,PG2,2.0,0.5,69.32002853504464,5.458243836556623,113.94913782577343,151.2857872607375,0.2393759307708824,DEV-015,3,2026-03-04,1.0,2.0,0.0,0.7532045137153881,0.0,0.0,0.0,0.0,17,30,0.5666666666666667,0.0,9.209944751381215,4.253117875582253,1.4600923212200112,0.0,0.5303867403314917,0.0,0.0,0.0,False,False,False,False,False,0.0,LOW,1,0,1440.0,0,0,1,0.83,0.0,0.0,0,0,0,0,0.0,0.12,15.25,0,0,0.0,LOW
E000232,U006,2026-03-05 02:59:00,file_access,RES-015,0,4,DEV-015,0,0,,,0,0.0,manager,automated_system,PG2,2.0,0.5,69.32002853504464,5.458243836556623,113.94913782577343,151.2857872607375,0.2393759307708824,DEV-015,2,2026-03-05,0.0,0.0,0.0,0.7532045137153881,0.0,0.0,0.0,0.0,17,30,0.5666666666666667,0.0,9.209944751381215,4.253117875582253,1.6952139494591767,0.0,0.5303867403314917,0.0,0.0,0.0,False,False,False,False,False,0.0,LOW,1,0,2220.0,0,0,0,0.0,0.0,0.0,0,0,0,0,0.0,0.0,15.0,0,0,0.0,LOW
E000237,U006,2026-03-05 03:25:00,file_access,RES-018,0,10,DEV-015,0,0,,,0,0.0,manager,automated_system,PG2,2.0,0.5,69.32002853504464,5.458243836556623,113.94913782577343,151.2857872607375,0.2393759307708824,DEV-015,3,2026-03-05,1.0,2.0,0.0,0.7532045137153881,0.0,0.0,0.0,0.0,17,30,0.5666666666666667,0.0,9.209944751381215,4.253117875582253,1.4600923212200112,0.0,0.5303867403314917,0.0,0.0,0.0,False,False,False,False,False,0.0,LOW,1,0,1560.0,0,0,1,0.83,0.0,0.0,0,0,0,0,0.0,0.12,15.25,0,0,0.0,LOW
E000242,U006,2026-03-05 03:59:00,file_access,RES-013,0,11,DEV-015,0,0,,,0,0.0,manager,automated_system,PG2,2.0,0.5,69.32002853504464,5.458243836556623,113.94913782577343,151.2857872607375,0.2393759307708824,DEV-015,3,2026-03-05,1.0,2.0,0.0,0.7532045137153881,0.0,0.0,0.0,0.0,17,30,0.5666666666666667,0.0,9.209944751381215,4.253117875582253,1.4600923212200112,0.0,0.5303867403314917,0.0,0.0,0.0,False,False,False,False,False,0.0,LOW,1,0,2040.0,0,0,0,0.0,0.0,0.0,0,0,0,0,0.0,0.0,15.0,0,0,0.0,LOW
E000244,U006,2026-03-05 04:49:00,transaction,,0,0,DEV-015,0,0,,BEN-025,0,109.9,manager,automated_system,PG2,2.0,0.5,69.32002853504464,5.458243836556623,113.94913782577343,151.2857872607375,0.2393759307708824,DEV-015,4,2026-03-05,2.0,4.0,0.0,0.0267648263534157,0.0,0.0,0.0,0.0,3,30,0.1,0.0,9.209944751381215,4.253117875582253,1.2249706929808457,0.0,0.1933701657458563,0.0,0.0,0.0,False,False,False,False,True,0.0,LOW,1,0,3000.0,0,0,0,0.0,0.96,9.6,0,0,0,0,20.0,5.44,20.92,0,0,0.0,LOW
E000301,U006,2026-03-06 02:27:00,file_access,RES-047,0,19,DEV-015,0,0,,,0,0.0,manager,automated_system,PG2,2.0,0.5,69.32002853504464,5.458243836556623,113.94913782577343,151.2857872607375,0.2393759307708824,DEV-015,2,2026-03-06,0.0,0.0,0.0,0.7532045137153881,0.0,0.0,0.0,0.0,17,30,0.5666666666666667,0.0,9.209944751381215,4.253117875582253,1.6952139494591767,0.0,0.5303867403314917,0.0,0.0,0.0,False,False,False,False,False,0.0,LOW,1,0,2400.0,0,0,0,0.0,0.0,0.0,0,0,0,0,0.0,0.0,15.0,0,0,0.0,LOW
E000306,U006,2026-03-06 03:29:00,file_access,RES-034,0,20,DEV-015,0,0,,,0,0.0,manager,automated_system,PG2,2.0,0.5,69.32002853504464,5.458243836556623,113.94913782577343,151.2857872607375,0.2393759307708824,DEV-015,3,2026-03-06,1.0,2.0,0.0,0.7532045137153881,0.0,0.0,0.0,0.0,17,30,0.5666666666666667,0.0,9.209944751381215,4.253117875582253,1.4600923212200112,0.0,0.5303867403314917,0.0,0.0,0.0,False,False,False,False,False,0.0,LOW,1,0,3720.0,0,0,0,0.0,0.0,0.0,0,0,0,0,0.0,0.0,15.0,0,0,0.0,LOW
E000368,U006,2026-03-07 01:19:00,transaction,,0,0,DEV-015,0,0,,BEN-002,0,93.43,manager,automated_system,PG2,2.0,0.5,69.32002853504464,5.458243836556623,113.94913782577343,151.2857872607375,0.2393759307708824,DEV-015,1,2026-03-07,1.0,2.0,0.0,0.135631629363895,0.0,0.0,0.0,0.0,3,30,0.1,0.0,9.209944751381215,4.253117875582253,1.9303355776983424,0.0,0.1933701657458563,0.0,0.0,0.0,False,False,False,False,True,0.0,LOW,1,1,780.0,0,1,1,2.58,0.82,8.2,0,0,0,0,20.0,5.62,21.41,0,0,0.0,LOW
E000371,U006,2026-03-07 01:48:00,file_access,RES-015,0,12,DEV-015,0,0,,,0,0.0,manager,automated_system,PG2,2.0,0.5,69.32002853504464,5.458243836556623,113.94913782577343,151.2857872607375,0.2393759307708824,DEV-015,1,2026-03-07,1.0,2.0,0.0,0.7532045137153881,0.0,0.0,0.0,0.0,17,30,0.5666666666666667,0.0,9.209944751381215,4.253117875582253,1.9303355776983424,0.0,0.5303867403314917,0.0,0.0,0.0,False,False,False,False,False,0.0,LOW,1,1,1740.0,0,0,1,0.83,0.0,0.0,0,0,0,0,0.0,0.12,15.25,0,0,0.0,LOW
E000439,U006,2026-03-08 01:21:00,file_access,RES-056,0,1,DEV-015,0,0,,,0,0.0,manager,automated_system,PG2,2.0,0.5,69.32002853504464,5.458243836556623,113.94913782577343,151.2857872607375,0.2393759307708824,DEV-015,1,2026-03-08,1.0,2.0,0.0,0.7532045137153881,0.0,0.0,0.0,0.0,17,30,0.5666666666666667,0.0,9.209944751381215,4.253117875582253,1.9303355776983424,0.0,0.5303867403314917,0.0,0.0,0.0,False,False,False,False,False,0.0,LOW,1,1,1080.0,0,0,1,0.83,0.0,0.0,0,0,0,0,0.0,0.12,15.25,0,0,0.0,LOW
E000441,U006,2026-03-08 01:45:00,file_access,RES-045,0,5,DEV-015,0,0,,,0,0.0,manager,automated_system,PG2,2.0,0.5,69.32002853504464,5.458243836556623,113.94913782577343,151.2857872607375,0.2393759307708824,DEV-015,1,2026-03-08,1.0,2.0,0.0,0.7532045137153881,0.0,0.0,0.0,0.0,17,30,0.5666666666666667,0.0,9.209944751381215,4.253117875582253,1.9303355776983424,0.0,0.5303867403314917,0.0,0.0,0.0,False,False,False,False,False,0.0,LOW,1,1,1440.0,0,0,1,0.83,0.0,0.0,0,0,0,0,0.0,0.12,15.25,0,0,0.0,LOW
E000444,U006,2026-03-08 02:29:00,file_access,RES-056,0,16,DEV-015,0,0,,,0,0.0,manager,automated_system,PG2,2.0,0.5,69.32002853504464,5.458243836556623,113.94913782577343,151.2857872607375,0.2393759307708824,DEV-015,2,2026-03-08,0.0,0.0,0.0,0.7532045137153881,0.0,0.0,0.0,0.0,17,30,0.5666666666666667,0.0,9.209944751381215,4.253117875582253,1.6952139494591767,0.0,0.5303867403314917,0.0,0.0,0.0,False,False,False,False,False,0.0,LOW,1,1,2640.0,0,0,0,0.0,0.0,0.0,0,0,0,0,0.0,0.0,15.0,0,0,0.0,LOW
E000510,U006,2026-03-09 01:37:00,transaction,,0,0,DEV-015,0,0,,BEN-013,0,145.1,manager,automated_system,PG2,2.0,0.5,69.32002853504464,5.458243836556623,113.94913782577343,151.2857872607375,0.2393759307708824,DEV-015,1,2026-03-09,1.0,2.0,0.0,0.2059073938025571,0.0,0.0,0.0,0.0,3,30,0.1,0.0,9.209944751381215,4.253117875582253,1.9303355776983424,0.0,0.1933701657458563,0.0,0.0,0.0,False,False,False,False,True,0.0,LOW,1,0,1560.0,0,0,1,0.83,1.27,12.7,0,0,0,0,20.0,6.03,21.79,0,0,0.0,LOW
E000513,U006,2026-03-09 01:48:00,file_access,RES-056,0,16,DEV-015,0,0,,,0,0.0,manager,automated_system,PG2,2.0,0.5,69.32002853504464,5.458243836556623,113.94913782577343,151.2857872607375,0.2393759307708824,DEV-015,1,2026-03-09,1.0,2.0,0.0,0.7532045137153881,0.0,0.0,0.0,0.0,17,30,0.5666666666666667,0.0,9.209944751381215,4.253117875582253,1.9303355776983424,0.0,0.5303867403314917,0.0,0.0,0.0,False,False,False,False,False,0.0,LOW,1,0,660.0,0,1,1,2.58,0.0,0.0,0,0,0,0,0.0,0.39,15.77,0,0,0.0,LOW
E000584,U006,2026-03-10 02:07:00,file_access,RES-010,0,19,DEV-015,0,0,,,0,0.0,manager,automated_system,PG2,2.0,0.5,69.32002853504464,5.458243836556623,113.94913782577343,151.2857872607375,0.2393759307708824,DEV-015,2,2026-03-10,0.0,0.0,0.0,0.7532045137153881,0.0,0.0,0.0,0.0,17,30,0.5666666666666667,0.0,9.209944751381215,4.253117875582253,1.6952139494591767,0.0,0.5303867403314917,0.0,0.0,0.0,False,False,False,False,False,0.0,LOW,1,0,1440.0,0,0,1,0.83,0.0,0.0,0,0,0,0,0.0,0.12,15.25,0,0,0.0,LOW
E000665,U006,2026-03-11 02:25:00,file_access,RES-036,0,14,DEV-015,0,0,,,0,0.0,manager,automated_system,PG2,2.0,0.5,69.32002853504464,5.458243836556623,113.94913782577343,151.2857872607375,0.2393759307708824,DEV-015,2,2026-03-11,0.0,0.0,0.0,0.7532045137153881,0.0,0.0,0.0,0.0,17,30,0.5666666666666667,0.0,9.209944751381215,4.253117875582253,1.6952139494591767,0.0,0.5303867403314917,0.0,0.0,0.0,False,False,False,False,False,0.0,LOW,1,0,1200.0,0,0,1,0.83,0.0,0.0,0,0,0,0,0.0,0.12,15.25,0,0,0.0,LOW
E000029,U007,2026-03-02 09:28:00,login,,0,0,DEV-005,0,0,,,0,0.0,admin,employee,PG3,8.950315562597915,0.8173872116579048,78.38772986485253,6.626540971560848,177.63535011376075,284.56131103219263,2.105460940375654,DEV-005,9,2026-03-02,0.0496844374020852,0.0607844564894897,0.0,0.6242428019094441,0.0,0.0,0.0,0.0,10,42,0.238095238095238,0.0,7.707446808510638,4.872112925153142,0.2652962300640299,0.0,0.2606382978723404,0.0,0.0,0.0,False,False,False,False,False,0.0,LOW,0,0,999999.0,0,0,0,0.0,0.0,0.0,0,0,0,0,0.0,0.0,0.0,0,0,0.0,LOW
E000036,U007,2026-03-02 10:11:00,file_access,RES-056,0,19,DEV-005,0,0,,,0,0.0,admin,employee,PG3,8.950315562597915,0.8173872116579048,78.38772986485253,6.626540971560848,177.63535011376075,284.56131103219263,2.105460940375654,DEV-005,10,2026-03-02,1.0496844374020853,1.2841948374418686,0.0,0.6242428019094441,0.0,0.0,0.0,0.0,23,42,0.5476190476190477,0.0,7.707446808510638,4.872112925153142,0.4705459883028679,0.0,0.526595744680851,0.0,0.0,0.0,False,False,False,False,False,0.0,LOW,0,0,2580.0,0,0,0,0.0,0.0,0.0,0,0,0,0,0.0,0.0,0.0,0,0,0.0,LOW
E000041,U007,2026-03-02 10:27:00,file_access,RES-020,0,19,DEV-005,0,0,,,0,0.0,admin,employee,PG3,8.950315562597915,0.8173872116579048,78.38772986485253,6.626540971560848,177.63535011376075,284.56131103219263,2.105460940375654,DEV-005,10,2026-03-02,1.0496844374020853,1.2841948374418686,0.0,0.6242428019094441,0.0,0.0,0.0,0.0,23,42,0.5476190476190477,0.0,7.707446808510638,4.872112925153142,0.4705459883028679,0.0,0.526595744680851,0.0,0.0,0.0,False,False,False,False,False,0.0,LOW,0,0,960.0,0,0,1,0.83,0.0,0.0,0,0,0,0,0.0,0.12,0.25,0,0,0.0,LOW
E000103,U007,2026-03-03 09:16:00,login,,0,0,DEV-005,0,0,,,0,0.0,admin,employee,PG3,8.950315562597915,0.8173872116579048,78.38772986485253,6.626540971560848,177.63535011376075,284.56131103219263,2.105460940375654,DEV-005,9,2026-03-03,0.0496844374020852,0.0607844564894897,0.0,0.6242428019094441,0.0,0.0,0.0,0.0,10,42,0.238095238095238,0.0,7.707446808510638,4.872112925153142,0.2652962300640299,0.0,0.2606382978723404,0.0,0.0,0.0,False,False,False,False,False,0.0,LOW,0,0,75720.0,0,0,0,0.0,0.0,0.0,0,0,0,0,0.0,0.0,0.0,0,0,0.0,LOW
E000111,U007,2026-03-03 09:31:00,file_access,RES-011,0,8,DEV-005,0,0,,,0,0.0,admin,employee,PG3,8.950315562597915,0.8173872116579048,78.38772986485253,6.626540971560848,177.63535011376075,284.56131103219263,2.105460940375654,DEV-005,9,2026-03-03,0.0496844374020852,0.0607844564894897,0.0,0.6242428019094441,0.0,0.0,0.0,0.0,23,42,0.5476190476190477,0.0,7.707446808510638,4.872112925153142,0.2652962300640299,0.0,0.526595744680851,0.0,0.0,0.0,False,False,False,False,False,0.0,LOW,0,0,900.0,0,1,1,2.58,0.0,0.0,0,0,0,0,0.0,0.39,0.77,0,0,0.0,LOW
E000132,U007,2026-03-03 11:58:00,transaction,,0,0,DEV-005,0,0,,BEN-016,0,0.0,admin,employee,PG3,8.950315562597915,0.8173872116579048,78.38772986485253,6.626540971560848,177.63535011376075,284.56131103219263,2.105460940375654,DEV-005,11,2026-03-03,2.0496844374020853,2.5076052183942474,0.0,0.6242428019094441,0.0,0.0,0.0,0.0,9,42,0.2142857142857142,0.0,7.707446808510638,4.872112925153142,0.6757957465417058,0.0,0.2127659574468085,0.0,0.0,0.0,False,False,False,False,False,0.0,LOW,0,0,8100.0,0,0,0,0.0,0.0,0.0,0,0,0,0,0.0,0.0,0.0,0,0,0.0,LOW
E000185,U007,2026-03-04 09:44:00,login,,0,0,DEV-005,0,0,,,0,0.0,admin,employee,PG3,8.950315562597915,0.8173872116579048,78.38772986485253,6.626540971560848,177.63535011376075,284.56131103219263,2.105460940375654,DEV-005,9,2026-03-04,0.0496844374020852,0.0607844564894897,0.0,0.6242428019094441,0.0,0.0,0.0,0.0,10,42,0.238095238095238,0.0,7.707446808510638,4.872112925153142,0.2652962300640299,0.0,0.2606382978723404,0.0,0.0,0.0,False,False,False,False,False,0.0,LOW,0,0,78360.0,0,0,0,0.0,0.0,0.0,0,0,0,0,0.0,0.0,0.0,0,0,0.0,LOW
E000187,U007,2026-03-04 09:58:00,file_access,RES-044,0,8,DEV-005,0,0,,,0,0.0,admin,employee,PG3,8.950315562597915,0.8173872116579048,78.38772986485253,6.626540971560848,177.63535011376075,284.56131103219263,2.105460940375654,DEV-005,9,2026-03-04,0.0496844374020852,0.0607844564894897,0.0,0.6242428019094441,0.0,0.0,0.0,0.0,23,42,0.5476190476190477,0.0,7.707446808510638,4.872112925153142,0.2652962300640299,0.0,0.526595744680851,0.0,0.0,0.0,False,False,False,False,False,0.0,LOW,0,0,840.0,0,1,1,2.58,0.0,0.0,0,0,0,0,0.0,0.39,0.77,0,0,0.0,LOW
E000192,U007,2026-03-04 10:22:00,file_access,RES-051,0,19,DEV-005,0,0,,,0,0.0,admin,employee,PG3,8.950315562597915,0.8173872116579048,78.38772986485253,6.626540971560848,177.63535011376075,284.56131103219263,2.105460940375654,DEV-005,10,2026-03-04,1.0496844374020853,1.2841948374418686,0.0,0.6242428019094441,0.0,0.0,0.0,0.0,23,42,0.5476190476190477,0.0,7.707446808510638,4.872112925153142,0.4705459883028679,0.0,0.526595744680851,0.0,0.0,0.0,False,False,False,False,False,0.0,LOW,0,0,1440.0,0,0,1,0.83,0.0,0.0,0,0,0,0,0.0,0.12,0.25,0,0,0.0,LOW
E000252,U007,2026-03-05 09:17:00,login,,0,0,DEV-005,0,0,,,0,0.0,admin,employee,PG3,8.950315562597915,0.8173872116579048,78.38772986485253,6.626540971560848,177.63535011376075,284.56131103219263,2.105460940375654,DEV-005,9,2026-03-05,0.0496844374020852,0.0607844564894897,0.0,0.6242428019094441,0.0,0.0,0.0,0.0,10,42,0.238095238095238,0.0,7.707446808510638,4.872112925153142,0.2652962300640299,0.0,0.2606382978723404,0.0,0.0,0.0,False,False,False,False,False,0.0,LOW,0,0,81180.0,0,0,0,0.0,0.0,0.0,0,0,0,0,0.0,0.0,0.0,0,0,0.0,LOW
E000254,U007,2026-03-05 09:31:00,file_access,RES-004,1,6,DEV-005,0,0,,,0,0.0,admin,employee,PG3,8.950315562597915,0.8173872116579048,78.38772986485253,6.626540971560848,177.63535011376075,284.56131103219263,2.105460940375654,DEV-005,9,2026-03-05,0.0496844374020852,0.0607844564894897,0.0,0.6242428019094441,0.0,0.0,0.0,0.0,23,42,0.5476190476190477,0.0,7.707446808510638,4.872112925153142,0.2652962300640299,0.0,0.526595744680851,0.0,0.0,0.0,False,False,True,False,False,0.0,LOW,0,0,840.0,0,1,1,2.58,0.0,0.0,0,0,0,0,20.0,4.39,4.77,0,0,0.0,LOW
E000273,U007,2026-03-05 11:59:00,transaction,,0,0,DEV-005,0,0,,BEN-024,0,337.26,admin,employee,PG3,8.950315562597915,0.8173872116579048,78.38772986485253,6.626540971560848,177.63535011376075,284.56131103219263,2.105460940375654,DEV-005,11,2026-03-05,2.0496844374020853,2.5076052183942474,0.0,0.5609499383708588,0.0,0.0,0.0,0.0,9,42,0.2142857142857142,0.0,7.707446808510638,4.872112925153142,0.6757957465417058,0.0,0.2127659574468085,0.0,0.0,0.0,False,False,False,False,True,0.0,LOW,0,0,8880.0,0,0,0,0.0,1.9,19.0,0,0,0,0,20.0,6.85,7.8,0,0,0.0,LOW
E000322,U007,2026-03-06 09:29:00,login,,0,0,DEV-005,0,0,,,0,0.0,admin,employee,PG3,8.950315562597915,0.8173872116579048,78.38772986485253,6.626540971560848,177.63535011376075,284.56131103219263,2.105460940375654,DEV-005,9,2026-03-06,0.0496844374020852,0.0607844564894897,0.0,0.6242428019094441,0.0,0.0,0.0,0.0,10,42,0.238095238095238,0.0,7.707446808510638,4.872112925153142,0.2652962300640299,0.0,0.2606382978723404,0.0,0.0,0.0,False,False,False,False,False,0.0,LOW,0,0,77400.0,0,0,0,0.0,0.0,0.0,0,0,0,0,0.0,0.0,0.0,0,0,0.0,LOW
E000324,U007,2026-03-06 10:08:00,file_access,RES-033,0,18,DEV-005,0,0,,,0,0.0,admin,employee,PG3,8.950315562597915,0.8173872116579048,78.38772986485253,6.626540971560848,177.63535011376075,284.56131103219263,2.105460940375654,DEV-005,10,2026-03-06,1.0496844374020853,1.2841948374418686,0.0,0.6242428019094441,0.0,0.0,0.0,0.0,23,42,0.5476190476190477,0.0,7.707446808510638,4.872112925153142,0.4705459883028679,0.0,0.526595744680851,0.0,0.0,0.0,False,False,False,False,False,0.0,LOW,0,0,2340.0,0,0,0,0.0,0.0,0.0,0,0,0,0,0.0,0.0,0.0,0,0,0.0,LOW
E000325,U007,2026-03-06 10:12:00,file_access,RES-045,0,13,DEV-005,0,0,,,0,0.0,admin,employee,PG3,8.950315562597915,0.8173872116579048,78.38772986485253,6.626540971560848,177.63535011376075,284.56131103219263,2.105460940375654,DEV-005,10,2026-03-06,1.0496844374020853,1.2841948374418686,0.0,0.6242428019094441,0.0,0.0,0.0,0.0,23,42,0.5476190476190477,0.0,7.707446808510638,4.872112925153142,0.4705459883028679,0.0,0.526595744680851,0.0,0.0,0.0,False,False,False,False,False,0.0,LOW,0,0,240.0,1,1,1,6.58,0.0,0.0,0,0,0,0,0.0,0.99,1.97,0,0,0.0,LOW
E000326,U007,2026-03-06 10:37:00,file_access,RES-029,0,3,DEV-005,0,0,,,0,0.0,admin,employee,PG3,8.950315562597915,0.8173872116579048,78.38772986485253,6.626540971560848,177.63535011376075,284.56131103219263,2.105460940375654,DEV-005,10,2026-03-06,1.0496844374020853,1.2841948374418686,0.0,0.6242428019094441,0.0,0.0,0.0,0.0,23,42,0.5476190476190477,0.0,7.707446808510638,4.872112925153142,0.4705459883028679,0.0,0.526595744680851,0.0,0.0,0.0,False,False,False,False,False,0.0,LOW,0,0,1500.0,0,0,2,1.67,0.0,0.0,0,0,0,0,0.0,0.25,0.5,0,0,0.0,LOW
E000334,U007,2026-03-06 11:29:00,transaction,,0,0,DEV-005,0,0,,BEN-024,0,32.22,admin,employee,PG3,8.950315562597915,0.8173872116579048,78.38772986485253,6.626540971560848,177.63535011376075,284.56131103219263,2.105460940375654,DEV-005,11,2026-03-06,2.0496844374020853,2.5076052183942474,0.0,0.5110158847184598,0.0,0.0,0.0,0.0,9,42,0.2142857142857142,0.0,7.707446808510638,4.872112925153142,0.6757957465417058,0.0,0.2127659574468085,0.0,0.0,0.0,False,False,False,False,True,0.0,LOW,0,0,3120.0,0,0,0,0.0,0.18,1.8,0,0,0,0,20.0,4.27,4.36,0,0,0.0,LOW
E000396,U007,2026-03-07 09:48:00,file_access,RES-034,0,15,DEV-005,0,0,,,0,0.0,admin,employee,PG3,8.950315562597915,0.8173872116579048,78.38772986485253,6.626540971560848,177.63535011376075,284.56131103219263,2.105460940375654,DEV-005,9,2026-03-07,0.0496844374020852,0.0607844564894897,0.0,0.6242428019094441,0.0,0.0,0.0,0.0,23,42,0.5476190476190477,0.0,7.707446808510638,4.872112925153142,0.2652962300640299,0.0,0.526595744680851,0.0,0.0,0.0,False,False,False,False,False,0.0,LOW,0,1,3900.0,0,0,0,0.0,0.0,0.0,0,0,0,0,0.0,0.0,0.0,0,0,0.0,LOW
E000402,U007,2026-03-07 10:01:00,file_access,RES-003,1,6,DEV-005,0,0,,,0,0.0,admin,employee,PG3,8.950315562597915,0.8173872116579048,78.38772986485253,6.626540971560848,177.63535011376075,284.56131103219263,2.105460940375654,DEV-005,10,2026-03-07,1.0496844374020853,1.2841948374418686,0.0,0.6242428019094441,0.0,0.0,0.0,0.0,23,42,0.5476190476190477,0.0,7.707446808510638,4.872112925153142,0.4705459883028679,0.0,0.526595744680851,0.0,0.0,0.0,False,False,True,False,False,0.0,LOW,0,1,780.0,0,1,1,2.58,0.0,0.0,0,0,0,0,20.0,4.39,4.77,0,0,0.0,LOW
E000403,U007,2026-03-07 10:03:00,file_access,RES-002,1,9,DEV-005,0,0,,,0,0.0,admin,employee,PG3,8.950315562597915,0.8173872116579048,78.38772986485253,6.626540971560848,177.63535011376075,284.56131103219263,2.105460940375654,DEV-005,10,2026-03-07,1.0496844374020853,1.2841948374418686,0.0,0.6242428019094441,0.0,0.0,0.0,0.0,23,42,0.5476190476190477,0.0,7.707446808510638,4.872112925153142,0.4705459883028679,0.0,0.526595744680851,0.0,0.0,0.0,False,False,True,False,False,0.0,LOW,0,1,120.0,1,2,2,9.17,0.0,0.0,0,0,0,0,20.0,5.38,6.75,0,0,0.0,LOW
E000470,U007,2026-03-08 09:37:00,login,,0,0,DEV-005,0,0,,,0,0.0,admin,employee,PG3,8.950315562597915,0.8173872116579048,78.38772986485253,6.626540971560848,177.63535011376075,284.56131103219263,2.105460940375654,DEV-005,9,2026-03-08,0.0496844374020852,0.0607844564894897,0.0,0.6242428019094441,0.0,0.0,0.0,0.0,10,42,0.238095238095238,0.0,7.707446808510638,4.872112925153142,0.2652962300640299,0.0,0.2606382978723404,0.0,0.0,0.0,False,False,False,False,False,0.0,LOW,0,1,84840.0,0,0,0,0.0,0.0,0.0,0,0,0,0,0.0,0.0,0.0,0,0,0.0,LOW
E000473,U007,2026-03-08 09:53:00,file_access,RES-031,0,12,DEV-005,0,0,,,0,0.0,admin,employee,PG3,8.950315562597915,0.8173872116579048,78.38772986485253,6.626540971560848,177.63535011376075,284.56131103219263,2.105460940375654,DEV-005,9,2026-03-08,0.0496844374020852,0.0607844564894897,0.0,0.6242428019094441,0.0,0.0,0.0,0.0,23,42,0.5476190476190477,0.0,7.707446808510638,4.872112925153142,0.2652962300640299,0.0,0.526595744680851,0.0,0.0,0.0,False,False,False,False,False,0.0,LOW,0,1,960.0,0,0,1,0.83,0.0,0.0,0,0,0,0,0.0,0.12,0.25,0,0,0.0,LOW
E000482,U007,2026-03-08 11:03:00,file_access,RES-053,0,16,DEV-005,0,0,,,0,0.0,admin,employee,PG3,8.950315562597915,0.8173872116579048,78.38772986485253,6.626540971560848,177.63535011376075,284.56131103219263,2.105460940375654,DEV-005,11,2026-03-08,2.0496844374020853,2.5076052183942474,0.0,0.6242428019094441,0.0,0.0,0.0,0.0,23,42,0.5476190476190477,0.0,7.707446808510638,4.872112925153142,0.6757957465417058,0.0,0.526595744680851,0.0,0.0,0.0,False,False,False,False,False,0.0,LOW,0,1,4200.0,0,0,0,0.0,0.0,0.0,0,0,0,0,0.0,0.0,0.0,0,0,0.0,LOW
E000483,U007,2026-03-08 11:09:00,transaction,,0,0,DEV-005,0,0,,BEN-011,0,0.0,admin,employee,PG3,8.950315562597915,0.8173872116579048,78.38772986485253,6.626540971560848,177.63535011376075,284.56131103219263,2.105460940375654,DEV-005,11,2026-03-08,2.0496844374020853,2.5076052183942474,0.0,0.6242428019094441,0.0,0.0,0.0,0.0,9,42,0.2142857142857142,0.0,7.707446808510638,4.872112925153142,0.6757957465417058,0.0,0.2127659574468085,0.0,0.0,0.0,False,False,False,False,False,0.0,LOW,0,1,360.0,0,1,1,2.58,0.0,0.0,0,0,0,0,0.0,0.39,0.77,0,0,0.0,LOW
E000529,U007,2026-03-09 07:40:00,file_access,RES-030,0,3,DEV-005,0,0,,,0,0.0,admin,employee,PG3,8.950315562597915,0.8173872116579048,78.38772986485253,6.626540971560848,177.63535011376075,284.56131103219263,2.105460940375654,DEV-005,7,2026-03-09,1.9503155625979147,2.386036305415268,0.0,0.6242428019094441,0.0,0.0,0.0,0.0,23,42,0.5476190476190477,0.0,7.707446808510638,4.872112925153142,0.1452032864136459,0.0,0.526595744680851,0.0,0.0,0.0,False,False,False,False,False,0.0,LOW,1,0,540.0,0,1,1,2.58,0.0,0.0,0,0,0,0,0.0,0.39,15.77,0,0,0.0,LOW
E000538,U007,2026-03-09 09:00:00,file_access,RES-026,0,18,DEV-005,0,0,,,0,0.0,admin,employee,PG3,8.950315562597915,0.8173872116579048,78.38772986485253,6.626540971560848,177.63535011376075,284.56131103219263,2.105460940375654,DEV-005,9,2026-03-09,0.0496844374020852,0.0607844564894897,0.0,0.6242428019094441,0.0,0.0,0.0,0.0,23,42,0.5476190476190477,0.0,7.707446808510638,4.872112925153142,0.2652962300640299,0.0,0.526595744680851,0.0,0.0,0.0,False,False,False,False,False,0.0,LOW,0,0,4800.0,0,0,0,0.0,0.0,0.0,0,0,0,0,0.0,0.0,0.0,0,0,0.0,LOW
E000611,U007,2026-03-10 09:00:00,login,,0,0,DEV-005,0,0,,,0,0.0,admin,employee,PG3,8.950315562597915,0.8173872116579048,78.38772986485253,6.626540971560848,177.63535011376075,284.56131103219263,2.105460940375654,DEV-005,9,2026-03-10,0.0496844374020852,0.0607844564894897,0.0,0.6242428019094441,0.0,0.0,0.0,0.0,10,42,0.238095238095238,0.0,7.707446808510638,4.872112925153142,0.2652962300640299,0.0,0.2606382978723404,0.0,0.0,0.0,False,False,False,False,False,0.0,LOW,0,0,86220.0,0,0,0,0.0,0.0,0.0,0,0,0,0,0.0,0.0,0.0,0,0,0.0,LOW
E000621,U007,2026-03-10 09:57:00,file_access,RES-004,1,7,DEV-005,0,0,,,0,0.0,admin,employee,PG3,8.950315562597915,0.8173872116579048,78.38772986485253,6.626540971560848,177.63535011376075,284.56131103219263,2.105460940375654,DEV-005,9,2026-03-10,0.0496844374020852,0.0607844564894897,0.0,0.6242428019094441,0.0,0.0,0.0,0.0,23,42,0.5476190476190477,0.0,7.707446808510638,4.872112925153142,0.2652962300640299,0.0,0.526595744680851,0.0,0.0,0.0,False,False,True,False,False,0.0,LOW,0,0,3420.0,0,0,0,0.0,0.0,0.0,0,0,0,0,20.0,4.0,4.0,0,0,0.0,LOW
E000624,U007,2026-03-10 10:11:00,file_access,RES-024,0,20,DEV-005,0,0,,,0,0.0,admin,employee,PG3,8.950315562597915,0.8173872116579048,78.38772986485253,6.626540971560848,177.63535011376075,284.56131103219263,2.105460940375654,DEV-005,10,2026-03-10,1.0496844374020853,1.2841948374418686,0.0,0.6242428019094441,0.0,0.0,0.0,0.0,23,42,0.5476190476190477,0.0,7.707446808510638,4.872112925153142,0.4705459883028679,0.0,0.526595744680851,0.0,0.0,0.0,False,False,False,False,False,0.0,LOW,0,0,840.0,0,1,1,2.58,0.0,0.0,0,0,0,0,0.0,0.39,0.77,0,0,0.0,LOW
E000632,U007,2026-03-10 10:56:00,file_access,RES-035,0,15,DEV-005,0,0,,,0,0.0,admin,employee,PG3,8.950315562597915,0.8173872116579048,78.38772986485253,6.626540971560848,177.63535011376075,284.56131103219263,2.105460940375654,DEV-005,10,2026-03-10,1.0496844374020853,1.2841948374418686,0.0,0.6242428019094441,0.0,0.0,0.0,0.0,23,42,0.5476190476190477,0.0,7.707446808510638,4.872112925153142,0.4705459883028679,0.0,0.526595744680851,0.0,0.0,0.0,False,False,False,False,False,0.0,LOW,0,0,2700.0,0,0,0,0.0,0.0,0.0,0,0,0,0,0.0,0.0,0.0,0,0,0.0,LOW
E000638,U007,2026-03-10 11:50:00,transaction,,0,0,DEV-005,0,0,,BEN-009,0,91.07,admin,employee,PG3,8.950315562597915,0.8173872116579048,78.38772986485253,6.626540971560848,177.63535011376075,284.56131103219263,2.105460940375654,DEV-005,11,2026-03-10,2.0496844374020853,2.5076052183942474,0.0,0.3042063230583287,0.0,0.0,0.0,0.0,9,42,0.2142857142857142,0.0,7.707446808510638,4.872112925153142,0.6757957465417058,0.0,0.2127659574468085,0.0,0.0,0.0,False,False,False,False,True,0.0,LOW,0,0,3240.0,0,0,0,0.0,0.51,5.1,0,0,0,0,20.0,4.76,5.02,0,0,0.0,LOW
E000693,U007,2026-03-11 09:59:00,login,,0,0,DEV-005,0,0,,,0,0.0,admin,employee,PG3,8.950315562597915,0.8173872116579048,78.38772986485253,6.626540971560848,177.63535011376075,284.56131103219263,2.105460940375654,DEV-005,9,2026-03-11,0.0496844374020852,0.0607844564894897,0.0,0.6242428019094441,0.0,0.0,0.0,0.0,10,42,0.238095238095238,0.0,7.707446808510638,4.872112925153142,0.2652962300640299,0.0,0.2606382978723404,0.0,0.0,0.0,False,False,False,False,False,0.0,LOW,0,0,79740.0,0,0,0,0.0,0.0,0.0,0,0,0,0,0.0,0.0,0.0,0,0,0.0,LOW
E000700,U007,2026-03-11 10:19:00,file_access,RES-002,1,20,DEV-005,0,0,,,0,0.0,admin,employee,PG3,8.950315562597915,0.8173872116579048,78.38772986485253,6.626540971560848,177.63535011376075,284.56131103219263,2.105460940375654,DEV-005,10,2026-03-11,1.0496844374020853,1.2841948374418686,0.0,0.6242428019094441,0.0,0.0,0.0,0.0,23,42,0.5476190476190477,0.0,7.707446808510638,4.872112925153142,0.4705459883028679,0.0,0.526595744680851,0.0,0.0,0.0,False,False,True,False,False,0.0,LOW,0,0,1200.0,0,0,1,0.83,0.0,0.0,0,0,0,0,20.0,4.12,4.25,0,0,0.0,LOW
E000708,U007,2026-03-11 11:00:00,file_access,RES-057,0,16,DEV-005,0,0,,,0,0.0,admin,employee,PG3,8.950315562597915,0.8173872116579048,78.38772986485253,6.626540971560848,177.63535011376075,284.56131103219263,2.105460940375654,DEV-005,11,2026-03-11,2.0496844374020853,2.5076052183942474,0.0,0.6242428019094441,0.0,0.0,0.0,0.0,23,42,0.5476190476190477,0.0,7.707446808510638,4.872112925153142,0.6757957465417058,0.0,0.526595744680851,0.0,0.0,0.0,False,False,False,False,False,0.0,LOW,0,0,2460.0,0,0,0,0.0,0.0,0.0,0,0,0,0,0.0,0.0,0.0,0,0,0.0,LOW
E000718,U007,2026-03-11 13:10:00,transaction,,0,0,DEV-005,0,0,,BEN-018,0,373.64,admin,employee,PG3,8.950315562597915,0.8173872116579048,78.38772986485253,6.626540971560848,177.63535011376075,284.56131103219263,2.105460940375654,DEV-005,13,2026-03-11,4.049684437402085,4.954425980299005,0.0,0.6887958492153035,0.0,0.0,0.0,0.0,9,42,0.2142857142857142,0.0,7.707446808510638,4.872112925153142,1.0862952630193818,0.0,0.2127659574468085,0.0,0.0,0.0,False,False,False,False,True,0.0,LOW,0,0,7800.0,0,0,0,0.0,2.1,21.0,0,0,0,0,20.0,7.15,8.2,0,0,0.0,LOW
E000056,U008,2026-03-02 14:26:00,login,,0,0,DEV-036,0,0,,,0,0.0,finance_officer,automated_system,PG4,14.0,0.5,31.97970537386679,12.291267979503491,657.5269825333995,182.8094046151768,2.968570051909785,DEV-036,14,2026-03-02,0.0,0.0,0.0,3.596789694258497,0.0,0.0,0.0,0.0,10,41,0.2439024390243902,0.0,10.228260869565217,4.541498418788599,0.8305054373311569,0.0,0.2608695652173913,0.0,0.0,0.0,False,False,False,False,False,0.0,LOW,0,0,999999.0,0,0,0,0.0,0.0,0.0,0,0,0,0,0.0,0.0,0.0,0,0,0.0,LOW
E000059,U008,2026-03-02 14:59:00,file_access,RES-054,0,4,DEV-036,0,0,,,0,0.0,finance_officer,automated_system,PG4,14.0,0.5,31.97970537386679,12.291267979503491,657.5269825333995,182.8094046151768,2.968570051909785,DEV-036,14,2026-03-02,0.0,0.0,0.0,3.596789694258497,0.0,0.0,0.0,0.0,21,41,0.5121951219512195,0.0,10.228260869565217,4.541498418788599,0.8305054373311569,0.0,0.4945652173913043,0.0,0.0,0.0,False,False,False,False,False,0.0,LOW,0,0,1980.0,0,0,0,0.0,0.0,0.0,0,0,0,0,0.0,0.0,0.0,0,0,0.0,LOW
E000061,U008,2026-03-02 15:06:00,transaction,,0,0,DEV-036,0,0,,BEN-023,0,594.17,finance_officer,automated_system,PG4,14.0,0.5,31.97970537386679,12.291267979503491,657.5269825333995,182.8094046151768,2.968570051909785,DEV-036,15,2026-03-02,1.0,2.0,0.0,0.3465739777817737,0.0,0.0,0.0,0.0,10,41,0.2439024390243902,0.0,10.228260869565217,4.541498418788599,1.0506970806581497,0.0,0.2445652173913043,0.0,0.0,0.0,False,False,False,False,True,0.0,LOW,0,0,420.0,0,1,1,2.58,0.9,9.0,0,0,0,0,20.0,5.74,6.57,0,0,0.0,LOW
E000136,U008,2026-03-03 13:54:00,file_access,RES-030,0,18,DEV-036,0,0,,,0,0.0,finance_officer,automated_system,PG4,14.0,0.5,31.97970537386679,12.291267979503491,657.5269825333995,182.8094046151768,2.968570051909785,DEV-036,13,2026-03-03,1.0,2.0,0.0,3.596789694258497,0.0,0.0,0.0,0.0,21,41,0.5121951219512195,0.0,10.228260869565217,4.541498418788599,0.6103137940041643,0.0,0.4945652173913043,0.0,0.0,0.0,False,False,False,False,False,0.0,LOW,0,0,2160.0,0,0,0,0.0,0.0,0.0,0,0,0,0,0.0,0.0,0.0,0,0,0.0,LOW
E000143,U008,2026-03-03 14:53:00,file_access,RES-018,0,14,DEV-036,0,0,,,0,0.0,finance_officer,automated_system,PG4,14.0,0.5,31.97970537386679,12.291267979503491,657.5269825333995,182.8094046151768,2.968570051909785,DEV-036,14,2026-03-03,0.0,0.0,0.0,3.596789694258497,0.0,0.0,0.0,0.0,21,41,0.5121951219512195,0.0,10.228260869565217,4.541498418788599,0.8305054373311569,0.0,0.4945652173913043,0.0,0.0,0.0,False,False,False,False,False,0.0,LOW,0,0,2220.0,0,0,0,0.0,0.0,0.0,0,0,0,0,0.0,0.0,0.0,0,0,0.0,LOW
E000144,U008,2026-03-03 15:09:00,file_access,RES-031,0,16,DEV-036,0,0,,,0,0.0,finance_officer,automated_system,PG4,14.0,0.5,31.97970537386679,12.291267979503491,657.5269825333995,182.8094046151768,2.968570051909785,DEV-036,15,2026-03-03,1.0,2.0,0.0,3.596789694258497,0.0,0.0,0.0,0.0,21,41,0.5121951219512195,0.0,10.228260869565217,4.541498418788599,1.0506970806581497,0.0,0.4945652173913043,0.0,0.0,0.0,False,False,False,False,False,0.0,LOW,0,0,960.0,0,0,1,0.83,0.0,0.0,0,0,0,0,0.0,0.12,0.25,0,0,0.0,LOW
E000206,U008,2026-03-04 13:48:00,file_access,RES-050,0,14,DEV-036,0,0,,,0,0.0,finance_officer,automated_system,PG4,14.0,0.5,31.97970537386679,12.291267979503491,657.5269825333995,182.8094046151768,2.968570051909785,DEV-036,13,2026-03-04,1.0,2.0,0.0,3.596789694258497,0.0,0.0,0.0,0.0,21,41,0.5121951219512195,0.0,10.228260869565217,4.541498418788599,0.6103137940041643,0.0,0.4945652173913043,0.0,0.0,0.0,False,False,False,False,False,0.0,LOW,0,0,2400.0,0,0,0,0.0,0.0,0.0,0,0,0,0,0.0,0.0,0.0,0,0,0.0,LOW
E000217,U008,2026-03-04 15:27:00,transaction,,0,0,DEV-036,0,0,,BEN-024,0,656.12,finance_officer,automated_system,PG4,14.0,0.5,31.97970537386679,12.291267979503491,657.5269825333995,182.8094046151768,2.968570051909785,DEV-036,15,2026-03-04,1.0,2.0,0.0,0.0076964450289703,0.0,0.0,0.0,0.0,10,41,0.2439024390243902,0.0,10.228260869565217,4.541498418788599,1.0506970806581497,0.0,0.2445652173913043,0.0,0.0,0.0,False,False,False,False,True,0.0,LOW,0,0,5940.0,0,0,0,0.0,1.0,10.0,0,0,0,0,20.0,5.5,6.0,0,0,0.0,LOW
E000279,U008,2026-03-05 14:19:00,login,,0,0,DEV-036,0,0,,,0,0.0,finance_officer,automated_system,PG4,14.0,0.5,31.97970537386679,12.291267979503491,657.5269825333995,182.8094046151768,2.968570051909785,DEV-036,14,2026-03-05,0.0,0.0,0.0,3.596789694258497,0.0,0.0,0.0,0.0,10,41,0.2439024390243902,0.0,10.228260869565217,4.541498418788599,0.8305054373311569,0.0,0.2608695652173913,0.0,0.0,0.0,False,False,False,False,False,0.0,LOW,0,0,82320.0,0,0,0,0.0,0.0,0.0,0,0,0,0,0.0,0.0,0.0,0,0,0.0,LOW
E000290,U008,2026-03-05 15:32:00,file_access,RES-031,0,12,DEV-036,0,0,,,0,0.0,finance_officer,automated_system,PG4,14.0,0.5,31.97970537386679,12.291267979503491,657.5269825333995,182.8094046151768,2.968570051909785,DEV-036,15,2026-03-05,1.0,2.0,0.0,3.596789694258497,0.0,0.0,0.0,0.0,21,41,0.5121951219512195,0.0,10.228260869565217,4.541498418788599,1.0506970806581497,0.0,0.4945652173913043,0.0,0.0,0.0,False,False,False,False,False,0.0,LOW,0,0,4380.0,0,0,0,0.0,0.0,0.0,0,0,0,0,0.0,0.0,0.0,0,0,0.0,LOW
E000291,U008,2026-03-05 15:38:00,file_access,RES-043,0,16,DEV-036,0,0,,,0,0.0,finance_officer,automated_system,PG4,14.0,0.5,31.97970537386679,12.291267979503491,657.5269825333995,182.8094046151768,2.968570051909785,DEV-036,15,2026-03-05,1.0,2.0,0.0,3.596789694258497,0.0,0.0,0.0,0.0,21,41,0.5121951219512195,0.0,10.228260869565217,4.541498418788599,1.0506970806581497,0.0,0.4945652173913043,0.0,0.0,0.0,False,False,False,False,False,0.0,LOW,0,0,360.0,0,1,1,2.58,0.0,0.0,0,0,0,0,0.0,0.39,0.77,0,0,0.0,LOW
E000293,U008,2026-03-05 16:14:00,file_access,RES-010,0,15,DEV-036,0,0,,,0,0.0,finance_officer,automated_system,PG4,14.0,0.5,31.97970537386679,12.291267979503491,657.5269825333995,182.8094046151768,2.968570051909785,DEV-036,16,2026-03-05,2.0,4.0,0.0,3.596789694258497,0.0,0.0,0.0,0.0,21,41,0.5121951219512195,0.0,10.228260869565217,4.541498418788599,1.270888723985142,0.0,0.4945652173913043,0.0,0.0,0.0,False,False,False,False,False,0.0,LOW,0,0,2160.0,0,0,0,0.0,0.0,0.0,0,0,0,0,0.0,0.0,0.0,0,0,0.0,LOW
E000349,U008,2026-03-06 14:22:00,file_access,RES-021,0,16,DEV-036,0,0,,,0,0.0,finance_officer,automated_system,PG4,14.0,0.5,31.97970537386679,12.291267979503491,657.5269825333995,182.8094046151768,2.968570051909785,DEV-036,14,2026-03-06,0.0,0.0,0.0,3.596789694258497,0.0,0.0,0.0,0.0,21,41,0.5121951219512195,0.0,10.228260869565217,4.541498418788599,0.8305054373311569,0.0,0.4945652173913043,0.0,0.0,0.0,False,False,False,False,False,0.0,LOW,0,0,600.0,0,1,1,2.58,0.0,0.0,0,0,0,0,0.0,0.39,0.77,0,0,0.0,LOW
E000355,U008,2026-03-06 14:46:00,file_access,RES-055,0,14,DEV-036,0,0,,,0,0.0,finance_officer,automated_system,PG4,14.0,0.5,31.97970537386679,12.291267979503491,657.5269825333995,182.8094046151768,2.968570051909785,DEV-036,14,2026-03-06,0.0,0.0,0.0,3.596789694258497,0.0,0.0,0.0,0.0,21,41,0.5121951219512195,0.0,10.228260869565217,4.541498418788599,0.8305054373311569,0.0,0.4945652173913043,0.0,0.0,0.0,False,False,False,False,False,0.0,LOW,0,0,1440.0,0,0,1,0.83,0.0,0.0,0,0,0,0,0.0,0.12,0.25,0,0,0.0,LOW
E000356,U008,2026-03-06 14:47:00,file_access,RES-037,0,13,DEV-036,0,0,,,0,0.0,finance_officer,automated_system,PG4,14.0,0.5,31.97970537386679,12.291267979503491,657.5269825333995,182.8094046151768,2.968570051909785,DEV-036,14,2026-03-06,0.0,0.0,0.0,3.596789694258497,0.0,0.0,0.0,0.0,21,41,0.5121951219512195,0.0,10.228260869565217,4.541498418788599,0.8305054373311569,0.0,0.4945652173913043,0.0,0.0,0.0,False,False,False,False,False,0.0,LOW,0,0,60.0,1,1,2,7.42,0.0,0.0,0,0,0,0,0.0,1.11,2.23,0,0,0.0,LOW
E000428,U008,2026-03-07 14:41:00,login,,0,0,DEV-036,0,0,,,0,0.0,finance_officer,automated_system,PG4,14.0,0.5,31.97970537386679,12.291267979503491,657.5269825333995,182.8094046151768,2.968570051909785,DEV-036,14,2026-03-07,0.0,0.0,0.0,3.596789694258497,0.0,0.0,0.0,0.0,10,41,0.2439024390243902,0.0,10.228260869565217,4.541498418788599,0.8305054373311569,0.0,0.2608695652173913,0.0,0.0,0.0,False,False,False,False,False,0.0,LOW,0,1,81720.0,0,0,0,0.0,0.0,0.0,0,0,0,0,0.0,0.0,0.0,0,0,0.0,LOW
E000434,U008,2026-03-07 15:49:00,file_access,RES-003,1,5,DEV-036,0,0,,,0,0.0,finance_officer,automated_system,PG4,14.0,0.5,31.97970537386679,12.291267979503491,657.5269825333995,182.8094046151768,2.968570051909785,DEV-036,15,2026-03-07,1.0,2.0,0.0,3.596789694258497,0.0,0.0,0.0,0.0,21,41,0.5121951219512195,0.0,10.228260869565217,4.541498418788599,1.0506970806581497,0.0,0.4945652173913043,0.0,0.0,0.0,False,False,True,False,False,0.0,LOW,0,1,4080.0,0,0,0,0.0,0.0,0.0,0,0,0,0,20.0,4.0,4.0,0,0,0.0,LOW
E000437,U008,2026-03-07 17:22:00,transaction,,0,0,DEV-036,0,0,,BEN-028,0,616.1,finance_officer,automated_system,PG4,14.0,0.5,31.97970537386679,12.291267979503491,657.5269825333995,182.8094046151768,2.968570051909785,DEV-036,17,2026-03-07,3.0,6.0,0.0,0.2266129722407084,0.0,0.0,0.0,0.0,10,41,0.2439024390243902,0.0,10.228260869565217,4.541498418788599,1.491080367312135,0.0,0.2445652173913043,0.0,0.0,0.0,False,False,False,False,True,0.0,LOW,0,1,5580.0,0,0,0,0.0,0.94,9.4,0,0,0,0,20.0,5.41,5.88,0,0,0.0,LOW
E000493,U008,2026-03-08 14:28:00,login,,0,0,DEV-036,0,0,,,0,0.0,finance_officer,automated_system,PG4,14.0,0.5,31.97970537386679,12.291267979503491,657.5269825333995,182.8094046151768,2.968570051909785,DEV-036,14,2026-03-08,0.0,0.0,0.0,3.596789694258497,0.0,0.0,0.0,0.0,10,41,0.2439024390243902,0.0,10.228260869565217,4.541498418788599,0.8305054373311569,0.0,0.2608695652173913,0.0,0.0,0.0,False,False,False,False,False,0.0,LOW,0,1,75960.0,0,0,0,0.0,0.0,0.0,0,0,0,0,0.0,0.0,0.0,0,0,0.0,LOW
E000502,U008,2026-03-08 15:40:00,file_access,RES-059,0,15,DEV-036,0,0,,,0,0.0,finance_officer,automated_system,PG4,14.0,0.5,31.97970537386679,12.291267979503491,657.5269825333995,182.8094046151768,2.968570051909785,DEV-036,15,2026-03-08,1.0,2.0,0.0,3.596789694258497,0.0,0.0,0.0,0.0,21,41,0.5121951219512195,0.0,10.228260869565217,4.541498418788599,1.0506970806581497,0.0,0.4945652173913043,0.0,0.0,0.0,False,False,False,False,False,0.0,LOW,0,1,1560.0,0,0,1,0.83,0.0,0.0,0,0,0,0,0.0,0.12,0.25,0,0,0.0,LOW
E000561,U008,2026-03-09 14:04:00,login,,0,0,DEV-036,0,0,,,0,0.0,finance_officer,automated_system,PG4,14.0,0.5,31.97970537386679,12.291267979503491,657.5269825333995,182.8094046151768,2.968570051909785,DEV-036,14,2026-03-09,0.0,0.0,0.0,3.596789694258497,0.0,0.0,0.0,0.0,10,41,0.2439024390243902,0.0,10.228260869565217,4.541498418788599,0.8305054373311569,0.0,0.2608695652173913,0.0,0.0,0.0,False,False,False,False,False,0.0,LOW,0,0,80640.0,0,0,0,0.0,0.0,0.0,0,0,0,0,0.0,0.0,0.0,0,0,0.0,LOW
E000569,U008,2026-03-09 15:28:00,file_access,RES-045,0,13,DEV-036,0,0,,,0,0.0,finance_officer,automated_system,PG4,14.0,0.5,31.97970537386679,12.291267979503491,657.5269825333995,182.8094046151768,2.968570051909785,DEV-036,15,2026-03-09,1.0,2.0,0.0,3.596789694258497,0.0,0.0,0.0,0.0,21,41,0.5121951219512195,0.0,10.228260869565217,4.541498418788599,1.0506970806581497,0.0,0.4945652173913043,0.0,0.0,0.0,False,False,False,False,False,0.0,LOW,0,0,5040.0,0,0,0,0.0,0.0,0.0,0,0,0,0,0.0,0.0,0.0,0,0,0.0,LOW
E000575,U008,2026-03-09 15:49:00,file_access,RES-017,0,11,DEV-036,0,0,,,0,0.0,finance_officer,automated_system,PG4,14.0,0.5,31.97970537386679,12.291267979503491,657.5269825333995,182.8094046151768,2.968570051909785,DEV-036,15,2026-03-09,1.0,2.0,0.0,3.596789694258497,0.0,0.0,0.0,0.0,21,41,0.5121951219512195,0.0,10.228260869565217,4.541498418788599,1.0506970806581497,0.0,0.4945652173913043,0.0,0.0,0.0,False,False,False,False,False,0.0,LOW,0,0,660.0,0,1,2,3.42,0.0,0.0,0,0,0,0,0.0,0.51,1.03,0,0,0.0,LOW
E000649,U008,2026-03-10 14:44:00,file_access,RES-005,1,8,DEV-036,0,0,,,0,0.0,finance_officer,automated_system,PG4,14.0,0.5,31.97970537386679,12.291267979503491,657.5269825333995,182.8094046151768,2.968570051909785,DEV-036,14,2026-03-10,0.0,0.0,0.0,3.596789694258497,0.0,0.0,0.0,0.0,21,41,0.5121951219512195,0.0,10.228260869565217,4.541498418788599,0.8305054373311569,0.0,0.4945652173913043,0.0,0.0,0.0,False,False,True,False,False,0.0,LOW,0,0,60.0,1,1,1,6.58,0.0,0.0,0,0,0,0,20.0,4.99,5.97,0,0,0.0,LOW
E000653,U008,2026-03-10 15:16:00,file_access,RES-035,0,2,DEV-036,0,0,,,0,0.0,finance_officer,automated_system,PG4,14.0,0.5,31.97970537386679,12.291267979503491,657.5269825333995,182.8094046151768,2.968570051909785,DEV-036,15,2026-03-10,1.0,2.0,0.0,3.596789694258497,0.0,0.0,0.0,0.0,21,41,0.5121951219512195,0.0,10.228260869565217,4.541498418788599,1.0506970806581497,0.0,0.4945652173913043,0.0,0.0,0.0,False,False,False,False,False,0.0,LOW,0,0,1200.0,0,0,1,0.83,0.0,0.0,0,0,0,0,0.0,0.12,0.25,0,0,0.0,LOW
E000719,U008,2026-03-11 13:30:00,transaction,,0,0,DEV-036,0,0,,BEN-005,0,609.84,finance_officer,automated_system,PG4,14.0,0.5,31.97970537386679,12.291267979503491,657.5269825333995,182.8094046151768,2.968570051909785,DEV-036,13,2026-03-11,1.0,2.0,0.0,0.2608562870919198,0.0,0.0,0.0,0.0,10,41,0.2439024390243902,0.0,10.228260869565217,4.541498418788599,0.6103137940041643,0.0,0.2445652173913043,0.0,0.0,0.0,False,False,False,False,True,0.0,LOW,0,0,1440.0,0,0,1,0.83,0.93,9.3,0,0,0,0,20.0,5.52,6.11,0,0,0.0,LOW
E000720,U008,2026-03-11 14:07:00,file_access,RES-011,0,10,DEV-036,0,0,,,0,0.0,finance_officer,automated_system,PG4,14.0,0.5,31.97970537386679,12.291267979503491,657.5269825333995,182.8094046151768,2.968570051909785,DEV-036,14,2026-03-11,0.0,0.0,0.0,3.596789694258497,0.0,0.0,0.0,0.0,21,41,0.5121951219512195,0.0,10.228260869565217,4.541498418788599,0.8305054373311569,0.0,0.4945652173913043,0.0,0.0,0.0,False,False,False,False,False,0.0,LOW,0,0,2220.0,0,0,0,0.0,0.0,0.0,0,0,0,0,0.0,0.0,0.0,0,0,0.0,LOW
E000724,U008,2026-03-11 14:41:00,file_access,RES-056,0,4,DEV-036,0,0,,,0,0.0,finance_officer,automated_system,PG4,14.0,0.5,31.97970537386679,12.291267979503491,657.5269825333995,182.8094046151768,2.968570051909785,DEV-036,14,2026-03-11,0.0,0.0,0.0,3.596789694258497,0.0,0.0,0.0,0.0,21,41,0.5121951219512195,0.0,10.228260869565217,4.541498418788599,0.8305054373311569,0.0,0.4945652173913043,0.0,0.0,0.0,False,False,False,False,False,0.0,LOW,0,0,2040.0,0,0,0,0.0,0.0,0.0,0,0,0,0,0.0,0.0,0.0,0,0,0.0,LOW
E000728,U008,2026-03-11 15:06:00,file_access,RES-002,1,2,DEV-036,0,0,,,0,0.0,finance_officer,automated_system,PG4,14.0,0.5,31.97970537386679,12.291267979503491,657.5269825333995,182.8094046151768,2.968570051909785,DEV-036,15,2026-03-11,1.0,2.0,0.0,3.596789694258497,0.0,0.0,0.0,0.0,21,41,0.5121951219512195,0.0,10.228260869565217,4.541498418788599,1.0506970806581497,0.0,0.4945652173913043,0.0,0.0,0.0,False,False,True,False,False,0.0,LOW,0,0,1500.0,0,0,1,0.83,0.0,0.0,0,0,0,0,20.0,4.12,4.25,0,0,0.0,LOW
E000040,U009,2026-03-02 10:26:00,login,,0,0,DEV-014,0,0,,,0,0.0,analyst,employee,PG1,9.711535627474689,1.0899963441328668,74.31999380823714,7.290480719641044,16.05012195201888,160.4085668206787,0.8032226279271082,DEV-014,10,2026-03-02,0.2884643725253113,0.2646471009540821,0.0,0.1000577604434392,0.0,0.0,0.0,0.0,10,36,0.2777777777777778,0.0,8.972677595628415,4.294683263006742,0.2392079558510558,0.0,0.273224043715847,0.0,0.0,0.0,False,False,False,False,False,0.0,LOW,0,0,999999.0,0,0,0,0.0,0.0,0.0,0,0,0,0,0.0,0.0,0.0,0,0,0.0,LOW
E000043,U009,2026-03-02 10:52:00,file_access,RES-012,0,3,DEV-014,0,0,,,0,0.0,analyst,employee,PG1,9.711535627474689,1.0899963441328668,74.31999380823714,7.290480719641044,16.05012195201888,160.4085668206787,0.8032226279271082,DEV-014,10,2026-03-02,0.2884643725253113,0.2646471009540821,0.0,0.1000577604434392,0.0,0.0,0.0,0.0,21,36,0.5833333333333334,0.0,8.972677595628415,4.294683263006742,0.2392079558510558,0.0,0.5519125683060109,0.0,0.0,0.0,False,False,False,False,False,0.0,LOW,0,0,1560.0,0,0,1,0.83,0.0,0.0,0,0,0,0,0.0,0.12,0.25,0,0,0.0,LOW
E000048,U009,2026-03-02 11:37:00,transaction,,0,0,DEV-014,0,0,,BEN-008,0,0.0,analyst,employee,PG1,9.711535627474689,1.0899963441328668,74.31999380823714,7.290480719641044,16.05012195201888,160.4085668206787,0.8032226279271082,DEV-014,11,2026-03-02,1.288464372525311,1.1820813706951772,0.0,0.1000577604434392,0.0,0.0,0.0,0.0,5,36,0.1388888888888889,0.0,8.972677595628415,4.294683263006742,0.4720539979826685,0.0,0.1639344262295081,0.0,0.0,0.0,False,False,False,False,False,0.0,LOW,0,0,2700.0,0,0,0,0.0,0.0,0.0,0,0,0,0,0.0,0.0,0.0,0,0,0.0,LOW
E000049,U009,2026-03-02 11:49:00,file_access,RES-056,0,13,DEV-014,0,0,,,0,0.0,analyst,employee,PG1,9.711535627474689,1.0899963441328668,74.31999380823714,7.290480719641044,16.05012195201888,160.4085668206787,0.8032226279271082,DEV-014,11,2026-03-02,1.288464372525311,1.1820813706951772,0.0,0.1000577604434392,0.0,0.0,0.0,0.0,21,36,0.5833333333333334,0.0,8.972677595628415,4.294683263006742,0.4720539979826685,0.0,0.5519125683060109,0.0,0.0,0.0,False,False,False,False,False,0.0,LOW,0,0,720.0,0,1,1,2.58,0.0,0.0,0,0,0,0,0.0,0.39,0.77,0,0,0.0,LOW
E000050,U009,2026-03-02 11:58:00,file_access,RES-051,0,6,DEV-014,0,0,,,0,0.0,analyst,employee,PG1,9.711535627474689,1.0899963441328668,74.31999380823714,7.290480719641044,16.05012195201888,160.4085668206787,0.8032226279271082,DEV-014,11,2026-03-02,1.288464372525311,1.1820813706951772,0.0,0.1000577604434392,0.0,0.0,0.0,0.0,21,36,0.5833333333333334,0.0,8.972677595628415,4.294683263006742,0.4720539979826685,0.0,0.5519125683060109,0.0,0.0,0.0,False,False,False,False,False,0.0,LOW,0,0,540.0,0,1,2,3.42,0.0,0.0,0,0,0,0,0.0,0.51,1.03,0,0,0.0,LOW
E000104,U009,2026-03-03 09:16:00,login,,0,0,DEV-014,0,0,,,0,0.0,analyst,employee,PG1,9.711535627474689,1.0899963441328668,74.31999380823714,7.290480719641044,16.05012195201888,160.4085668206787,0.8032226279271082,DEV-014,9,2026-03-03,0.7115356274746887,0.6527871687870128,0.0,0.1000577604434392,0.0,0.0,0.0,0.0,10,36,0.2777777777777778,0.0,8.972677595628415,4.294683263006742,0.006361913719443,0.0,0.273224043715847,0.0,0.0,0.0,False,False,False,False,False,0.0,LOW,0,0,76680.0,0,0,0,0.0,0.0,0.0,0,0,0,0,0.0,0.0,0.0,0,0,0.0,LOW
E000118,U009,2026-03-03 09:53:00,file_access,RES-043,0,1,DEV-014,0,0,,,0,0.0,analyst,employee,PG1,9.711535627474689,1.0899963441328668,74.31999380823714,7.290480719641044,16.05012195201888,160.4085668206787,0.8032226279271082,DEV-014,9,2026-03-03,0.7115356274746887,0.6527871687870128,0.0,0.1000577604434392,0.0,0.0,0.0,0.0,21,36,0.5833333333333334,0.0,8.972677595628415,4.294683263006742,0.006361913719443,0.0,0.5519125683060109,0.0,0.0,0.0,False,False,False,False,False,0.0,LOW,0,0,2220.0,0,0,0,0.0,0.0,0.0,0,0,0,0,0.0,0.0,0.0,0,0,0.0,LOW
E000128,U009,2026-03-03 11:16:00,file_access,RES-052,0,15,DEV-014,0,0,,,0,0.0,analyst,employee,PG1,9.711535627474689,1.0899963441328668,74.31999380823714,7.290480719641044,16.05012195201888,160.4085668206787,0.8032226279271082,DEV-014,11,2026-03-03,1.288464372525311,1.1820813706951772,0.0,0.1000577604434392,0.0,0.0,0.0,0.0,21,36,0.5833333333333334,0.0,8.972677595628415,4.294683263006742,0.4720539979826685,0.0,0.5519125683060109,0.0,0.0,0.0,False,False,False,False,False,0.0,LOW,0,0,4980.0,0,0,0,0.0,0.0,0.0,0,0,0,0,0.0,0.0,0.0,0,0,0.0,LOW
E000193,U009,2026-03-04 10:22:00,login,,0,0,DEV-014,0,0,,,0,0.0,analyst,employee,PG1,9.711535627474689,1.0899963441328668,74.31999380823714,7.290480719641044,16.05012195201888,160.4085668206787,0.8032226279271082,DEV-014,10,2026-03-04,0.2884643725253113,0.2646471009540821,0.0,0.1000577604434392,0.0,0.0,0.0,0.0,10,36,0.2777777777777778,0.0,8.972677595628415,4.294683263006742,0.2392079558510558,0.0,0.273224043715847,0.0,0.0,0.0,False,False,False,False,False,0.0,LOW,0,0,83160.0,0,0,0,0.0,0.0,0.0,0,0,0,0,0.0,0.0,0.0,0,0,0.0,LOW
E000197,U009,2026-03-04 11:05:00,file_access,RES-041,0,14,DEV-014,0,0,,,0,0.0,analyst,employee,PG1,9.711535627474689,1.0899963441328668,74.31999380823714,7.290480719641044,16.05012195201888,160.4085668206787,0.8032226279271082,DEV-014,11,2026-03-04,1.288464372525311,1.1820813706951772,0.0,0.1000577604434392,0.0,0.0,0.0,0.0,21,36,0.5833333333333334,0.0,8.972677595628415,4.294683263006742,0.4720539979826685,0.0,0.5519125683060109,0.0,0.0,0.0,False,False,False,False,False,0.0,LOW,0,0,2580.0,0,0,0,0.0,0.0,0.0,0,0,0,0,0.0,0.0,0.0,0,0,0.0,LOW
E000201,U009,2026-03-04 11:55:00,file_access,RES-017,0,15,DEV-014,0,0,,,0,0.0,analyst,employee,PG1,9.711535627474689,1.0899963441328668,74.31999380823714,7.290480719641044,16.05012195201888,160.4085668206787,0.8032226279271082,DEV-014,11,2026-03-04,1.288464372525311,1.1820813706951772,0.0,0.1000577604434392,0.0,0.0,0.0,0.0,21,36,0.5833333333333334,0.0,8.972677595628415,4.294683263006742,0.4720539979826685,0.0,0.5519125683060109,0.0,0.0,0.0,False,False,False,False,False,0.0,LOW,0,0,3000.0,0,0,0,0.0,0.0,0.0,0,0,0,0,0.0,0.0,0.0,0,0,0.0,LOW
E000203,U009,2026-03-04 12:15:00,file_access,RES-020,0,7,DEV-014,0,0,,,0,0.0,analyst,employee,PG1,9.711535627474689,1.0899963441328668,74.31999380823714,7.290480719641044,16.05012195201888,160.4085668206787,0.8032226279271082,DEV-014,12,2026-03-04,2.2884643725253118,2.0995156404362723,0.0,0.1000577604434392,0.0,0.0,0.0,0.0,21,36,0.5833333333333334,0.0,8.972677595628415,4.294683263006742,0.7049000401142813,0.0,0.5519125683060109,0.0,0.0,0.0,False,False,False,False,False,0.0,LOW,0,0,1200.0,0,0,1,0.83,0.0,0.0,0,0,0,0,0.0,0.12,0.25,0,0,0.0,LOW
E000259,U009,2026-03-05 10:06:00,login,,0,0,DEV-014,0,0,,,0,0.0,analyst,employee,PG1,9.711535627474689,1.0899963441328668,74.31999380823714,7.290480719641044,16.05012195201888,160.4085668206787,0.8032226279271082,DEV-014,10,2026-03-05,0.2884643725253113,0.2646471009540821,0.0,0.1000577604434392,0.0,0.0,0.0,0.0,10,36,0.2777777777777778,0.0,8.972677595628415,4.294683263006742,0.2392079558510558,0.0,0.273224043715847,0.0,0.0,0.0,False,False,False,False,False,0.0,LOW,0,0,78660.0,0,0,0,0.0,0.0,0.0,0,0,0,0,0.0,0.0,0.0,0,0,0.0,LOW
E000267,U009,2026-03-05 10:59:00,file_access,RES-037,0,12,DEV-014,0,0,,,0,0.0,analyst,employee,PG1,9.711535627474689,1.0899963441328668,74.31999380823714,7.290480719641044,16.05012195201888,160.4085668206787,0.8032226279271082,DEV-014,10,2026-03-05,0.2884643725253113,0.2646471009540821,0.0,0.1000577604434392,0.0,0.0,0.0,0.0,21,36,0.5833333333333334,0.0,8.972677595628415,4.294683263006742,0.2392079558510558,0.0,0.5519125683060109,0.0,0.0,0.0,False,False,False,False,False,0.0,LOW,0,0,3180.0,0,0,0,0.0,0.0,0.0,0,0,0,0,0.0,0.0,0.0,0,0,0.0,LOW
E000276,U009,2026-03-05 13:15:00,transaction,,0,0,DEV-014,0,0,,BEN-022,0,0.0,analyst,employee,PG1,9.711535627474689,1.0899963441328668,74.31999380823714,7.290480719641044,16.05012195201888,160.4085668206787,0.8032226279271082,DEV-014,13,2026-03-05,3.2884643725253118,3.016949910177367,0.0,0.1000577604434392,0.0,0.0,0.0,0.0,5,36,0.1388888888888889,0.0,8.972677595628415,4.294683263006742,0.937746082245894,0.0,0.1639344262295081,0.0,0.0,0.0,False,False,False,False,False,0.0,LOW,0,0,8160.0,0,0,0,0.0,0.0,0.0,0,0,0,0,0.0,0.0,0.0,0,0,0.0,LOW
E000340,U009,2026-03-06 13:08:00,transaction,,0,0,DEV-014,0,0,,BEN-021,0,0.0,analyst,employee,PG1,9.711535627474689,1.0899963441328668,74.31999380823714,7.290480719641044,16.05012195201888,160.4085668206787,0.8032226279271082,DEV-014,13,2026-03-06,3.2884643725253118,3.016949910177367,0.0,0.1000577604434392,0.0,0.0,0.0,0.0,5,36,0.1388888888888889,0.0,8.972677595628415,4.294683263006742,0.937746082245894,0.0,0.1639344262295081,0.0,0.0,0.0,False,False,False,False,False,0.0,LOW,0,0,4080.0,0,0,0,0.0,0.0,0.0,0,0,0,0,0.0,0.0,0.0,0,0,0.0,LOW
E000342,U009,2026-03-06 13:22:00,file_access,RES-048,0,16,DEV-014,0,0,,,0,0.0,analyst,employee,PG1,9.711535627474689,1.0899963441328668,74.31999380823714,7.290480719641044,16.05012195201888,160.4085668206787,0.8032226279271082,DEV-014,13,2026-03-06,3.2884643725253118,3.016949910177367,0.0,0.1000577604434392,0.0,0.0,0.0,0.0,21,36,0.5833333333333334,0.0,8.972677595628415,4.294683263006742,0.937746082245894,0.0,0.5519125683060109,0.0,0.0,0.0,False,False,False,False,False,0.0,LOW,0,0,840.0,0,1,1,2.58,0.0,0.0,0,0,0,0,0.0,0.39,0.77,0,0,0.0,LOW
E000344,U009,2026-03-06 13:51:00,file_access,RES-058,0,10,DEV-014,0,0,,,0,0.0,analyst,employee,PG1,9.711535627474689,1.0899963441328668,74.31999380823714,7.290480719641044,16.05012195201888,160.4085668206787,0.8032226279271082,DEV-014,13,2026-03-06,3.2884643725253118,3.016949910177367,0.0,0.1000577604434392,0.0,0.0,0.0,0.0,21,36,0.5833333333333334,0.0,8.972677595628415,4.294683263006742,0.937746082245894,0.0,0.5519125683060109,0.0,0.0,0.0,False,False,False,False,False,0.0,LOW,0,0,1740.0,0,0,1,0.83,0.0,0.0,0,0,0,0,0.0,0.12,0.25,0,0,0.0,LOW
E000345,U009,2026-03-06 13:55:00,file_access,RES-044,0,2,DEV-014,0,0,,,0,0.0,analyst,employee,PG1,9.711535627474689,1.0899963441328668,74.31999380823714,7.290480719641044,16.05012195201888,160.4085668206787,0.8032226279271082,DEV-014,13,2026-03-06,3.2884643725253118,3.016949910177367,0.0,0.1000577604434392,0.0,0.0,0.0,0.0,21,36,0.5833333333333334,0.0,8.972677595628415,4.294683263006742,0.937746082245894,0.0,0.5519125683060109,0.0,0.0,0.0,False,False,False,False,False,0.0,LOW,0,0,240.0,1,1,1,6.58,0.0,0.0,0,0,0,0,0.0,0.99,1.97,0,0,0.0,LOW
E000392,U009,2026-03-07 09:16:00,login,,0,0,DEV-014,0,0,,,0,0.0,analyst,employee,PG1,9.711535627474689,1.0899963441328668,74.31999380823714,7.290480719641044,16.05012195201888,160.4085668206787,0.8032226279271082,DEV-014,9,2026-03-07,0.7115356274746887,0.6527871687870128,0.0,0.1000577604434392,0.0,0.0,0.0,0.0,10,36,0.2777777777777778,0.0,8.972677595628415,4.294683263006742,0.006361913719443,0.0,0.273224043715847,0.0,0.0,0.0,False,False,False,False,False,0.0,LOW,0,1,69660.0,0,0,0,0.0,0.0,0.0,0,0,0,0,0.0,0.0,0.0,0,0,0.0,LOW
E000400,U009,2026-03-07 10:00:00,file_access,RES-051,0,15,DEV-014,0,0,,,0,0.0,analyst,employee,PG1,9.711535627474689,1.0899963441328668,74.31999380823714,7.290480719641044,16.05012195201888,160.4085668206787,0.8032226279271082,DEV-014,10,2026-03-07,0.2884643725253113,0.2646471009540821,0.0,0.1000577604434392,0.0,0.0,0.0,0.0,21,36,0.5833333333333334,0.0,8.972677595628415,4.294683263006742,0.2392079558510558,0.0,0.5519125683060109,0.0,0.0,0.0,False,False,False,False,False,0.0,LOW,0,1,2640.0,0,0,0,0.0,0.0,0.0,0,0,0,0,0.0,0.0,0.0,0,0,0.0,LOW
E000409,U009,2026-03-07 10:41:00,file_access,RES-007,1,2,DEV-014,0,0,,,0,0.0,analyst,employee,PG1,9.711535627474689,1.0899963441328668,74.31999380823714,7.290480719641044,16.05012195201888,160.4085668206787,0.8032226279271082,DEV-014,10,2026-03-07,0.2884643725253113,0.2646471009540821,0.0,0.1000577604434392,0.0,0.0,0.0,0.0,21,36,0.5833333333333334,0.0,8.972677595628415,4.294683263006742,0.2392079558510558,0.0,0.5519125683060109,0.0,0.0,0.0,False,False,True,False,False,0.0,LOW,0,1,2460.0,0,0,0,0.0,0.0,0.0,0,0,0,0,20.0,4.0,4.0,0,0,0.0,LOW
E000412,U009,2026-03-07 10:57:00,file_access,RES-047,0,5,DEV-014,0,0,,,0,0.0,analyst,employee,PG1,9.711535627474689,1.0899963441328668,74.31999380823714,7.290480719641044,16.05012195201888,160.4085668206787,0.8032226279271082,DEV-014,10,2026-03-07,0.2884643725253113,0.2646471009540821,0.0,0.1000577604434392,0.0,0.0,0.0,0.0,21,36,0.5833333333333334,0.0,8.972677595628415,4.294683263006742,0.2392079558510558,0.0,0.5519125683060109,0.0,0.0,0.0,False,False,False,False,False,0.0,LOW,0,1,960.0,0,0,1,0.83,0.0,0.0,0,0,0,0,0.0,0.12,0.25,0,0,0.0,LOW
E000414,U009,2026-03-07 10:59:00,transaction,,0,0,DEV-014,0,0,,BEN-010,0,8.34,analyst,employee,PG1,9.711535627474689,1.0899963441328668,74.31999380823714,7.290480719641044,16.05012195201888,160.4085668206787,0.8032226279271082,DEV-014,10,2026-03-07,0.2884643725253113,0.2646471009540821,0.0,0.0480655248334588,0.0,0.0,0.0,0.0,5,36,0.1388888888888889,0.0,8.972677595628415,4.294683263006742,0.2392079558510558,0.0,0.1639344262295081,0.0,0.0,0.0,False,False,False,False,True,0.0,LOW,0,1,120.0,1,1,2,7.42,0.52,5.2,0,0,0,0,20.0,5.89,7.27,0,0,0.0,LOW
E000467,U009,2026-03-08 09:26:00,login,,0,0,DEV-014,0,0,,,0,0.0,analyst,employee,PG1,9.711535627474689,1.0899963441328668,74.31999380823714,7.290480719641044,16.05012195201888,160.4085668206787,0.8032226279271082,DEV-014,9,2026-03-08,0.7115356274746887,0.6527871687870128,0.0,0.1000577604434392,0.0,0.0,0.0,0.0,10,36,0.2777777777777778,0.0,8.972677595628415,4.294683263006742,0.006361913719443,0.0,0.273224043715847,0.0,0.0,0.0,False,False,False,False,False,0.0,LOW,0,1,80820.0,0,0,0,0.0,0.0,0.0,0,0,0,0,0.0,0.0,0.0,0,0,0.0,LOW
E000474,U009,2026-03-08 09:56:00,file_access,RES-009,1,18,DEV-014,0,0,,,0,0.0,analyst,employee,PG1,9.711535627474689,1.0899963441328668,74.31999380823714,7.290480719641044,16.05012195201888,160.4085668206787,0.8032226279271082,DEV-014,9,2026-03-08,0.7115356274746887,0.6527871687870128,0.0,0.1000577604434392,0.0,0.0,0.0,0.0,21,36,0.5833333333333334,0.0,8.972677595628415,4.294683263006742,0.006361913719443,0.0,0.5519125683060109,0.0,0.0,0.0,False,False,True,False,False,0.0,LOW,0,1,1800.0,0,0,1,0.83,0.0,0.0,0,0,0,0,20.0,4.12,4.25,0,0,0.0,LOW
E000541,U009,2026-03-09 09:50:00,file_access,RES-056,0,11,DEV-014,0,0,,,0,0.0,analyst,employee,PG1,9.711535627474689,1.0899963441328668,74.31999380823714,7.290480719641044,16.05012195201888,160.4085668206787,0.8032226279271082,DEV-014,9,2026-03-09,0.7115356274746887,0.6527871687870128,0.0,0.1000577604434392,0.0,0.0,0.0,0.0,21,36,0.5833333333333334,0.0,8.972677595628415,4.294683263006742,0.006361913719443,0.0,0.5519125683060109,0.0,0.0,0.0,False,False,False,False,False,0.0,LOW,0,0,6000.0,0,0,0,0.0,0.0,0.0,0,0,0,0,0.0,0.0,0.0,0,0,0.0,LOW
E000543,U009,2026-03-09 10:00:00,file_access,RES-031,0,10,DEV-014,0,0,,,0,0.0,analyst,employee,PG1,9.711535627474689,1.0899963441328668,74.31999380823714,7.290480719641044,16.05012195201888,160.4085668206787,0.8032226279271082,DEV-014,10,2026-03-09,0.2884643725253113,0.2646471009540821,0.0,0.1000577604434392,0.0,0.0,0.0,0.0,21,36,0.5833333333333334,0.0,8.972677595628415,4.294683263006742,0.2392079558510558,0.0,0.5519125683060109,0.0,0.0,0.0,False,False,False,False,False,0.0,LOW,0,0,600.0,0,1,1,2.58,0.0,0.0,0,0,0,0,0.0,0.39,0.77,0,0,0.0,LOW
E000612,U009,2026-03-10 09:04:00,login,,0,0,DEV-014,0,0,,,0,0.0,analyst,employee,PG1,9.711535627474689,1.0899963441328668,74.31999380823714,7.290480719641044,16.05012195201888,160.4085668206787,0.8032226279271082,DEV-014,9,2026-03-10,0.7115356274746887,0.6527871687870128,0.0,0.1000577604434392,0.0,0.0,0.0,0.0,10,36,0.2777777777777778,0.0,8.972677595628415,4.294683263006742,0.006361913719443,0.0,0.273224043715847,0.0,0.0,0.0,False,False,False,False,False,0.0,LOW,0,0,83040.0,0,0,0,0.0,0.0,0.0,0,0,0,0,0.0,0.0,0.0,0,0,0.0,LOW
E000628,U009,2026-03-10 10:45:00,file_access,RES-015,0,13,DEV-014,0,0,,,0,0.0,analyst,employee,PG1,9.711535627474689,1.0899963441328668,74.31999380823714,7.290480719641044,16.05012195201888,160.4085668206787,0.8032226279271082,DEV-014,10,2026-03-10,0.2884643725253113,0.2646471009540821,0.0,0.1000577604434392,0.0,0.0,0.0,0.0,21,36,0.5833333333333334,0.0,8.972677595628415,4.294683263006742,0.2392079558510558,0.0,0.5519125683060109,0.0,0.0,0.0,False,False,False,False,False,0.0,LOW,0,0,6060.0,0,0,0,0.0,0.0,0.0,0,0,0,0,0.0,0.0,0.0,0,0,0.0,LOW
E000685,U009,2026-03-11 08:52:00,file_access,RES-044,0,9,DEV-014,0,0,,,0,0.0,analyst,employee,PG1,9.711535627474689,1.0899963441328668,74.31999380823714,7.290480719641044,16.05012195201888,160.4085668206787,0.8032226279271082,DEV-014,8,2026-03-11,1.711535627474689,1.570221438528108,0.0,0.1000577604434392,0.0,0.0,0.0,0.0,21,36,0.5833333333333334,0.0,8.972677595628415,4.294683263006742,0.2264841284121697,0.0,0.5519125683060109,0.0,0.0,0.0,False,False,False,False,False,0.0,LOW,0,0,3120.0,0,0,0,0.0,0.0,0.0,0,0,0,0,0.0,0.0,0.0,0,0,0.0,LOW
E000687,U009,2026-03-11 09:13:00,file_access,RES-008,1,15,DEV-014,0,0,,,0,0.0,analyst,employee,PG1,9.711535627474689,1.0899963441328668,74.31999380823714,7.290480719641044,16.05012195201888,160.4085668206787,0.8032226279271082,DEV-014,9,2026-03-11,0.7115356274746887,0.6527871687870128,0.0,0.1000577604434392,0.0,0.0,0.0,0.0,21,36,0.5833333333333334,0.0,8.972677595628415,4.294683263006742,0.006361913719443,0.0,0.5519125683060109,0.0,0.0,0.0,False,False,True,False,False,0.0,LOW,0,0,1260.0,0,0,1,0.83,0.0,0.0,0,0,0,0,20.0,4.12,4.25,0,0,0.0,LOW
E000062,U010,2026-03-02 15:24:00,file_access,RES-015,0,3,DEV-017,0,0,,,0,0.0,manager,automated_system,PG2,14.0,0.5,42.02745165589346,11.5543866529488,197.8159505303321,370.0916564091903,1.3765555577621964,DEV-017,15,2026-03-02,1.0,2.0,0.0,0.5345052964707145,0.0,0.0,0.0,0.0,22,38,0.5789473684210527,0.0,9.209944751381215,4.253117875582253,1.361367217649975,0.0,0.5303867403314917,0.0,0.0,0.0,False,False,False,False,False,0.0,LOW,0,0,4980.0,0,0,0,0.0,0.0,0.0,0,0,0,0,0.0,0.0,0.0,0,0,0.0,LOW
E000063,U010,2026-03-02 15:27:00,file_access,RES-053,0,15,DEV-017,0,0,,,0,0.0,manager,automated_system,PG2,14.0,0.5,42.02745165589346,11.5543866529488,197.8159505303321,370.0916564091903,1.3765555577621964,DEV-017,15,2026-03-02,1.0,2.0,0.0,0.5345052964707145,0.0,0.0,0.0,0.0,22,38,0.5789473684210527,0.0,9.209944751381215,4.253117875582253,1.361367217649975,0.0,0.5303867403314917,0.0,0.0,0.0,False,False,False,False,False,0.0,LOW,0,0,180.0,1,1,1,6.58,0.0,0.0,0,0,0,0,0.0,0.99,1.97,0,0,0.0,LOW
E000068,U010,2026-03-02 15:59:00,file_access,RES-036,0,11,DEV-017,0,0,,,0,0.0,manager,automated_system,PG2,14.0,0.5,42.02745165589346,11.5543866529488,197.8159505303321,370.0916564091903,1.3765555577621964,DEV-017,15,2026-03-02,1.0,2.0,0.0,0.5345052964707145,0.0,0.0,0.0,0.0,22,38,0.5789473684210527,0.0,9.209944751381215,4.253117875582253,1.361367217649975,0.0,0.5303867403314917,0.0,0.0,0.0,False,False,False,False,False,0.0,LOW,0,0,1920.0,0,0,0,0.0,0.0,0.0,0,0,0,0,0.0,0.0,0.0,0,0,0.0,LOW
E000140,U010,2026-03-03 14:29:00,file_access,RES-003,1,10,DEV-017,0,0,,,0,0.0,manager,automated_system,PG2,14.0,0.5,42.02745165589346,11.5543866529488,197.8159505303321,370.0916564091903,1.3765555577621964,DEV-017,14,2026-03-03,0.0,0.0,0.0,0.5345052964707145,0.0,0.0,0.0,0.0,22,38,0.5789473684210527,0.0,9.209944751381215,4.253117875582253,1.1262455894108094,0.0,0.5303867403314917,0.0,0.0,0.0,False,False,True,False,False,0.0,LOW,0,0,600.0,0,1,1,2.58,0.0,0.0,0,0,0,0,20.0,4.39,4.77,0,0,0.0,LOW
E000145,U010,2026-03-03 15:16:00,file_access,RES-008,1,5,DEV-017,0,0,,,0,0.0,manager,automated_system,PG2,14.0,0.5,42.02745165589346,11.5543866529488,197.8159505303321,370.0916564091903,1.3765555577621964,DEV-017,15,2026-03-03,1.0,2.0,0.0,0.5345052964707145,0.0,0.0,0.0,0.0,22,38,0.5789473684210527,0.0,9.209944751381215,4.253117875582253,1.361367217649975,0.0,0.5303867403314917,0.0,0.0,0.0,False,False,True,False,False,0.0,LOW,0,0,2820.0,0,0,0,0.0,0.0,0.0,0,0,0,0,20.0,4.0,4.0,0,0,0.0,LOW
E000148,U010,2026-03-03 15:27:00,file_access,RES-008,1,4,DEV-017,0,0,,,0,0.0,manager,automated_system,PG2,14.0,0.5,42.02745165589346,11.5543866529488,197.8159505303321,370.0916564091903,1.3765555577621964,DEV-017,15,2026-03-03,1.0,2.0,0.0,0.5345052964707145,0.0,0.0,0.0,0.0,22,38,0.5789473684210527,0.0,9.209944751381215,4.253117875582253,1.361367217649975,0.0,0.5303867403314917,0.0,0.0,0.0,False,False,True,False,False,0.0,LOW,0,0,660.0,0,1,1,2.58,0.0,0.0,0,0,0,0,20.0,4.39,4.77,0,0,0.0,LOW
E000151,U010,2026-03-03 16:46:00,transaction,,0,0,DEV-017,0,0,,BEN-022,0,465.65,manager,automated_system,PG2,14.0,0.5,42.02745165589346,11.5543866529488,197.8159505303321,370.0916564091903,1.3765555577621964,DEV-017,16,2026-03-03,2.0,4.0,0.0,0.7236965352537921,0.0,0.0,0.0,0.0,6,38,0.1578947368421052,0.0,9.209944751381215,4.253117875582253,1.5964888458891404,0.0,0.1933701657458563,0.0,0.0,0.0,False,False,False,False,True,0.0,LOW,0,0,4740.0,0,0,0,0.0,2.35,23.5,0,0,0,0,20.0,7.52,8.7,0,0,0.0,LOW
E000220,U010,2026-03-04 16:01:00,file_access,RES-027,0,19,DEV-017,0,0,,,0,0.0,manager,automated_system,PG2,14.0,0.5,42.02745165589346,11.5543866529488,197.8159505303321,370.0916564091903,1.3765555577621964,DEV-017,16,2026-03-04,2.0,4.0,0.0,0.5345052964707145,0.0,0.0,0.0,0.0,22,38,0.5789473684210527,0.0,9.209944751381215,4.253117875582253,1.5964888458891404,0.0,0.5303867403314917,0.0,0.0,0.0,False,False,False,False,False,0.0,LOW,0,0,4440.0,0,0,0,0.0,0.0,0.0,0,0,0,0,0.0,0.0,0.0,0,0,0.0,LOW
E000222,U010,2026-03-04 16:27:00,file_access,RES-047,0,5,DEV-017,0,0,,,0,0.0,manager,automated_system,PG2,14.0,0.5,42.02745165589346,11.5543866529488,197.8159505303321,370.0916564091903,1.3765555577621964,DEV-017,16,2026-03-04,2.0,4.0,0.0,0.5345052964707145,0.0,0.0,0.0,0.0,22,38,0.5789473684210527,0.0,9.209944751381215,4.253117875582253,1.5964888458891404,0.0,0.5303867403314917,0.0,0.0,0.0,False,False,False,False,False,0.0,LOW,0,0,1560.0,0,0,1,0.83,0.0,0.0,0,0,0,0,0.0,0.12,0.25,0,0,0.0,LOW
E000223,U010,2026-03-04 16:45:00,file_access,RES-027,0,4,DEV-017,0,0,,,0,0.0,manager,automated_system,PG2,14.0,0.5,42.02745165589346,11.5543866529488,197.8159505303321,370.0916564091903,1.3765555577621964,DEV-017,16,2026-03-04,2.0,4.0,0.0,0.5345052964707145,0.0,0.0,0.0,0.0,22,38,0.5789473684210527,0.0,9.209944751381215,4.253117875582253,1.5964888458891404,0.0,0.5303867403314917,0.0,0.0,0.0,False,False,False,False,False,0.0,LOW,0,0,1080.0,0,0,1,0.83,0.0,0.0,0,0,0,0,0.0,0.12,0.25,0,0,0.0,LOW
E000224,U010,2026-03-04 17:34:00,transaction,,0,0,DEV-017,0,0,,BEN-002,0,0.0,manager,automated_system,PG2,14.0,0.5,42.02745165589346,11.5543866529488,197.8159505303321,370.0916564091903,1.3765555577621964,DEV-017,17,2026-03-04,3.0,6.0,0.0,0.5345052964707145,0.0,0.0,0.0,0.0,6,38,0.1578947368421052,0.0,9.209944751381215,4.253117875582253,1.831610474128306,0.0,0.1933701657458563,0.0,0.0,0.0,False,False,False,False,False,0.0,LOW,0,0,2940.0,0,0,0,0.0,0.0,0.0,0,0,0,0,0.0,0.0,0.0,0,0,0.0,LOW
E000288,U010,2026-03-05 15:16:00,file_access,RES-029,0,15,DEV-017,0,0,,,0,0.0,manager,automated_system,PG2,14.0,0.5,42.02745165589346,11.5543866529488,197.8159505303321,370.0916564091903,1.3765555577621964,DEV-017,15,2026-03-05,1.0,2.0,0.0,0.5345052964707145,0.0,0.0,0.0,0.0,22,38,0.5789473684210527,0.0,9.209944751381215,4.253117875582253,1.361367217649975,0.0,0.5303867403314917,0.0,0.0,0.0,False,False,False,False,False,0.0,LOW,0,0,1920.0,0,0,0,0.0,0.0,0.0,0,0,0,0,0.0,0.0,0.0,0,0,0.0,LOW
E000289,U010,2026-03-05 15:19:00,file_access,RES-055,0,12,DEV-017,0,0,,,0,0.0,manager,automated_system,PG2,14.0,0.5,42.02745165589346,11.5543866529488,197.8159505303321,370.0916564091903,1.3765555577621964,DEV-017,15,2026-03-05,1.0,2.0,0.0,0.5345052964707145,0.0,0.0,0.0,0.0,22,38,0.5789473684210527,0.0,9.209944751381215,4.253117875582253,1.361367217649975,0.0,0.5303867403314917,0.0,0.0,0.0,False,False,False,False,False,0.0,LOW,0,0,180.0,1,1,1,6.58,0.0,0.0,0,0,0,0,0.0,0.99,1.97,0,0,0.0,LOW
E000295,U010,2026-03-05 17:49:00,transaction,,0,0,DEV-017,0,0,,BEN-021,0,0.0,manager,automated_system,PG2,14.0,0.5,42.02745165589346,11.5543866529488,197.8159505303321,370.0916564091903,1.3765555577621964,DEV-017,17,2026-03-05,3.0,6.0,0.0,0.5345052964707145,0.0,0.0,0.0,0.0,6,38,0.1578947368421052,0.0,9.209944751381215,4.253117875582253,1.831610474128306,0.0,0.1933701657458563,0.0,0.0,0.0,False,False,False,False,False,0.0,LOW,0,0,9000.0,0,0,0,0.0,0.0,0.0,0,0,0,0,0.0,0.0,0.0,0,0,0.0,LOW
E000359,U010,2026-03-06 15:17:00,file_access,RES-018,0,7,DEV-017,0,0,,,0,0.0,manager,automated_system,PG2,14.0,0.5,42.02745165589346,11.5543866529488,197.8159505303321,370.0916564091903,1.3765555577621964,DEV-017,15,2026-03-06,1.0,2.0,0.0,0.5345052964707145,0.0,0.0,0.0,0.0,22,38,0.5789473684210527,0.0,9.209944751381215,4.253117875582253,1.361367217649975,0.0,0.5303867403314917,0.0,0.0,0.0,False,False,False,False,False,0.0,LOW,0,0,3300.0,0,0,0,0.0,0.0,0.0,0,0,0,0,0.0,0.0,0.0,0,0,0.0,LOW
E000424,U010,2026-03-07 14:12:00,file_access,RES-004,1,11,DEV-017,0,0,,,0,0.0,manager,automated_system,PG2,14.0,0.5,42.02745165589346,11.5543866529488,197.8159505303321,370.0916564091903,1.3765555577621964,DEV-017,14,2026-03-07,0.0,0.0,0.0,0.5345052964707145,0.0,0.0,0.0,0.0,22,38,0.5789473684210527,0.0,9.209944751381215,4.253117875582253,1.1262455894108094,0.0,0.5303867403314917,0.0,0.0,0.0,False,False,True,False,False,0.0,LOW,0,1,420.0,0,1,1,2.58,0.0,0.0,0,0,0,0,20.0,4.39,4.77,0,0,0.0,LOW
E000427,U010,2026-03-07 14:37:00,file_access,RES-042,0,20,DEV-017,0,0,,,0,0.0,manager,automated_system,PG2,14.0,0.5,42.02745165589346,11.5543866529488,197.8159505303321,370.0916564091903,1.3765555577621964,DEV-017,14,2026-03-07,0.0,0.0,0.0,0.5345052964707145,0.0,0.0,0.0,0.0,22,38,0.5789473684210527,0.0,9.209944751381215,4.253117875582253,1.1262455894108094,0.0,0.5303867403314917,0.0,0.0,0.0,False,False,False,False,False,0.0,LOW,0,1,1500.0,0,0,1,0.83,0.0,0.0,0,0,0,0,0.0,0.12,0.25,0,0,0.0,LOW
E000429,U010,2026-03-07 14:41:00,file_access,RES-009,1,19,DEV-017,0,0,,,0,0.0,manager,automated_system,PG2,14.0,0.5,42.02745165589346,11.5543866529488,197.8159505303321,370.0916564091903,1.3765555577621964,DEV-017,14,2026-03-07,0.0,0.0,0.0,0.5345052964707145,0.0,0.0,0.0,0.0,22,38,0.5789473684210527,0.0,9.209944751381215,4.253117875582253,1.1262455894108094,0.0,0.5303867403314917,0.0,0.0,0.0,False,False,True,False,False,0.0,LOW,0,1,240.0,1,1,2,7.42,0.0,0.0,0,0,0,0,20.0,5.11,6.23,0,0,0.0,LOW
E000436,U010,2026-03-07 16:36:00,transaction,,0,0,DEV-017,0,0,,BEN-007,0,0.0,manager,automated_system,PG2,14.0,0.5,42.02745165589346,11.5543866529488,197.8159505303321,370.0916564091903,1.3765555577621964,DEV-017,16,2026-03-07,2.0,4.0,0.0,0.5345052964707145,0.0,0.0,0.0,0.0,6,38,0.1578947368421052,0.0,9.209944751381215,4.253117875582253,1.5964888458891404,0.0,0.1933701657458563,0.0,0.0,0.0,False,False,False,False,False,0.0,LOW,0,1,6900.0,0,0,0,0.0,0.0,0.0,0,0,0,0,0.0,0.0,0.0,0,0,0.0,LOW
E000490,U010,2026-03-08 13:19:00,file_access,RES-018,0,5,DEV-017,0,0,,,0,0.0,manager,automated_system,PG2,14.0,0.5,42.02745165589346,11.5543866529488,197.8159505303321,370.0916564091903,1.3765555577621964,DEV-017,13,2026-03-08,1.0,2.0,0.0,0.5345052964707145,0.0,0.0,0.0,0.0,22,38,0.5789473684210527,0.0,9.209944751381215,4.253117875582253,0.8911239611716439,0.0,0.5303867403314917,0.0,0.0,0.0,False,False,False,False,False,0.0,LOW,0,1,300.0,1,1,1,6.58,0.0,0.0,0,0,0,0,0.0,0.99,1.97,0,0,0.0,LOW
E000498,U010,2026-03-08 14:58:00,file_access,RES-010,0,20,DEV-017,0,0,,,0,0.0,manager,automated_system,PG2,14.0,0.5,42.02745165589346,11.5543866529488,197.8159505303321,370.0916564091903,1.3765555577621964,DEV-017,14,2026-03-08,0.0,0.0,0.0,0.5345052964707145,0.0,0.0,0.0,0.0,22,38,0.5789473684210527,0.0,9.209944751381215,4.253117875582253,1.1262455894108094,0.0,0.5303867403314917,0.0,0.0,0.0,False,False,False,False,False,0.0,LOW,0,1,5940.0,0,0,0,0.0,0.0,0.0,0,0,0,0,0.0,0.0,0.0,0,0,0.0,LOW
E000565,U010,2026-03-09 15:03:00,file_access,RES-056,0,1,DEV-017,0,0,,,0,0.0,manager,automated_system,PG2,14.0,0.5,42.02745165589346,11.5543866529488,197.8159505303321,370.0916564091903,1.3765555577621964,DEV-017,15,2026-03-09,1.0,2.0,0.0,0.5345052964707145,0.0,0.0,0.0,0.0,22,38,0.5789473684210527,0.0,9.209944751381215,4.253117875582253,1.361367217649975,0.0,0.5303867403314917,0.0,0.0,0.0,False,False,False,False,False,0.0,LOW,0,0,5340.0,0,0,0,0.0,0.0,0.0,0,0,0,0,0.0,0.0,0.0,0,0,0.0,LOW
E000566,U010,2026-03-09 15:15:00,transaction,,0,0,DEV-017,0,0,,BEN-011,0,265.64,manager,automated_system,PG2,14.0,0.5,42.02745165589346,11.5543866529488,197.8159505303321,370.0916564091903,1.3765555577621964,DEV-017,15,2026-03-09,1.0,2.0,0.0,0.183262843933662,0.0,0.0,0.0,0.0,6,38,0.1578947368421052,0.0,9.209944751381215,4.253117875582253,1.361367217649975,0.0,0.1933701657458563,0.0,0.0,0.0,False,False,False,False,True,0.0,LOW,0,0,720.0,0,1,1,2.58,1.34,13.4,0,0,0,0,20.0,6.4,7.45,0,0,0.0,LOW
E000348,U008,2026-03-06 14:12:00,login,,0,0,DEV-036,0,0,,,0,0.0,finance_officer,automated_system,PG4,14.0,0.5,31.97970537386679,12.291267979503491,657.5269825333995,182.8094046151768,2.968570051909785,DEV-036,14,2026-03-06,0.0,0.0,0.0,3.596789694258497,0.0,0.0,0.0,0.0,10,41,0.2439024390243902,0.0,10.228260869565217,4.541498418788599,0.8305054373311569,0.0,0.2608695652173913,0.0,0.0,0.0,False,False,False,False,False,0.0,LOW,0,0,77040.0,0,0,0,0.0,0.0,0.0,0,0,0,0,0.0,0.0,0.0,0,0,0.0,LOW
E000018,U001,2026-03-02 08:14:00,login,,0,0,DEV-028,0,0,,,0,0.0,admin,employee,PG1,8.062526888056667,0.6925205228583835,35.624751670417595,12.364712141640124,338.34974371145563,362.2628486966959,0.2608164978882484,DEV-028,8,2026-03-02,0.0625268880566665,0.0902888593085824,0.0,0.9339896291566416,0.0,0.0,0.0,0.0,10,37,0.2702702702702703,0.0,8.972677595628415,4.294683263006742,0.2264841284121697,0.0,0.273224043715847,0.0,0.0,0.0,False,False,False,False,False,0.0,LOW,0,0,999999.0,0,0,0,0.0,0.0,0.0,0,0,0,0,0.0,0.0,0.0,0,0,0.0,LOW
E000644,U010,2026-03-10 13:39:00,file_access,RES-004,1,5,DEV-017,0,0,,,0,0.0,manager,automated_system,PG2,14.0,0.5,42.02745165589346,11.5543866529488,197.8159505303321,370.0916564091903,1.3765555577621964,DEV-017,13,2026-03-10,1.0,2.0,0.0,0.5345052964707145,0.0,0.0,0.0,0.0,22,38,0.5789473684210527,0.0,9.209944751381215,4.253117875582253,0.8911239611716439,0.0,0.5303867403314917,0.0,0.0,0.0,False,False,True,False,False,0.0,LOW,0,0,2280.0,0,0,0,0.0,0.0,0.0,0,0,0,0,20.0,4.0,4.0,0,0,0.0,LOW
E000654,U010,2026-03-10 15:25:00,transaction,,0,0,DEV-017,0,0,,BEN-015,0,299.17,manager,automated_system,PG2,14.0,0.5,42.02745165589346,11.5543866529488,197.8159505303321,370.0916564091903,1.3765555577621964,DEV-017,15,2026-03-10,1.0,2.0,0.0,0.2738620223245623,0.0,0.0,0.0,0.0,6,38,0.1578947368421052,0.0,9.209944751381215,4.253117875582253,1.361367217649975,0.0,0.1933701657458563,0.0,0.0,0.0,False,False,False,False,True,0.0,LOW,0,0,6360.0,0,0,0,0.0,1.51,15.1,0,0,0,0,20.0,6.26,7.02,0,0,0.0,LOW
E000027,U001,2026-03-02 09:24:00,transaction,,0,0,DEV-028,0,0,,BEN-009,0,559.07,admin,employee,PG1,8.062526888056667,0.6925205228583835,35.624751670417595,12.364712141640124,338.34974371145563,362.2628486966959,0.2608164978882484,DEV-028,9,2026-03-02,0.9374731119433336,1.3537116677407717,0.0,0.6092820643425739,0.0,0.0,0.0,0.0,5,37,0.1351351351351351,0.0,8.972677595628415,4.294683263006742,0.006361913719443,0.0,0.1639344262295081,0.0,0.0,0.0,False,False,False,False,True,0.0,LOW,0,0,4200.0,0,0,0,0.0,1.65,16.5,0,0,0,0,20.0,6.48,7.3,0,0,0.0,LOW
E000733,U010,2026-03-11 15:51:00,file_access,RES-033,0,8,DEV-017,0,0,,,0,0.0,manager,automated_system,PG2,14.0,0.5,42.02745165589346,11.5543866529488,197.8159505303321,370.0916564091903,1.3765555577621964,DEV-017,15,2026-03-11,1.0,2.0,0.0,0.5345052964707145,0.0,0.0,0.0,0.0,22,38,0.5789473684210527,0.0,9.209944751381215,4.253117875582253,1.361367217649975,0.0,0.5303867403314917,0.0,0.0,0.0,False,False,False,False,False,0.0,LOW,0,0,3720.0,0,0,0,0.0,0.0,0.0,0,0,0,0,0.0,0.0,0.0,0,0,0.0,LOW
E000734,U010,2026-03-11 15:59:00,file_access,RES-038,0,4,DEV-017,0,0,,,0,0.0,manager,automated_system,PG2,14.0,0.5,42.02745165589346,11.5543866529488,197.8159505303321,370.0916564091903,1.3765555577621964,DEV-017,15,2026-03-11,1.0,2.0,0.0,0.5345052964707145,0.0,0.0,0.0,0.0,22,38,0.5789473684210527,0.0,9.209944751381215,4.253117875582253,1.361367217649975,0.0,0.5303867403314917,0.0,0.0,0.0,False,False,False,False,False,0.0,LOW,0,0,480.0,0,1,1,2.58,0.0,0.0,0,0,0,0,0.0,0.39,0.77,0,0,0.0,LOW
E000110,U011,2026-03-03 09:29:00,login,,0,0,DEV-009,0,0,,,0,0.0,admin,employee,PG3,8.61656876923496,0.8929576939142055,38.391912596605465,10.845859902235404,448.9114418012385,189.79017679913903,0.65796227747185,DEV-009,9,2026-03-03,0.3834312307650407,0.4293946212438149,0.0,2.365303881224241,0.0,0.0,0.0,0.0,9,32,0.28125,0.0,7.707446808510638,4.872112925153142,0.2652962300640299,0.0,0.2606382978723404,0.0,0.0,0.0,False,False,False,False,False,0.0,LOW,0,0,999999.0,0,0,0,0.0,0.0,0.0,0,0,0,0,0.0,0.0,0.0,0,0,0.0,LOW
E000113,U011,2026-03-03 09:37:00,file_access,RES-004,1,16,DEV-009,0,0,,,0,0.0,admin,employee,PG3,8.61656876923496,0.8929576939142055,38.391912596605465,10.845859902235404,448.9114418012385,189.79017679913903,0.65796227747185,DEV-009,9,2026-03-03,0.3834312307650407,0.4293946212438149,0.0,2.365303881224241,0.0,0.0,0.0,0.0,21,32,0.65625,0.0,7.707446808510638,4.872112925153142,0.2652962300640299,0.0,0.526595744680851,0.0,0.0,0.0,False,False,True,False,False,0.0,LOW,0,0,480.0,0,1,1,2.58,0.0,0.0,0,0,0,0,20.0,4.39,4.77,0,0,0.0,LOW
E000126,U011,2026-03-03 11:01:00,file_access,RES-007,1,16,DEV-009,0,0,,,0,0.0,admin,employee,PG3,8.61656876923496,0.8929576939142055,38.391912596605465,10.845859902235404,448.9114418012385,189.79017679913903,0.65796227747185,DEV-009,11,2026-03-03,2.3834312307650407,2.6691423871577484,0.0,2.365303881224241,0.0,0.0,0.0,0.0,21,32,0.65625,0.0,7.707446808510638,4.872112925153142,0.6757957465417058,0.0,0.526595744680851,0.0,0.0,0.0,False,False,True,False,False,0.0,LOW,0,0,5040.0,0,0,0,0.0,0.0,0.0,0,0,0,0,20.0,4.0,4.0,0,0,0.0,LOW
E000129,U011,2026-03-03 11:22:00,file_access,RES-026,0,14,DEV-009,0,0,,,0,0.0,admin,employee,PG3,8.61656876923496,0.8929576939142055,38.391912596605465,10.845859902235404,448.9114418012385,189.79017679913903,0.65796227747185,DEV-009,11,2026-03-03,2.3834312307650407,2.6691423871577484,0.0,2.365303881224241,0.0,0.0,0.0,0.0,21,32,0.65625,0.0,7.707446808510638,4.872112925153142,0.6757957465417058,0.0,0.526595744680851,0.0,0.0,0.0,False,False,False,False,False,0.0,LOW,0,0,1260.0,0,0,1,0.83,0.0,0.0,0,0,0,0,0.0,0.12,0.25,0,0,0.0,LOW
E000037,U001,2026-03-02 10:14:00,file_access,RES-003,1,11,DEV-028,0,0,,,0,0.0,admin,employee,PG1,8.062526888056667,0.6925205228583835,35.624751670417595,12.364712141640124,338.34974371145563,362.2628486966959,0.2608164978882484,DEV-028,10,2026-03-02,1.9374731119433333,2.7977121947901256,0.0,0.9339896291566416,0.0,0.0,0.0,0.0,20,37,0.5405405405405406,0.0,8.972677595628415,4.294683263006742,0.2392079558510558,0.0,0.5519125683060109,0.0,0.0,0.0,False,False,True,False,False,0.0,LOW,0,0,3000.0,0,0,0,0.0,0.0,0.0,0,0,0,0,20.0,4.0,4.0,0,0,0.0,LOW
E000179,U011,2026-03-04 08:43:00,file_access,RES-039,0,5,DEV-009,0,0,,,0,0.0,admin,employee,PG3,8.61656876923496,0.8929576939142055,38.391912596605465,10.845859902235404,448.9114418012385,189.79017679913903,0.65796227747185,DEV-009,8,2026-03-04,0.6165687692349593,0.6904792617131519,0.0,2.365303881224241,0.0,0.0,0.0,0.0,21,32,0.65625,0.0,7.707446808510638,4.872112925153142,0.060046471825192,0.0,0.526595744680851,0.0,0.0,0.0,False,False,False,False,False,0.0,LOW,0,0,2760.0,0,0,0,0.0,0.0,0.0,0,0,0,0,0.0,0.0,0.0,0,0,0.0,LOW
E000100,U001,2026-03-03 08:59:00,login,,0,0,DEV-028,0,0,,,0,0.0,admin,employee,PG1,8.062526888056667,0.6925205228583835,35.624751670417595,12.364712141640124,338.34974371145563,362.2628486966959,0.2608164978882484,DEV-028,8,2026-03-03,0.0625268880566665,0.0902888593085824,0.0,0.9339896291566416,0.0,0.0,0.0,0.0,10,37,0.2702702702702703,0.0,8.972677595628415,4.294683263006742,0.2264841284121697,0.0,0.273224043715847,0.0,0.0,0.0,False,False,False,False,False,0.0,LOW,0,0,81900.0,0,0,0,0.0,0.0,0.0,0,0,0,0,0.0,0.0,0.0,0,0,0.0,LOW
E000108,U001,2026-03-03 09:28:00,file_access,RES-007,1,4,DEV-028,0,0,,,0,0.0,admin,employee,PG1,8.062526888056667,0.6925205228583835,35.624751670417595,12.364712141640124,338.34974371145563,362.2628486966959,0.2608164978882484,DEV-028,9,2026-03-03,0.9374731119433336,1.3537116677407717,0.0,0.9339896291566416,0.0,0.0,0.0,0.0,20,37,0.5405405405405406,0.0,8.972677595628415,4.294683263006742,0.006361913719443,0.0,0.5519125683060109,0.0,0.0,0.0,False,False,True,False,False,0.0,LOW,0,0,1740.0,0,0,1,0.83,0.0,0.0,0,0,0,0,20.0,4.12,4.25,0,0,0.0,LOW
E000248,U011,2026-03-05 08:20:00,file_access,RES-030,0,17,DEV-009,0,0,,,0,0.0,admin,employee,PG3,8.61656876923496,0.8929576939142055,38.391912596605465,10.845859902235404,448.9114418012385,189.79017679913903,0.65796227747185,DEV-009,8,2026-03-05,0.6165687692349593,0.6904792617131519,0.0,2.365303881224241,0.0,0.0,0.0,0.0,21,32,0.65625,0.0,7.707446808510638,4.872112925153142,0.060046471825192,0.0,0.526595744680851,0.0,0.0,0.0,False,False,False,False,False,0.0,LOW,0,0,2520.0,0,0,0,0.0,0.0,0.0,0,0,0,0,0.0,0.0,0.0,0,0,0.0,LOW
E000250,U011,2026-03-05 09:00:00,file_access,RES-028,0,4,DEV-009,0,0,,,0,0.0,admin,employee,PG3,8.61656876923496,0.8929576939142055,38.391912596605465,10.845859902235404,448.9114418012385,189.79017679913903,0.65796227747185,DEV-009,9,2026-03-05,0.3834312307650407,0.4293946212438149,0.0,2.365303881224241,0.0,0.0,0.0,0.0,21,32,0.65625,0.0,7.707446808510638,4.872112925153142,0.2652962300640299,0.0,0.526595744680851,0.0,0.0,0.0,False,False,False,False,False,0.0,LOW,0,0,2400.0,0,0,0,0.0,0.0,0.0,0,0,0,0,0.0,0.0,0.0,0,0,0.0,LOW
E000253,U011,2026-03-05 09:24:00,file_access,RES-045,0,4,DEV-009,0,0,,,0,0.0,admin,employee,PG3,8.61656876923496,0.8929576939142055,38.391912596605465,10.845859902235404,448.9114418012385,189.79017679913903,0.65796227747185,DEV-009,9,2026-03-05,0.3834312307650407,0.4293946212438149,0.0,2.365303881224241,0.0,0.0,0.0,0.0,21,32,0.65625,0.0,7.707446808510638,4.872112925153142,0.2652962300640299,0.0,0.526595744680851,0.0,0.0,0.0,False,False,False,False,False,0.0,LOW,0,0,1440.0,0,0,1,0.83,0.0,0.0,0,0,0,0,0.0,0.12,0.25,0,0,0.0,LOW
E000316,U011,2026-03-06 08:13:00,login,,0,0,DEV-009,0,0,,,0,0.0,admin,employee,PG3,8.61656876923496,0.8929576939142055,38.391912596605465,10.845859902235404,448.9114418012385,189.79017679913903,0.65796227747185,DEV-009,8,2026-03-06,0.6165687692349593,0.6904792617131519,0.0,2.365303881224241,0.0,0.0,0.0,0.0,9,32,0.28125,0.0,7.707446808510638,4.872112925153142,0.060046471825192,0.0,0.2606382978723404,0.0,0.0,0.0,False,False,False,False,False,0.0,LOW,0,0,82140.0,0,0,0,0.0,0.0,0.0,0,0,0,0,0.0,0.0,0.0,0,0,0.0,LOW
E000320,U011,2026-03-06 09:10:00,file_access,RES-022,0,15,DEV-009,0,0,,,0,0.0,admin,employee,PG3,8.61656876923496,0.8929576939142055,38.391912596605465,10.845859902235404,448.9114418012385,189.79017679913903,0.65796227747185,DEV-009,9,2026-03-06,0.3834312307650407,0.4293946212438149,0.0,2.365303881224241,0.0,0.0,0.0,0.0,21,32,0.65625,0.0,7.707446808510638,4.872112925153142,0.2652962300640299,0.0,0.526595744680851,0.0,0.0,0.0,False,False,False,False,False,0.0,LOW,0,0,3420.0,0,0,0,0.0,0.0,0.0,0,0,0,0,0.0,0.0,0.0,0,0,0.0,LOW
E000321,U011,2026-03-06 09:15:00,file_access,RES-057,0,8,DEV-009,0,0,,,0,0.0,admin,employee,PG3,8.61656876923496,0.8929576939142055,38.391912596605465,10.845859902235404,448.9114418012385,189.79017679913903,0.65796227747185,DEV-009,9,2026-03-06,0.3834312307650407,0.4293946212438149,0.0,2.365303881224241,0.0,0.0,0.0,0.0,21,32,0.65625,0.0,7.707446808510638,4.872112925153142,0.2652962300640299,0.0,0.526595744680851,0.0,0.0,0.0,False,False,False,False,False,0.0,LOW,0,0,300.0,1,1,1,6.58,0.0,0.0,0,0,0,0,0.0,0.99,1.97,0,0,0.0,LOW
E000121,U001,2026-03-03 10:17:00,file_access,RES-031,0,8,DEV-028,0,0,,,0,0.0,admin,employee,PG1,8.062526888056667,0.6925205228583835,35.624751670417595,12.364712141640124,338.34974371145563,362.2628486966959,0.2608164978882484,DEV-028,10,2026-03-03,1.9374731119433333,2.7977121947901256,0.0,0.9339896291566416,0.0,0.0,0.0,0.0,20,37,0.5405405405405406,0.0,8.972677595628415,4.294683263006742,0.2392079558510558,0.0,0.5519125683060109,0.0,0.0,0.0,False,False,False,False,False,0.0,LOW,0,0,2940.0,0,0,0,0.0,0.0,0.0,0,0,0,0,0.0,0.0,0.0,0,0,0.0,LOW
E000382,U011,2026-03-07 08:09:00,login,,0,0,DEV-009,0,0,,,0,0.0,admin,employee,PG3,8.61656876923496,0.8929576939142055,38.391912596605465,10.845859902235404,448.9114418012385,189.79017679913903,0.65796227747185,DEV-009,8,2026-03-07,0.6165687692349593,0.6904792617131519,0.0,2.365303881224241,0.0,0.0,0.0,0.0,9,32,0.28125,0.0,7.707446808510638,4.872112925153142,0.060046471825192,0.0,0.2606382978723404,0.0,0.0,0.0,False,False,False,False,False,0.0,LOW,0,1,74400.0,0,0,0,0.0,0.0,0.0,0,0,0,0,0.0,0.0,0.0,0,0,0.0,LOW
E000390,U011,2026-03-07 09:09:00,file_access,RES-007,1,12,DEV-009,0,0,,,0,0.0,admin,employee,PG3,8.61656876923496,0.8929576939142055,38.391912596605465,10.845859902235404,448.9114418012385,189.79017679913903,0.65796227747185,DEV-009,9,2026-03-07,0.3834312307650407,0.4293946212438149,0.0,2.365303881224241,0.0,0.0,0.0,0.0,21,32,0.65625,0.0,7.707446808510638,4.872112925153142,0.2652962300640299,0.0,0.526595744680851,0.0,0.0,0.0,False,False,True,False,False,0.0,LOW,0,1,3600.0,0,0,0,0.0,0.0,0.0,0,0,0,0,20.0,4.0,4.0,0,0,0.0,LOW
E000391,U011,2026-03-07 09:14:00,file_access,RES-005,1,3,DEV-009,0,0,,,0,0.0,admin,employee,PG3,8.61656876923496,0.8929576939142055,38.391912596605465,10.845859902235404,448.9114418012385,189.79017679913903,0.65796227747185,DEV-009,9,2026-03-07,0.3834312307650407,0.4293946212438149,0.0,2.365303881224241,0.0,0.0,0.0,0.0,21,32,0.65625,0.0,7.707446808510638,4.872112925153142,0.2652962300640299,0.0,0.526595744680851,0.0,0.0,0.0,False,False,True,False,False,0.0,LOW,0,1,300.0,1,1,1,6.58,0.0,0.0,0,0,0,0,20.0,4.99,5.97,0,0,0.0,LOW
E000401,U011,2026-03-07 10:00:00,file_access,RES-006,1,3,DEV-009,0,0,,,0,0.0,admin,employee,PG3,8.61656876923496,0.8929576939142055,38.391912596605465,10.845859902235404,448.9114418012385,189.79017679913903,0.65796227747185,DEV-009,10,2026-03-07,1.3834312307650407,1.5492685042007817,0.0,2.365303881224241,0.0,0.0,0.0,0.0,21,32,0.65625,0.0,7.707446808510638,4.872112925153142,0.4705459883028679,0.0,0.526595744680851,0.0,0.0,0.0,False,False,True,False,False,0.0,LOW,0,1,2760.0,0,0,0,0.0,0.0,0.0,0,0,0,0,20.0,4.0,4.0,0,0,0.0,LOW
E000471,U011,2026-03-08 09:37:00,login,,0,0,DEV-009,0,0,,,0,0.0,admin,employee,PG3,8.61656876923496,0.8929576939142055,38.391912596605465,10.845859902235404,448.9114418012385,189.79017679913903,0.65796227747185,DEV-009,9,2026-03-08,0.3834312307650407,0.4293946212438149,0.0,2.365303881224241,0.0,0.0,0.0,0.0,9,32,0.28125,0.0,7.707446808510638,4.872112925153142,0.2652962300640299,0.0,0.2606382978723404,0.0,0.0,0.0,False,False,False,False,False,0.0,LOW,0,1,85020.0,0,0,0,0.0,0.0,0.0,0,0,0,0,0.0,0.0,0.0,0,0,0.0,LOW
E000478,U011,2026-03-08 10:34:00,file_access,RES-023,0,14,DEV-009,0,0,,,0,0.0,admin,employee,PG3,8.61656876923496,0.8929576939142055,38.391912596605465,10.845859902235404,448.9114418012385,189.79017679913903,0.65796227747185,DEV-009,10,2026-03-08,1.3834312307650407,1.5492685042007817,0.0,2.365303881224241,0.0,0.0,0.0,0.0,21,32,0.65625,0.0,7.707446808510638,4.872112925153142,0.4705459883028679,0.0,0.526595744680851,0.0,0.0,0.0,False,False,False,False,False,0.0,LOW,0,1,3420.0,0,0,0,0.0,0.0,0.0,0,0,0,0,0.0,0.0,0.0,0,0,0.0,LOW
E000481,U011,2026-03-08 10:53:00,file_access,RES-022,0,4,DEV-009,0,0,,,0,0.0,admin,employee,PG3,8.61656876923496,0.8929576939142055,38.391912596605465,10.845859902235404,448.9114418012385,189.79017679913903,0.65796227747185,DEV-009,10,2026-03-08,1.3834312307650407,1.5492685042007817,0.0,2.365303881224241,0.0,0.0,0.0,0.0,21,32,0.65625,0.0,7.707446808510638,4.872112925153142,0.4705459883028679,0.0,0.526595744680851,0.0,0.0,0.0,False,False,False,False,False,0.0,LOW,0,1,1140.0,0,0,1,0.83,0.0,0.0,0,0,0,0,0.0,0.12,0.25,0,0,0.0,LOW
E000487,U011,2026-03-08 11:33:00,file_access,RES-059,0,2,DEV-009,0,0,,,0,0.0,admin,employee,PG3,8.61656876923496,0.8929576939142055,38.391912596605465,10.845859902235404,448.9114418012385,189.79017679913903,0.65796227747185,DEV-009,11,2026-03-08,2.3834312307650407,2.6691423871577484,0.0,2.365303881224241,0.0,0.0,0.0,0.0,21,32,0.65625,0.0,7.707446808510638,4.872112925153142,0.6757957465417058,0.0,0.526595744680851,0.0,0.0,0.0,False,False,False,False,False,0.0,LOW,0,1,2400.0,0,0,0,0.0,0.0,0.0,0,0,0,0,0.0,0.0,0.0,0,0,0.0,LOW
E000122,U001,2026-03-03 10:44:00,file_access,RES-031,0,14,DEV-028,0,0,,,0,0.0,admin,employee,PG1,8.062526888056667,0.6925205228583835,35.624751670417595,12.364712141640124,338.34974371145563,362.2628486966959,0.2608164978882484,DEV-028,10,2026-03-03,1.9374731119433333,2.7977121947901256,0.0,0.9339896291566416,0.0,0.0,0.0,0.0,20,37,0.5405405405405406,0.0,8.972677595628415,4.294683263006742,0.2392079558510558,0.0,0.5519125683060109,0.0,0.0,0.0,False,False,False,False,False,0.0,LOW,0,0,1620.0,0,0,1,0.83,0.0,0.0,0,0,0,0,0.0,0.12,0.25,0,0,0.0,LOW
E000535,U011,2026-03-09 08:42:00,file_access,RES-031,0,8,DEV-009,0,0,,,0,0.0,admin,employee,PG3,8.61656876923496,0.8929576939142055,38.391912596605465,10.845859902235404,448.9114418012385,189.79017679913903,0.65796227747185,DEV-009,8,2026-03-09,0.6165687692349593,0.6904792617131519,0.0,2.365303881224241,0.0,0.0,0.0,0.0,21,32,0.65625,0.0,7.707446808510638,4.872112925153142,0.060046471825192,0.0,0.526595744680851,0.0,0.0,0.0,False,False,False,False,False,0.0,LOW,0,0,5340.0,0,0,0,0.0,0.0,0.0,0,0,0,0,0.0,0.0,0.0,0,0,0.0,LOW
E000617,U011,2026-03-10 09:35:00,login,,0,0,DEV-009,0,0,,,0,0.0,admin,employee,PG3,8.61656876923496,0.8929576939142055,38.391912596605465,10.845859902235404,448.9114418012385,189.79017679913903,0.65796227747185,DEV-009,9,2026-03-10,0.3834312307650407,0.4293946212438149,0.0,2.365303881224241,0.0,0.0,0.0,0.0,9,32,0.28125,0.0,7.707446808510638,4.872112925153142,0.2652962300640299,0.0,0.2606382978723404,0.0,0.0,0.0,False,False,False,False,False,0.0,LOW,0,0,89580.0,0,0,0,0.0,0.0,0.0,0,0,0,0,0.0,0.0,0.0,0,0,0.0,LOW
E000620,U011,2026-03-10 09:54:00,file_access,RES-049,0,9,DEV-009,0,0,,,0,0.0,admin,employee,PG3,8.61656876923496,0.8929576939142055,38.391912596605465,10.845859902235404,448.9114418012385,189.79017679913903,0.65796227747185,DEV-009,9,2026-03-10,0.3834312307650407,0.4293946212438149,0.0,2.365303881224241,0.0,0.0,0.0,0.0,21,32,0.65625,0.0,7.707446808510638,4.872112925153142,0.2652962300640299,0.0,0.526595744680851,0.0,0.0,0.0,False,False,False,False,False,0.0,LOW,0,0,1140.0,0,0,1,0.83,0.0,0.0,0,0,0,0,0.0,0.12,0.25,0,0,0.0,LOW
E000631,U011,2026-03-10 10:53:00,file_access,RES-015,0,14,DEV-009,0,0,,,0,0.0,admin,employee,PG3,8.61656876923496,0.8929576939142055,38.391912596605465,10.845859902235404,448.9114418012385,189.79017679913903,0.65796227747185,DEV-009,10,2026-03-10,1.3834312307650407,1.5492685042007817,0.0,2.365303881224241,0.0,0.0,0.0,0.0,21,32,0.65625,0.0,7.707446808510638,4.872112925153142,0.4705459883028679,0.0,0.526595744680851,0.0,0.0,0.0,False,False,False,False,False,0.0,LOW,0,0,3540.0,0,0,0,0.0,0.0,0.0,0,0,0,0,0.0,0.0,0.0,0,0,0.0,LOW
E000689,U011,2026-03-11 09:41:00,login,,0,0,DEV-009,0,0,,,0,0.0,admin,employee,PG3,8.61656876923496,0.8929576939142055,38.391912596605465,10.845859902235404,448.9114418012385,189.79017679913903,0.65796227747185,DEV-009,9,2026-03-11,0.3834312307650407,0.4293946212438149,0.0,2.365303881224241,0.0,0.0,0.0,0.0,9,32,0.28125,0.0,7.707446808510638,4.872112925153142,0.2652962300640299,0.0,0.2606382978723404,0.0,0.0,0.0,False,False,False,False,False,0.0,LOW,0,0,82080.0,0,0,0,0.0,0.0,0.0,0,0,0,0,0.0,0.0,0.0,0,0,0.0,LOW
E000690,U011,2026-03-11 09:49:00,file_access,RES-039,0,9,DEV-009,0,0,,,0,0.0,admin,employee,PG3,8.61656876923496,0.8929576939142055,38.391912596605465,10.845859902235404,448.9114418012385,189.79017679913903,0.65796227747185,DEV-009,9,2026-03-11,0.3834312307650407,0.4293946212438149,0.0,2.365303881224241,0.0,0.0,0.0,0.0,21,32,0.65625,0.0,7.707446808510638,4.872112925153142,0.2652962300640299,0.0,0.526595744680851,0.0,0.0,0.0,False,False,False,False,False,0.0,LOW,0,0,480.0,0,1,1,2.58,0.0,0.0,0,0,0,0,0.0,0.39,0.77,0,0,0.0,LOW
E000691,U011,2026-03-11 09:49:00,file_access,RES-012,0,9,DEV-009,0,0,,,0,0.0,admin,employee,PG3,8.61656876923496,0.8929576939142055,38.391912596605465,10.845859902235404,448.9114418012385,189.79017679913903,0.65796227747185,DEV-009,9,2026-03-11,0.3834312307650407,0.4293946212438149,0.0,2.365303881224241,0.0,0.0,0.0,0.0,21,32,0.65625,0.0,7.707446808510638,4.872112925153142,0.2652962300640299,0.0,0.526595744680851,0.0,0.0,0.0,False,False,False,False,False,0.0,LOW,0,0,0.0,0,1,1,2.58,0.0,0.0,0,0,0,0,0.0,0.39,0.77,0,0,0.0,LOW
E000713,U011,2026-03-11 11:15:00,file_access,RES-049,0,10,DEV-009,0,0,,,0,0.0,admin,employee,PG3,8.61656876923496,0.8929576939142055,38.391912596605465,10.845859902235404,448.9114418012385,189.79017679913903,0.65796227747185,DEV-009,11,2026-03-11,2.3834312307650407,2.6691423871577484,0.0,2.365303881224241,0.0,0.0,0.0,0.0,21,32,0.65625,0.0,7.707446808510638,4.872112925153142,0.6757957465417058,0.0,0.526595744680851,0.0,0.0,0.0,False,False,False,False,False,0.0,LOW,0,0,5160.0,0,0,0,0.0,0.0,0.0,0,0,0,0,0.0,0.0,0.0,0,0,0.0,LOW
E000177,U001,2026-03-04 08:26:00,login,,0,0,DEV-028,0,0,,,0,0.0,admin,employee,PG1,8.062526888056667,0.6925205228583835,35.624751670417595,12.364712141640124,338.34974371145563,362.2628486966959,0.2608164978882484,DEV-028,8,2026-03-04,0.0625268880566665,0.0902888593085824,0.0,0.9339896291566416,0.0,0.0,0.0,0.0,10,37,0.2702702702702703,0.0,8.972677595628415,4.294683263006742,0.2264841284121697,0.0,0.273224043715847,0.0,0.0,0.0,False,False,False,False,False,0.0,LOW,0,0,78120.0,0,0,0,0.0,0.0,0.0,0,0,0,0,0.0,0.0,0.0,0,0,0.0,LOW
E000009,U012,2026-03-02 02:50:00,file_access,RES-056,0,5,DEV-028,0,0,,,0,0.0,finance_officer,automated_system,PG4,3.0,0.5,26.36365885216557,5.471163754247346,507.0175649818456,269.6061145960815,2.3762380930888924,DEV-028,2,2026-03-02,1.0,2.0,0.0,1.8805862980572572,0.0,0.0,0.0,0.0,22,42,0.5238095238095238,0.0,10.228260869565217,4.541498418788599,1.811794282592754,0.0,0.4945652173913043,0.0,0.0,0.0,False,False,False,False,False,0.0,LOW,1,0,1680.0,0,0,1,0.83,0.0,0.0,0,0,0,0,0.0,0.12,15.25,0,0,0.0,LOW
E000186,U001,2026-03-04 09:57:00,file_access,RES-042,0,4,DEV-028,0,0,,,0,0.0,admin,employee,PG1,8.062526888056667,0.6925205228583835,35.624751670417595,12.364712141640124,338.34974371145563,362.2628486966959,0.2608164978882484,DEV-028,9,2026-03-04,0.9374731119433336,1.3537116677407717,0.0,0.9339896291566416,0.0,0.0,0.0,0.0,20,37,0.5405405405405406,0.0,8.972677595628415,4.294683263006742,0.006361913719443,0.0,0.5519125683060109,0.0,0.0,0.0,False,False,False,False,False,0.0,LOW,0,0,5460.0,0,0,0,0.0,0.0,0.0,0,0,0,0,0.0,0.0,0.0,0,0,0.0,LOW
E000191,U001,2026-03-04 10:21:00,file_access,RES-047,0,2,DEV-028,0,0,,,0,0.0,admin,employee,PG1,8.062526888056667,0.6925205228583835,35.624751670417595,12.364712141640124,338.34974371145563,362.2628486966959,0.2608164978882484,DEV-028,10,2026-03-04,1.9374731119433333,2.7977121947901256,0.0,0.9339896291566416,0.0,0.0,0.0,0.0,20,37,0.5405405405405406,0.0,8.972677595628415,4.294683263006742,0.2392079558510558,0.0,0.5519125683060109,0.0,0.0,0.0,False,False,False,False,False,0.0,LOW,0,0,1440.0,0,0,1,0.83,0.0,0.0,0,0,0,0,0.0,0.12,0.25,0,0,0.0,LOW
E000082,U012,2026-03-03 03:30:00,file_access,RES-024,0,10,DEV-028,0,0,,,0,0.0,finance_officer,automated_system,PG4,3.0,0.5,26.36365885216557,5.471163754247346,507.0175649818456,269.6061145960815,2.3762380930888924,DEV-028,3,2026-03-03,0.0,0.0,0.0,1.8805862980572572,0.0,0.0,0.0,0.0,22,42,0.5238095238095238,0.0,10.228260869565217,4.541498418788599,1.5916026392657614,0.0,0.4945652173913043,0.0,0.0,0.0,False,False,False,False,False,0.0,LOW,1,0,1500.0,0,0,1,0.83,0.0,0.0,0,0,0,0,0.0,0.12,15.25,0,0,0.0,LOW
E000090,U012,2026-03-03 04:03:00,file_access,RES-030,0,11,DEV-028,0,0,,,0,0.0,finance_officer,automated_system,PG4,3.0,0.5,26.36365885216557,5.471163754247346,507.0175649818456,269.6061145960815,2.3762380930888924,DEV-028,4,2026-03-03,1.0,2.0,0.0,1.8805862980572572,0.0,0.0,0.0,0.0,22,42,0.5238095238095238,0.0,10.228260869565217,4.541498418788599,1.3714109959387688,0.0,0.4945652173913043,0.0,0.0,0.0,False,False,False,False,False,0.0,LOW,1,0,1980.0,0,0,0,0.0,0.0,0.0,0,0,0,0,0.0,0.0,15.0,0,0,0.0,LOW
E000091,U012,2026-03-03 04:17:00,file_access,RES-014,0,13,DEV-028,0,0,,,0,0.0,finance_officer,automated_system,PG4,3.0,0.5,26.36365885216557,5.471163754247346,507.0175649818456,269.6061145960815,2.3762380930888924,DEV-028,4,2026-03-03,1.0,2.0,0.0,1.8805862980572572,0.0,0.0,0.0,0.0,22,42,0.5238095238095238,0.0,10.228260869565217,4.541498418788599,1.3714109959387688,0.0,0.4945652173913043,0.0,0.0,0.0,False,False,False,False,False,0.0,LOW,1,0,840.0,0,1,1,2.58,0.0,0.0,0,0,0,0,0.0,0.39,15.77,0,0,0.0,LOW
E000200,U001,2026-03-04 11:42:00,transaction,,0,0,DEV-028,0,0,,BEN-008,0,0.0,admin,employee,PG1,8.062526888056667,0.6925205228583835,35.624751670417595,12.364712141640124,338.34974371145563,362.2628486966959,0.2608164978882484,DEV-028,11,2026-03-04,2.937473111943333,4.24171272183948,0.0,0.9339896291566416,0.0,0.0,0.0,0.0,5,37,0.1351351351351351,0.0,8.972677595628415,4.294683263006742,0.4720539979826685,0.0,0.1639344262295081,0.0,0.0,0.0,False,False,False,False,False,0.0,LOW,0,0,4860.0,0,0,0,0.0,0.0,0.0,0,0,0,0,0.0,0.0,0.0,0,0,0.0,LOW
E000258,U001,2026-03-05 09:56:00,file_access,RES-028,0,6,DEV-028,0,0,,,0,0.0,admin,employee,PG1,8.062526888056667,0.6925205228583835,35.624751670417595,12.364712141640124,338.34974371145563,362.2628486966959,0.2608164978882484,DEV-028,9,2026-03-05,0.9374731119433336,1.3537116677407717,0.0,0.9339896291566416,0.0,0.0,0.0,0.0,20,37,0.5405405405405406,0.0,8.972677595628415,4.294683263006742,0.006361913719443,0.0,0.5519125683060109,0.0,0.0,0.0,False,False,False,False,False,0.0,LOW,0,0,1320.0,0,0,1,0.83,0.0,0.0,0,0,0,0,0.0,0.12,0.25,0,0,0.0,LOW
E000167,U012,2026-03-04 02:21:00,file_access,RES-044,0,3,DEV-028,0,0,,,0,0.0,finance_officer,automated_system,PG4,3.0,0.5,26.36365885216557,5.471163754247346,507.0175649818456,269.6061145960815,2.3762380930888924,DEV-028,2,2026-03-04,1.0,2.0,0.0,1.8805862980572572,0.0,0.0,0.0,0.0,22,42,0.5238095238095238,0.0,10.228260869565217,4.541498418788599,1.811794282592754,0.0,0.4945652173913043,0.0,0.0,0.0,False,False,False,False,False,0.0,LOW,1,0,660.0,0,1,1,2.58,0.0,0.0,0,0,0,0,0.0,0.39,15.77,0,0,0.0,LOW
E000168,U012,2026-03-04 02:49:00,file_access,RES-029,0,14,DEV-028,0,0,,,0,0.0,finance_officer,automated_system,PG4,3.0,0.5,26.36365885216557,5.471163754247346,507.0175649818456,269.6061145960815,2.3762380930888924,DEV-028,2,2026-03-04,1.0,2.0,0.0,1.8805862980572572,0.0,0.0,0.0,0.0,22,42,0.5238095238095238,0.0,10.228260869565217,4.541498418788599,1.811794282592754,0.0,0.4945652173913043,0.0,0.0,0.0,False,False,False,False,False,0.0,LOW,1,0,1680.0,0,0,1,0.83,0.0,0.0,0,0,0,0,0.0,0.12,15.25,0,0,0.0,LOW
E000169,U012,2026-03-04 03:15:00,transaction,,0,0,DEV-028,0,0,,BEN-014,0,511.13,finance_officer,automated_system,PG4,3.0,0.5,26.36365885216557,5.471163754247346,507.0175649818456,269.6061145960815,2.3762380930888924,DEV-028,3,2026-03-04,0.0,0.0,0.0,0.0152534931350334,0.0,0.0,0.0,0.0,10,42,0.238095238095238,0.0,10.228260869565217,4.541498418788599,1.5916026392657614,0.0,0.2445652173913043,0.0,0.0,0.0,False,False,False,False,True,0.0,LOW,1,0,1560.0,0,0,1,0.83,1.01,10.1,0,0,0,0,20.0,5.64,21.27,0,0,0.0,LOW
E000170,U012,2026-03-04 03:17:00,file_access,RES-039,0,15,DEV-028,0,0,,,0,0.0,finance_officer,automated_system,PG4,3.0,0.5,26.36365885216557,5.471163754247346,507.0175649818456,269.6061145960815,2.3762380930888924,DEV-028,3,2026-03-04,0.0,0.0,0.0,1.8805862980572572,0.0,0.0,0.0,0.0,22,42,0.5238095238095238,0.0,10.228260869565217,4.541498418788599,1.5916026392657614,0.0,0.4945652173913043,0.0,0.0,0.0,False,False,False,False,False,0.0,LOW,1,0,120.0,1,1,2,7.42,0.0,0.0,0,0,0,0,0.0,1.11,17.23,0,0,0.0,LOW
E000260,U001,2026-03-05 10:14:00,file_access,RES-030,0,8,DEV-028,0,0,,,0,0.0,admin,employee,PG1,8.062526888056667,0.6925205228583835,35.624751670417595,12.364712141640124,338.34974371145563,362.2628486966959,0.2608164978882484,DEV-028,10,2026-03-05,1.9374731119433333,2.7977121947901256,0.0,0.9339896291566416,0.0,0.0,0.0,0.0,20,37,0.5405405405405406,0.0,8.972677595628415,4.294683263006742,0.2392079558510558,0.0,0.5519125683060109,0.0,0.0,0.0,False,False,False,False,False,0.0,LOW,0,0,1080.0,0,0,1,0.83,0.0,0.0,0,0,0,0,0.0,0.12,0.25,0,0,0.0,LOW
E000235,U012,2026-03-05 03:14:00,file_access,RES-034,0,10,DEV-028,0,0,,,0,0.0,finance_officer,automated_system,PG4,3.0,0.5,26.36365885216557,5.471163754247346,507.0175649818456,269.6061145960815,2.3762380930888924,DEV-028,3,2026-03-05,0.0,0.0,0.0,1.8805862980572572,0.0,0.0,0.0,0.0,22,42,0.5238095238095238,0.0,10.228260869565217,4.541498418788599,1.5916026392657614,0.0,0.4945652173913043,0.0,0.0,0.0,False,False,False,False,False,0.0,LOW,1,0,4020.0,0,0,0,0.0,0.0,0.0,0,0,0,0,0.0,0.0,15.0,0,0,0.0,LOW
E000238,U012,2026-03-05 03:38:00,file_access,RES-044,0,19,DEV-028,0,0,,,0,0.0,finance_officer,automated_system,PG4,3.0,0.5,26.36365885216557,5.471163754247346,507.0175649818456,269.6061145960815,2.3762380930888924,DEV-028,3,2026-03-05,0.0,0.0,0.0,1.8805862980572572,0.0,0.0,0.0,0.0,22,42,0.5238095238095238,0.0,10.228260869565217,4.541498418788599,1.5916026392657614,0.0,0.4945652173913043,0.0,0.0,0.0,False,False,False,False,False,0.0,LOW,1,0,1440.0,0,0,1,0.83,0.0,0.0,0,0,0,0,0.0,0.12,15.25,0,0,0.0,LOW
E000241,U012,2026-03-05 03:58:00,transaction,,0,0,DEV-028,0,0,,BEN-007,0,597.09,finance_officer,automated_system,PG4,3.0,0.5,26.36365885216557,5.471163754247346,507.0175649818456,269.6061145960815,2.3762380930888924,DEV-028,3,2026-03-05,0.0,0.0,0.0,0.3340889918357346,0.0,0.0,0.0,0.0,10,42,0.238095238095238,0.0,10.228260869565217,4.541498418788599,1.5916026392657614,0.0,0.2445652173913043,0.0,0.0,0.0,False,False,False,False,True,0.0,LOW,1,0,1200.0,0,0,1,0.83,1.18,11.8,0,0,0,0,20.0,5.89,21.61,0,0,0.0,LOW
E000386,U001,2026-03-07 08:41:00,login,,0,0,DEV-028,0,0,,,0,0.0,admin,employee,PG1,8.062526888056667,0.6925205228583835,35.624751670417595,12.364712141640124,338.34974371145563,362.2628486966959,0.2608164978882484,DEV-028,8,2026-03-07,0.0625268880566665,0.0902888593085824,0.0,0.9339896291566416,0.0,0.0,0.0,0.0,10,37,0.2702702702702703,0.0,8.972677595628415,4.294683263006742,0.2264841284121697,0.0,0.273224043715847,0.0,0.0,0.0,False,False,False,False,False,0.0,LOW,0,1,167220.0,0,0,0,0.0,0.0,0.0,0,0,0,0,0.0,0.0,0.0,0,0,0.0,LOW
E000389,U001,2026-03-07 09:07:00,file_access,RES-027,0,16,DEV-028,0,0,,,0,0.0,admin,employee,PG1,8.062526888056667,0.6925205228583835,35.624751670417595,12.364712141640124,338.34974371145563,362.2628486966959,0.2608164978882484,DEV-028,9,2026-03-07,0.9374731119433336,1.3537116677407717,0.0,0.9339896291566416,0.0,0.0,0.0,0.0,20,37,0.5405405405405406,0.0,8.972677595628415,4.294683263006742,0.006361913719443,0.0,0.5519125683060109,0.0,0.0,0.0,False,False,False,False,False,0.0,LOW,0,1,1560.0,0,0,1,0.83,0.0,0.0,0,0,0,0,0.0,0.12,0.25,0,0,0.0,LOW
E000308,U012,2026-03-06 04:02:00,file_access,RES-009,1,9,DEV-028,0,0,,,0,0.0,finance_officer,automated_system,PG4,3.0,0.5,26.36365885216557,5.471163754247346,507.0175649818456,269.6061145960815,2.3762380930888924,DEV-028,4,2026-03-06,1.0,2.0,0.0,1.8805862980572572,0.0,0.0,0.0,0.0,22,42,0.5238095238095238,0.0,10.228260869565217,4.541498418788599,1.3714109959387688,0.0,0.4945652173913043,0.0,0.0,0.0,False,False,True,False,False,0.0,LOW,1,0,3780.0,0,0,0,0.0,0.0,0.0,0,0,0,0,20.0,4.0,19.0,0,0,0.0,LOW
E000406,U001,2026-03-07 10:22:00,file_access,RES-055,0,8,DEV-028,0,0,,,0,0.0,admin,employee,PG1,8.062526888056667,0.6925205228583835,35.624751670417595,12.364712141640124,338.34974371145563,362.2628486966959,0.2608164978882484,DEV-028,10,2026-03-07,1.9374731119433333,2.7977121947901256,0.0,0.9339896291566416,0.0,0.0,0.0,0.0,20,37,0.5405405405405406,0.0,8.972677595628415,4.294683263006742,0.2392079558510558,0.0,0.5519125683060109,0.0,0.0,0.0,False,False,False,False,False,0.0,LOW,0,1,4500.0,0,0,0,0.0,0.0,0.0,0,0,0,0,0.0,0.0,0.0,0,0,0.0,LOW
E000379,U012,2026-03-07 04:17:00,file_access,RES-036,0,12,DEV-028,0,0,,,0,0.0,finance_officer,automated_system,PG4,3.0,0.5,26.36365885216557,5.471163754247346,507.0175649818456,269.6061145960815,2.3762380930888924,DEV-028,4,2026-03-07,1.0,2.0,0.0,1.8805862980572572,0.0,0.0,0.0,0.0,22,42,0.5238095238095238,0.0,10.228260869565217,4.541498418788599,1.3714109959387688,0.0,0.4945652173913043,0.0,0.0,0.0,False,False,False,False,False,0.0,LOW,1,1,4140.0,0,0,0,0.0,0.0,0.0,0,0,0,0,0.0,0.0,15.0,0,0,0.0,LOW
E000380,U012,2026-03-07 04:21:00,file_access,RES-046,0,8,DEV-028,0,0,,,0,0.0,finance_officer,automated_system,PG4,3.0,0.5,26.36365885216557,5.471163754247346,507.0175649818456,269.6061145960815,2.3762380930888924,DEV-028,4,2026-03-07,1.0,2.0,0.0,1.8805862980572572,0.0,0.0,0.0,0.0,22,42,0.5238095238095238,0.0,10.228260869565217,4.541498418788599,1.3714109959387688,0.0,0.4945652173913043,0.0,0.0,0.0,False,False,False,False,False,0.0,LOW,1,1,240.0,1,1,1,6.58,0.0,0.0,0,0,0,0,0.0,0.99,16.97,0,0,0.0,LOW
E000381,U012,2026-03-07 06:27:00,transaction,,0,0,DEV-028,0,0,,BEN-003,0,557.62,finance_officer,automated_system,PG4,3.0,0.5,26.36365885216557,5.471163754247346,507.0175649818456,269.6061145960815,2.3762380930888924,DEV-028,6,2026-03-07,3.0,6.0,0.0,0.187690235045173,0.0,0.0,0.0,0.0,10,42,0.238095238095238,0.0,10.228260869565217,4.541498418788599,0.9310277092847836,0.0,0.2445652173913043,0.0,0.0,0.0,False,False,False,False,True,0.0,LOW,1,1,7560.0,0,0,0,0.0,1.1,11.0,0,0,0,0,20.0,5.65,21.2,0,0,0.0,LOW
E000407,U001,2026-03-07 10:33:00,file_access,RES-001,1,3,DEV-028,0,0,,,0,0.0,admin,employee,PG1,8.062526888056667,0.6925205228583835,35.624751670417595,12.364712141640124,338.34974371145563,362.2628486966959,0.2608164978882484,DEV-028,10,2026-03-07,1.9374731119433333,2.7977121947901256,0.0,0.9339896291566416,0.0,0.0,0.0,0.0,20,37,0.5405405405405406,0.0,8.972677595628415,4.294683263006742,0.2392079558510558,0.0,0.5519125683060109,0.0,0.0,0.0,False,False,True,False,False,0.0,LOW,0,1,660.0,0,1,1,2.58,0.0,0.0,0,0,0,0,20.0,4.39,4.77,0,0,0.0,LOW
E000453,U012,2026-03-08 04:51:00,file_access,RES-046,0,14,DEV-028,0,0,,,0,0.0,finance_officer,automated_system,PG4,3.0,0.5,26.36365885216557,5.471163754247346,507.0175649818456,269.6061145960815,2.3762380930888924,DEV-028,4,2026-03-08,1.0,2.0,0.0,1.8805862980572572,0.0,0.0,0.0,0.0,22,42,0.5238095238095238,0.0,10.228260869565217,4.541498418788599,1.3714109959387688,0.0,0.4945652173913043,0.0,0.0,0.0,False,False,False,False,False,0.0,LOW,1,1,3360.0,0,0,0,0.0,0.0,0.0,0,0,0,0,0.0,0.0,15.0,0,0,0.0,LOW
E000454,U012,2026-03-08 05:13:00,file_access,RES-028,0,19,DEV-028,0,0,,,0,0.0,finance_officer,automated_system,PG4,3.0,0.5,26.36365885216557,5.471163754247346,507.0175649818456,269.6061145960815,2.3762380930888924,DEV-028,5,2026-03-08,2.0,4.0,0.0,1.8805862980572572,0.0,0.0,0.0,0.0,22,42,0.5238095238095238,0.0,10.228260869565217,4.541498418788599,1.1512193526117762,0.0,0.4945652173913043,0.0,0.0,0.0,False,False,False,False,False,0.0,LOW,1,1,1320.0,0,0,1,0.83,0.0,0.0,0,0,0,0,0.0,0.12,15.25,0,0,0.0,LOW
E000455,U012,2026-03-08 05:48:00,transaction,,0,0,DEV-028,0,0,,BEN-026,0,743.9,finance_officer,automated_system,PG4,3.0,0.5,26.36365885216557,5.471163754247346,507.0175649818456,269.6061145960815,2.3762380930888924,DEV-028,5,2026-03-08,2.0,4.0,0.0,0.8786241193863384,0.0,0.0,0.0,0.0,10,42,0.238095238095238,0.0,10.228260869565217,4.541498418788599,1.1512193526117762,0.0,0.2445652173913043,0.0,0.0,0.0,False,False,False,False,True,0.0,LOW,1,1,2100.0,0,0,0,0.0,1.47,14.7,0,0,0,0,20.0,6.2,21.94,0,0,0.0,LOW
E000461,U001,2026-03-08 08:23:00,file_access,RES-025,0,1,DEV-028,0,0,,,0,0.0,admin,employee,PG1,8.062526888056667,0.6925205228583835,35.624751670417595,12.364712141640124,338.34974371145563,362.2628486966959,0.2608164978882484,DEV-028,8,2026-03-08,0.0625268880566665,0.0902888593085824,0.0,0.9339896291566416,0.0,0.0,0.0,0.0,20,37,0.5405405405405406,0.0,8.972677595628415,4.294683263006742,0.2264841284121697,0.0,0.5519125683060109,0.0,0.0,0.0,False,False,False,False,False,0.0,LOW,0,1,1560.0,0,0,1,0.83,0.0,0.0,0,0,0,0,0.0,0.12,0.25,0,0,0.0,LOW
E000522,U012,2026-03-09 03:55:00,file_access,RES-028,0,4,DEV-028,0,0,,,0,0.0,finance_officer,automated_system,PG4,3.0,0.5,26.36365885216557,5.471163754247346,507.0175649818456,269.6061145960815,2.3762380930888924,DEV-028,3,2026-03-09,0.0,0.0,0.0,1.8805862980572572,0.0,0.0,0.0,0.0,22,42,0.5238095238095238,0.0,10.228260869565217,4.541498418788599,1.5916026392657614,0.0,0.4945652173913043,0.0,0.0,0.0,False,False,False,False,False,0.0,LOW,1,0,960.0,0,0,1,0.83,0.0,0.0,0,0,0,0,0.0,0.12,15.25,0,0,0.0,LOW
E000524,U012,2026-03-09 05:30:00,file_access,RES-045,0,12,DEV-028,0,0,,,0,0.0,finance_officer,automated_system,PG4,3.0,0.5,26.36365885216557,5.471163754247346,507.0175649818456,269.6061145960815,2.3762380930888924,DEV-028,5,2026-03-09,2.0,4.0,0.0,1.8805862980572572,0.0,0.0,0.0,0.0,22,42,0.5238095238095238,0.0,10.228260869565217,4.541498418788599,1.1512193526117762,0.0,0.4945652173913043,0.0,0.0,0.0,False,False,False,False,False,0.0,LOW,1,0,5700.0,0,0,0,0.0,0.0,0.0,0,0,0,0,0.0,0.0,15.0,0,0,0.0,LOW
E000525,U012,2026-03-09 06:19:00,transaction,,0,0,DEV-028,0,0,,BEN-028,0,418.55,finance_officer,automated_system,PG4,3.0,0.5,26.36365885216557,5.471163754247346,507.0175649818456,269.6061145960815,2.3762380930888924,DEV-028,6,2026-03-09,3.0,6.0,0.0,0.328136344809486,0.0,0.0,0.0,0.0,10,42,0.238095238095238,0.0,10.228260869565217,4.541498418788599,0.9310277092847836,0.0,0.2445652173913043,0.0,0.0,0.0,False,False,False,False,True,0.0,LOW,1,0,2940.0,0,0,0,0.0,0.83,8.3,0,0,0,0,20.0,5.24,20.66,0,0,0.0,LOW
E000533,U001,2026-03-09 08:27:00,login,,0,0,DEV-028,0,0,,,0,0.0,admin,employee,PG1,8.062526888056667,0.6925205228583835,35.624751670417595,12.364712141640124,338.34974371145563,362.2628486966959,0.2608164978882484,DEV-028,8,2026-03-09,0.0625268880566665,0.0902888593085824,0.0,0.9339896291566416,0.0,0.0,0.0,0.0,10,37,0.2702702702702703,0.0,8.972677595628415,4.294683263006742,0.2264841284121697,0.0,0.273224043715847,0.0,0.0,0.0,False,False,False,False,False,0.0,LOW,0,0,86640.0,0,0,0,0.0,0.0,0.0,0,0,0,0,0.0,0.0,0.0,0,0,0.0,LOW
E000594,U012,2026-03-10 04:07:00,file_access,RES-015,0,11,DEV-028,0,0,,,0,0.0,finance_officer,automated_system,PG4,3.0,0.5,26.36365885216557,5.471163754247346,507.0175649818456,269.6061145960815,2.3762380930888924,DEV-028,4,2026-03-10,1.0,2.0,0.0,1.8805862980572572,0.0,0.0,0.0,0.0,22,42,0.5238095238095238,0.0,10.228260869565217,4.541498418788599,1.3714109959387688,0.0,0.4945652173913043,0.0,0.0,0.0,False,False,False,False,False,0.0,LOW,1,0,2880.0,0,0,0,0.0,0.0,0.0,0,0,0,0,0.0,0.0,15.0,0,0,0.0,LOW
E000596,U012,2026-03-10 04:18:00,transaction,,0,0,DEV-028,0,0,,BEN-024,0,714.57,finance_officer,automated_system,PG4,3.0,0.5,26.36365885216557,5.471163754247346,507.0175649818456,269.6061145960815,2.3762380930888924,DEV-028,4,2026-03-10,1.0,2.0,0.0,0.7698357855462786,0.0,0.0,0.0,0.0,10,42,0.238095238095238,0.0,10.228260869565217,4.541498418788599,1.3714109959387688,0.0,0.2445652173913043,0.0,0.0,0.0,False,False,False,False,True,0.0,LOW,1,0,660.0,0,1,1,2.58,1.41,14.1,0,0,0,0,20.0,6.5,22.59,0,0,0.0,LOW
E000599,U012,2026-03-10 04:29:00,file_access,RES-041,0,4,DEV-028,0,0,,,0,0.0,finance_officer,automated_system,PG4,3.0,0.5,26.36365885216557,5.471163754247346,507.0175649818456,269.6061145960815,2.3762380930888924,DEV-028,4,2026-03-10,1.0,2.0,0.0,1.8805862980572572,0.0,0.0,0.0,0.0,22,42,0.5238095238095238,0.0,10.228260869565217,4.541498418788599,1.3714109959387688,0.0,0.4945652173913043,0.0,0.0,0.0,False,False,False,False,False,0.0,LOW,1,0,660.0,0,1,2,3.42,0.0,0.0,0,0,0,0,0.0,0.51,16.03,0,0,0.0,LOW
E000600,U012,2026-03-10 05:03:00,file_access,RES-011,0,3,DEV-028,0,0,,,0,0.0,finance_officer,automated_system,PG4,3.0,0.5,26.36365885216557,5.471163754247346,507.0175649818456,269.6061145960815,2.3762380930888924,DEV-028,5,2026-03-10,2.0,4.0,0.0,1.8805862980572572,0.0,0.0,0.0,0.0,22,42,0.5238095238095238,0.0,10.228260869565217,4.541498418788599,1.1512193526117762,0.0,0.4945652173913043,0.0,0.0,0.0,False,False,False,False,False,0.0,LOW,1,0,2040.0,0,0,0,0.0,0.0,0.0,0,0,0,0,0.0,0.0,15.0,0,0,0.0,LOW
E000536,U001,2026-03-09 08:51:00,file_access,RES-013,0,10,DEV-028,0,0,,,0,0.0,admin,employee,PG1,8.062526888056667,0.6925205228583835,35.624751670417595,12.364712141640124,338.34974371145563,362.2628486966959,0.2608164978882484,DEV-028,8,2026-03-09,0.0625268880566665,0.0902888593085824,0.0,0.9339896291566416,0.0,0.0,0.0,0.0,20,37,0.5405405405405406,0.0,8.972677595628415,4.294683263006742,0.2264841284121697,0.0,0.5519125683060109,0.0,0.0,0.0,False,False,False,False,False,0.0,LOW,0,0,1440.0,0,0,1,0.83,0.0,0.0,0,0,0,0,0.0,0.12,0.25,0,0,0.0,LOW
E000673,U012,2026-03-11 03:10:00,file_access,RES-010,0,9,DEV-028,0,0,,,0,0.0,finance_officer,automated_system,PG4,3.0,0.5,26.36365885216557,5.471163754247346,507.0175649818456,269.6061145960815,2.3762380930888924,DEV-028,3,2026-03-11,0.0,0.0,0.0,1.8805862980572572,0.0,0.0,0.0,0.0,22,42,0.5238095238095238,0.0,10.228260869565217,4.541498418788599,1.5916026392657614,0.0,0.4945652173913043,0.0,0.0,0.0,False,False,False,False,False,0.0,LOW,1,0,1080.0,0,0,1,0.83,0.0,0.0,0,0,0,0,0.0,0.12,15.25,0,0,0.0,LOW
E000674,U012,2026-03-11 03:22:00,file_access,RES-012,0,20,DEV-028,0,0,,,0,0.0,finance_officer,automated_system,PG4,3.0,0.5,26.36365885216557,5.471163754247346,507.0175649818456,269.6061145960815,2.3762380930888924,DEV-028,3,2026-03-11,0.0,0.0,0.0,1.8805862980572572,0.0,0.0,0.0,0.0,22,42,0.5238095238095238,0.0,10.228260869565217,4.541498418788599,1.5916026392657614,0.0,0.4945652173913043,0.0,0.0,0.0,False,False,False,False,False,0.0,LOW,1,0,720.0,0,1,2,3.42,0.0,0.0,0,0,0,0,0.0,0.51,16.03,0,0,0.0,LOW
E000677,U012,2026-03-11 04:41:00,file_access,RES-010,0,8,DEV-028,0,0,,,0,0.0,finance_officer,automated_system,PG4,3.0,0.5,26.36365885216557,5.471163754247346,507.0175649818456,269.6061145960815,2.3762380930888924,DEV-028,4,2026-03-11,1.0,2.0,0.0,1.8805862980572572,0.0,0.0,0.0,0.0,22,42,0.5238095238095238,0.0,10.228260869565217,4.541498418788599,1.3714109959387688,0.0,0.4945652173913043,0.0,0.0,0.0,False,False,False,False,False,0.0,LOW,1,0,4740.0,0,0,0,0.0,0.0,0.0,0,0,0,0,0.0,0.0,15.0,0,0,0.0,LOW
E000537,U001,2026-03-09 08:51:00,transaction,,0,0,DEV-028,0,0,,BEN-019,0,0.0,admin,employee,PG1,8.062526888056667,0.6925205228583835,35.624751670417595,12.364712141640124,338.34974371145563,362.2628486966959,0.2608164978882484,DEV-028,8,2026-03-09,0.0625268880566665,0.0902888593085824,0.0,0.9339896291566416,0.0,0.0,0.0,0.0,5,37,0.1351351351351351,0.0,8.972677595628415,4.294683263006742,0.2264841284121697,0.0,0.1639344262295081,0.0,0.0,0.0,False,False,False,False,False,0.0,LOW,0,0,0.0,0,0,1,0.83,0.0,0.0,0,0,0,0,0.0,0.12,0.25,0,0,0.0,LOW
E000542,U001,2026-03-09 09:56:00,file_access,RES-046,0,16,DEV-028,0,0,,,0,0.0,admin,employee,PG1,8.062526888056667,0.6925205228583835,35.624751670417595,12.364712141640124,338.34974371145563,362.2628486966959,0.2608164978882484,DEV-028,9,2026-03-09,0.9374731119433336,1.3537116677407717,0.0,0.9339896291566416,0.0,0.0,0.0,0.0,20,37,0.5405405405405406,0.0,8.972677595628415,4.294683263006742,0.006361913719443,0.0,0.5519125683060109,0.0,0.0,0.0,False,False,False,False,False,0.0,LOW,0,0,3900.0,0,0,0,0.0,0.0,0.0,0,0,0,0,0.0,0.0,0.0,0,0,0.0,LOW
E000012,U013,2026-03-02 03:33:00,file_access,RES-044,0,19,DEV-001,0,0,,,0,0.0,analyst,automated_system,PG1,2.0,0.5,46.933711817215006,10.95888428361128,234.02494389233863,137.9949419936346,1.6596776886458624,DEV-001,3,2026-03-02,1.0,2.0,0.0,1.6958950850758985,0.0,0.0,0.0,0.0,18,38,0.4736842105263157,0.0,8.972677595628415,4.294683263006742,1.3907143390702337,0.0,0.5519125683060109,0.0,0.0,0.0,False,False,False,False,False,0.0,LOW,1,0,3720.0,0,0,0,0.0,0.0,0.0,0,0,0,0,0.0,0.0,15.0,0,0,0.0,LOW
E000013,U013,2026-03-02 04:12:00,file_access,RES-037,0,19,DEV-001,0,0,,,0,0.0,analyst,automated_system,PG1,2.0,0.5,46.933711817215006,10.95888428361128,234.02494389233863,137.9949419936346,1.6596776886458624,DEV-001,4,2026-03-02,2.0,4.0,0.0,1.6958950850758985,0.0,0.0,0.0,0.0,18,38,0.4736842105263157,0.0,8.972677595628415,4.294683263006742,1.157868296938621,0.0,0.5519125683060109,0.0,0.0,0.0,False,False,False,False,False,0.0,LOW,1,0,2340.0,0,0,0,0.0,0.0,0.0,0,0,0,0,0.0,0.0,15.0,0,0,0.0,LOW
E000544,U001,2026-03-09 10:05:00,file_access,RES-051,0,18,DEV-028,0,0,,,0,0.0,admin,employee,PG1,8.062526888056667,0.6925205228583835,35.624751670417595,12.364712141640124,338.34974371145563,362.2628486966959,0.2608164978882484,DEV-028,10,2026-03-09,1.9374731119433333,2.7977121947901256,0.0,0.9339896291566416,0.0,0.0,0.0,0.0,20,37,0.5405405405405406,0.0,8.972677595628415,4.294683263006742,0.2392079558510558,0.0,0.5519125683060109,0.0,0.0,0.0,False,False,False,False,False,0.0,LOW,0,0,540.0,0,1,1,2.58,0.0,0.0,0,0,0,0,0.0,0.39,0.77,0,0,0.0,LOW
E000604,U001,2026-03-10 08:03:00,login,,0,0,DEV-028,0,0,,,0,0.0,admin,employee,PG1,8.062526888056667,0.6925205228583835,35.624751670417595,12.364712141640124,338.34974371145563,362.2628486966959,0.2608164978882484,DEV-028,8,2026-03-10,0.0625268880566665,0.0902888593085824,0.0,0.9339896291566416,0.0,0.0,0.0,0.0,10,37,0.2702702702702703,0.0,8.972677595628415,4.294683263006742,0.2264841284121697,0.0,0.273224043715847,0.0,0.0,0.0,False,False,False,False,False,0.0,LOW,0,0,19320.0,0,0,0,0.0,0.0,0.0,0,0,0,0,0.0,0.0,0.0,0,0,0.0,LOW
E000081,U013,2026-03-03 03:22:00,file_access,RES-031,0,15,DEV-001,0,0,,,0,0.0,analyst,automated_system,PG1,2.0,0.5,46.933711817215006,10.95888428361128,234.02494389233863,137.9949419936346,1.6596776886458624,DEV-001,3,2026-03-03,1.0,2.0,0.0,1.6958950850758985,0.0,0.0,0.0,0.0,18,38,0.4736842105263157,0.0,8.972677595628415,4.294683263006742,1.3907143390702337,0.0,0.5519125683060109,0.0,0.0,0.0,False,False,False,False,False,0.0,LOW,1,0,780.0,0,1,1,2.58,0.0,0.0,0,0,0,0,0.0,0.39,15.77,0,0,0.0,LOW
E000092,U013,2026-03-03 04:34:00,file_access,RES-020,0,9,DEV-001,0,0,,,0,0.0,analyst,automated_system,PG1,2.0,0.5,46.933711817215006,10.95888428361128,234.02494389233863,137.9949419936346,1.6596776886458624,DEV-001,4,2026-03-03,2.0,4.0,0.0,1.6958950850758985,0.0,0.0,0.0,0.0,18,38,0.4736842105263157,0.0,8.972677595628415,4.294683263006742,1.157868296938621,0.0,0.5519125683060109,0.0,0.0,0.0,False,False,False,False,False,0.0,LOW,1,0,4320.0,0,0,0,0.0,0.0,0.0,0,0,0,0,0.0,0.0,15.0,0,0,0.0,LOW
E000093,U013,2026-03-03 04:49:00,transaction,,0,0,DEV-001,0,0,,BEN-015,0,115.18,analyst,automated_system,PG1,2.0,0.5,46.933711817215006,10.95888428361128,234.02494389233863,137.9949419936346,1.6596776886458624,DEV-001,4,2026-03-03,2.0,4.0,0.0,0.8612268114712543,0.0,0.0,0.0,0.0,10,38,0.2631578947368421,0.0,8.972677595628415,4.294683263006742,1.157868296938621,0.0,0.1639344262295081,0.0,0.0,0.0,False,False,False,False,True,0.0,LOW,1,0,900.0,0,1,1,2.58,0.49,4.9,0,0,0,0,20.0,5.12,20.75,0,0,0.0,LOW
E000606,U001,2026-03-10 08:18:00,file_access,RES-055,0,6,DEV-028,0,0,,,0,0.0,admin,employee,PG1,8.062526888056667,0.6925205228583835,35.624751670417595,12.364712141640124,338.34974371145563,362.2628486966959,0.2608164978882484,DEV-028,8,2026-03-10,0.0625268880566665,0.0902888593085824,0.0,0.9339896291566416,0.0,0.0,0.0,0.0,20,37,0.5405405405405406,0.0,8.972677595628415,4.294683263006742,0.2264841284121697,0.0,0.5519125683060109,0.0,0.0,0.0,False,False,False,False,False,0.0,LOW,0,0,900.0,0,1,1,2.58,0.0,0.0,0,0,0,0,0.0,0.39,0.77,0,0,0.0,LOW
E000157,U013,2026-03-04 01:35:00,transaction,,0,0,DEV-001,0,0,,BEN-015,0,110.91,analyst,automated_system,PG1,2.0,0.5,46.933711817215006,10.95888428361128,234.02494389233863,137.9949419936346,1.6596776886458624,DEV-001,1,2026-03-04,1.0,2.0,0.0,0.8921699745923851,0.0,0.0,0.0,0.0,10,38,0.2631578947368421,0.0,8.972677595628415,4.294683263006742,1.8564064233334592,0.0,0.1639344262295081,0.0,0.0,0.0,False,False,False,False,True,0.0,LOW,1,0,1980.0,0,0,0,0.0,0.47,4.7,0,0,0,0,20.0,4.7,19.94,0,0,0.0,LOW
E000159,U013,2026-03-04 01:54:00,file_access,RES-054,0,10,DEV-001,0,0,,,0,0.0,analyst,automated_system,PG1,2.0,0.5,46.933711817215006,10.95888428361128,234.02494389233863,137.9949419936346,1.6596776886458624,DEV-001,1,2026-03-04,1.0,2.0,0.0,1.6958950850758985,0.0,0.0,0.0,0.0,18,38,0.4736842105263157,0.0,8.972677595628415,4.294683263006742,1.8564064233334592,0.0,0.5519125683060109,0.0,0.0,0.0,False,False,False,False,False,0.0,LOW,1,0,1140.0,0,0,1,0.83,0.0,0.0,0,0,0,0,0.0,0.12,15.25,0,0,0.0,LOW
E000568,U010,2026-03-09 15:21:00,file_access,RES-012,0,4,DEV-017,0,0,,,0,0.0,manager,automated_system,PG2,14.0,0.5,42.02745165589346,11.5543866529488,197.8159505303321,370.0916564091903,1.3765555577621964,DEV-017,15,2026-03-09,1.0,2.0,0.0,0.5345052964707145,0.0,0.0,0.0,0.0,22,38,0.5789473684210527,0.0,9.209944751381215,4.253117875582253,1.361367217649975,0.0,0.5303867403314917,0.0,0.0,0.0,False,False,False,False,False,0.0,LOW,0,0,360.0,0,1,2,3.42,0.0,0.0,0,0,0,0,0.0,0.51,1.03,0,0,0.0,LOW
E000231,U013,2026-03-05 02:39:00,file_access,RES-059,0,19,DEV-001,0,0,,,0,0.0,analyst,automated_system,PG1,2.0,0.5,46.933711817215006,10.95888428361128,234.02494389233863,137.9949419936346,1.6596776886458624,DEV-001,2,2026-03-05,0.0,0.0,0.0,1.6958950850758985,0.0,0.0,0.0,0.0,18,38,0.4736842105263157,0.0,8.972677595628415,4.294683263006742,1.6235603812018464,0.0,0.5519125683060109,0.0,0.0,0.0,False,False,False,False,False,0.0,LOW,1,0,3720.0,0,0,0,0.0,0.0,0.0,0,0,0,0,0.0,0.0,15.0,0,0,0.0,LOW
E000233,U013,2026-03-05 03:05:00,file_access,RES-013,0,11,DEV-001,0,0,,,0,0.0,analyst,automated_system,PG1,2.0,0.5,46.933711817215006,10.95888428361128,234.02494389233863,137.9949419936346,1.6596776886458624,DEV-001,3,2026-03-05,1.0,2.0,0.0,1.6958950850758985,0.0,0.0,0.0,0.0,18,38,0.4736842105263157,0.0,8.972677595628415,4.294683263006742,1.3907143390702337,0.0,0.5519125683060109,0.0,0.0,0.0,False,False,False,False,False,0.0,LOW,1,0,1560.0,0,0,1,0.83,0.0,0.0,0,0,0,0,0.0,0.12,15.25,0,0,0.0,LOW
E000236,U013,2026-03-05 03:23:00,file_access,RES-048,0,2,DEV-001,0,0,,,0,0.0,analyst,automated_system,PG1,2.0,0.5,46.933711817215006,10.95888428361128,234.02494389233863,137.9949419936346,1.6596776886458624,DEV-001,3,2026-03-05,1.0,2.0,0.0,1.6958950850758985,0.0,0.0,0.0,0.0,18,38,0.4736842105263157,0.0,8.972677595628415,4.294683263006742,1.3907143390702337,0.0,0.5519125683060109,0.0,0.0,0.0,False,False,False,False,False,0.0,LOW,1,0,1080.0,0,0,1,0.83,0.0,0.0,0,0,0,0,0.0,0.12,15.25,0,0,0.0,LOW
E000240,U013,2026-03-05 03:55:00,transaction,,0,0,DEV-001,0,0,,BEN-004,0,262.8,analyst,automated_system,PG1,2.0,0.5,46.933711817215006,10.95888428361128,234.02494389233863,137.9949419936346,1.6596776886458624,DEV-001,3,2026-03-05,1.0,2.0,0.0,0.2085225421449774,0.0,0.0,0.0,0.0,10,38,0.2631578947368421,0.0,8.972677595628415,4.294683263006742,1.3907143390702337,0.0,0.1639344262295081,0.0,0.0,0.0,False,False,False,False,True,0.0,LOW,1,0,1920.0,0,0,0,0.0,1.12,11.2,0,0,0,0,20.0,5.68,21.24,0,0,0.0,LOW
E000511,U019,2026-03-09 01:41:00,login,,0,0,DEV-024,0,0,,,0,0.0,admin,service_account,PG3,2.0,0.5,85.02394451015238,12.552651966358056,344.9338160498108,299.53214048669264,1.1969768999922874,DEV-024,1,2026-03-09,1.0,2.0,60.0,1.1515753050385429,0.0,0.0,0.0,0.0,10,34,0.2941176470588235,0.0,7.707446808510638,4.872112925153142,1.3767018358466736,30.0,0.2606382978723404,0.0,21.0,0.0,False,False,False,False,False,14.1,LOW,1,0,81660.0,0,0,0,0.0,0.0,0.0,0,0,0,0,0.0,0.0,15.0,0,0,0.0,LOW
E000309,U013,2026-03-06 04:18:00,file_access,RES-012,0,2,DEV-001,0,0,,,0,0.0,analyst,automated_system,PG1,2.0,0.5,46.933711817215006,10.95888428361128,234.02494389233863,137.9949419936346,1.6596776886458624,DEV-001,4,2026-03-06,2.0,4.0,0.0,1.6958950850758985,0.0,0.0,0.0,0.0,18,38,0.4736842105263157,0.0,8.972677595628415,4.294683263006742,1.157868296938621,0.0,0.5519125683060109,0.0,0.0,0.0,False,False,False,False,False,0.0,LOW,1,0,5220.0,0,0,0,0.0,0.0,0.0,0,0,0,0,0.0,0.0,15.0,0,0,0.0,LOW
E000225,U013,2026-03-05 01:37:00,login,,0,0,DEV-001,0,0,,,0,0.0,analyst,automated_system,PG1,2.0,0.5,46.933711817215006,10.95888428361128,234.02494389233863,137.9949419936346,1.6596776886458624,DEV-001,1,2026-03-05,1.0,2.0,60.0,1.6958950850758985,0.0,0.0,0.0,0.0,10,38,0.2631578947368421,0.0,8.972677595628415,4.294683263006742,1.8564064233334592,30.0,0.273224043715847,0.0,21.0,0.0,False,False,False,False,False,14.1,LOW,1,0,85380.0,0,0,0,0.0,0.0,0.0,0,0,0,0,0.0,0.0,15.0,0,0,0.0,LOW
E000005,U012,2026-03-02 02:22:00,login,,0,0,DEV-028,0,0,,,0,0.0,finance_officer,automated_system,PG4,3.0,0.5,26.36365885216557,5.471163754247346,507.0175649818456,269.6061145960815,2.3762380930888924,DEV-028,2,2026-03-02,1.0,2.0,60.0,1.8805862980572572,0.0,0.0,0.0,0.0,10,42,0.238095238095238,0.0,10.228260869565217,4.541498418788599,1.811794282592754,30.0,0.2608695652173913,0.0,21.0,0.0,False,False,False,False,False,14.1,LOW,1,0,999999.0,0,0,0,0.0,0.0,0.0,0,0,0,0,0.0,0.0,15.0,0,0,0.0,LOW
E000613,U001,2026-03-10 09:09:00,file_access,RES-033,0,17,DEV-028,0,0,,,0,0.0,admin,employee,PG1,8.062526888056667,0.6925205228583835,35.624751670417595,12.364712141640124,338.34974371145563,362.2628486966959,0.2608164978882484,DEV-028,9,2026-03-10,0.9374731119433336,1.3537116677407717,0.0,0.9339896291566416,0.0,0.0,0.0,0.0,20,37,0.5405405405405406,0.0,8.972677595628415,4.294683263006742,0.006361913719443,0.0,0.5519125683060109,0.0,0.0,0.0,False,False,False,False,False,0.0,LOW,0,0,2340.0,0,0,0,0.0,0.0,0.0,0,0,0,0,0.0,0.0,0.0,0,0,0.0,LOW
E000370,U013,2026-03-07 01:33:00,transaction,,0,0,DEV-001,0,0,,BEN-003,0,282.63,analyst,automated_system,PG1,2.0,0.5,46.933711817215006,10.95888428361128,234.02494389233863,137.9949419936346,1.6596776886458624,DEV-001,1,2026-03-07,1.0,2.0,0.0,0.3522234612765982,0.0,0.0,0.0,0.0,10,38,0.2631578947368421,0.0,8.972677595628415,4.294683263006742,1.8564064233334592,0.0,0.1639344262295081,0.0,0.0,0.0,False,False,False,False,True,0.0,LOW,1,1,1380.0,0,0,1,0.83,1.21,12.1,0,0,0,0,20.0,5.94,21.67,0,0,0.0,LOW
E000373,U013,2026-03-07 02:02:00,file_access,RES-059,0,10,DEV-001,0,0,,,0,0.0,analyst,automated_system,PG1,2.0,0.5,46.933711817215006,10.95888428361128,234.02494389233863,137.9949419936346,1.6596776886458624,DEV-001,2,2026-03-07,0.0,0.0,0.0,1.6958950850758985,0.0,0.0,0.0,0.0,18,38,0.4736842105263157,0.0,8.972677595628415,4.294683263006742,1.6235603812018464,0.0,0.5519125683060109,0.0,0.0,0.0,False,False,False,False,False,0.0,LOW,1,1,1740.0,0,0,1,0.83,0.0,0.0,0,0,0,0,0.0,0.12,15.25,0,0,0.0,LOW
E000374,U013,2026-03-07 02:04:00,file_access,RES-027,0,11,DEV-001,0,0,,,0,0.0,analyst,automated_system,PG1,2.0,0.5,46.933711817215006,10.95888428361128,234.02494389233863,137.9949419936346,1.6596776886458624,DEV-001,2,2026-03-07,0.0,0.0,0.0,1.6958950850758985,0.0,0.0,0.0,0.0,18,38,0.4736842105263157,0.0,8.972677595628415,4.294683263006742,1.6235603812018464,0.0,0.5519125683060109,0.0,0.0,0.0,False,False,False,False,False,0.0,LOW,1,1,120.0,1,1,1,6.58,0.0,0.0,0,0,0,0,0.0,0.99,16.97,0,0,0.0,LOW
E000681,U001,2026-03-11 07:55:00,file_access,RES-039,0,2,DEV-028,0,0,,,0,0.0,admin,employee,PG1,8.062526888056667,0.6925205228583835,35.624751670417595,12.364712141640124,338.34974371145563,362.2628486966959,0.2608164978882484,DEV-028,7,2026-03-11,1.0625268880566665,1.5342893863579363,0.0,0.9339896291566416,0.0,0.0,0.0,0.0,20,37,0.5405405405405406,0.0,8.972677595628415,4.294683263006742,0.4593301705437825,0.0,0.5519125683060109,0.0,0.0,0.0,False,False,False,False,False,0.0,LOW,1,0,4740.0,0,0,0,0.0,0.0,0.0,0,0,0,0,0.0,0.0,15.0,0,0,0.0,LOW
E000445,U013,2026-03-08 02:37:00,file_access,RES-044,0,13,DEV-001,0,0,,,0,0.0,analyst,automated_system,PG1,2.0,0.5,46.933711817215006,10.95888428361128,234.02494389233863,137.9949419936346,1.6596776886458624,DEV-001,2,2026-03-08,0.0,0.0,0.0,1.6958950850758985,0.0,0.0,0.0,0.0,18,38,0.4736842105263157,0.0,8.972677595628415,4.294683263006742,1.6235603812018464,0.0,0.5519125683060109,0.0,0.0,0.0,False,False,False,False,False,0.0,LOW,1,1,4560.0,0,0,0,0.0,0.0,0.0,0,0,0,0,0.0,0.0,15.0,0,0,0.0,LOW
E000019,U002,2026-03-02 08:37:00,login,,0,0,DEV-015,0,0,,,0,0.0,admin,employee,PG2,8.074493048595176,0.6530465823625223,55.374870167235365,5.265359696838637,99.41882534332424,277.4595532228331,1.63482444180965,DEV-015,8,2026-03-02,0.0744930485951762,0.1140700381980152,0.0,0.3583182636478877,0.0,0.0,0.0,0.0,9,39,0.2307692307692307,0.0,9.209944751381215,4.253117875582253,0.2844841800241836,0.0,0.2651933701657458,0.0,0.0,0.0,False,False,False,False,False,0.0,LOW,0,0,999999.0,0,0,0,0.0,0.0,0.0,0,0,0,0,0.0,0.0,0.0,0,0,0.0,LOW
E000023,U002,2026-03-02 09:08:00,file_access,RES-043,0,11,DEV-015,0,0,,,0,0.0,admin,employee,PG2,8.074493048595176,0.6530465823625223,55.374870167235365,5.265359696838637,99.41882534332424,277.4595532228331,1.63482444180965,DEV-015,9,2026-03-02,0.9255069514048238,1.4172142943564965,0.0,0.3583182636478877,0.0,0.0,0.0,0.0,19,39,0.4871794871794871,0.0,9.209944751381215,4.253117875582253,0.0493625517850181,0.0,0.5303867403314917,0.0,0.0,0.0,False,False,False,False,False,0.0,LOW,0,0,1860.0,0,0,0,0.0,0.0,0.0,0,0,0,0,0.0,0.0,0.0,0,0,0.0,LOW
E000512,U013,2026-03-09 01:42:00,file_access,RES-006,1,19,DEV-001,0,0,,,0,0.0,analyst,automated_system,PG1,2.0,0.5,46.933711817215006,10.95888428361128,234.02494389233863,137.9949419936346,1.6596776886458624,DEV-001,1,2026-03-09,1.0,2.0,0.0,1.6958950850758985,0.0,0.0,0.0,0.0,18,38,0.4736842105263157,0.0,8.972677595628415,4.294683263006742,1.8564064233334592,0.0,0.5519125683060109,0.0,0.0,0.0,False,False,True,False,False,0.0,LOW,1,0,2820.0,0,0,0,0.0,0.0,0.0,0,0,0,0,20.0,4.0,19.0,0,0,0.0,LOW
E000515,U013,2026-03-09 02:34:00,transaction,,0,0,DEV-001,0,0,,BEN-022,0,159.53,analyst,automated_system,PG1,2.0,0.5,46.933711817215006,10.95888428361128,234.02494389233863,137.9949419936346,1.6596776886458624,DEV-001,2,2026-03-09,0.0,0.0,0.0,0.5398382202716887,0.0,0.0,0.0,0.0,10,38,0.2631578947368421,0.0,8.972677595628415,4.294683263006742,1.6235603812018464,0.0,0.1639344262295081,0.0,0.0,0.0,False,False,False,False,True,0.0,LOW,1,0,3120.0,0,0,0,0.0,0.68,6.8,0,0,0,0,20.0,5.02,20.36,0,0,0.0,LOW
E000025,U002,2026-03-02 09:12:00,file_access,RES-017,0,13,DEV-015,0,0,,,0,0.0,admin,employee,PG2,8.074493048595176,0.6530465823625223,55.374870167235365,5.265359696838637,99.41882534332424,277.4595532228331,1.63482444180965,DEV-015,9,2026-03-02,0.9255069514048238,1.4172142943564965,0.0,0.3583182636478877,0.0,0.0,0.0,0.0,19,39,0.4871794871794871,0.0,9.209944751381215,4.253117875582253,0.0493625517850181,0.0,0.5303867403314917,0.0,0.0,0.0,False,False,False,False,False,0.0,LOW,0,0,240.0,1,1,1,6.58,0.0,0.0,0,0,0,0,0.0,0.99,1.97,0,0,0.0,LOW
E000593,U013,2026-03-10 03:46:00,file_access,RES-046,0,3,DEV-001,0,0,,,0,0.0,analyst,automated_system,PG1,2.0,0.5,46.933711817215006,10.95888428361128,234.02494389233863,137.9949419936346,1.6596776886458624,DEV-001,3,2026-03-10,1.0,2.0,0.0,1.6958950850758985,0.0,0.0,0.0,0.0,18,38,0.4736842105263157,0.0,8.972677595628415,4.294683263006742,1.3907143390702337,0.0,0.5519125683060109,0.0,0.0,0.0,False,False,False,False,False,0.0,LOW,1,0,4860.0,0,0,0,0.0,0.0,0.0,0,0,0,0,0.0,0.0,15.0,0,0,0.0,LOW
E000595,U013,2026-03-10 04:11:00,transaction,,0,0,DEV-001,0,0,,BEN-005,0,157.63,analyst,automated_system,PG1,2.0,0.5,46.933711817215006,10.95888428361128,234.02494389233863,137.9949419936346,1.6596776886458624,DEV-001,4,2026-03-10,2.0,4.0,0.0,0.5536068408642294,0.0,0.0,0.0,0.0,10,38,0.2631578947368421,0.0,8.972677595628415,4.294683263006742,1.157868296938621,0.0,0.1639344262295081,0.0,0.0,0.0,False,False,False,False,True,0.0,LOW,1,0,1500.0,0,0,1,0.83,0.67,6.7,0,0,0,0,20.0,5.13,20.59,0,0,0.0,LOW
E000032,U002,2026-03-02 09:48:00,file_access,RES-021,0,9,DEV-015,0,0,,,0,0.0,admin,employee,PG2,8.074493048595176,0.6530465823625223,55.374870167235365,5.265359696838637,99.41882534332424,277.4595532228331,1.63482444180965,DEV-015,9,2026-03-02,0.9255069514048238,1.4172142943564965,0.0,0.3583182636478877,0.0,0.0,0.0,0.0,19,39,0.4871794871794871,0.0,9.209944751381215,4.253117875582253,0.0493625517850181,0.0,0.5303867403314917,0.0,0.0,0.0,False,False,False,False,False,0.0,LOW,0,0,2160.0,0,0,0,0.0,0.0,0.0,0,0,0,0,0.0,0.0,0.0,0,0,0.0,LOW
E000659,U013,2026-03-11 01:58:00,file_access,RES-042,0,14,DEV-001,0,0,,,0,0.0,analyst,automated_system,PG1,2.0,0.5,46.933711817215006,10.95888428361128,234.02494389233863,137.9949419936346,1.6596776886458624,DEV-001,1,2026-03-11,1.0,2.0,0.0,1.6958950850758985,0.0,0.0,0.0,0.0,18,38,0.4736842105263157,0.0,8.972677595628415,4.294683263006742,1.8564064233334592,0.0,0.5519125683060109,0.0,0.0,0.0,False,False,False,False,False,0.0,LOW,1,0,960.0,0,0,1,0.83,0.0,0.0,0,0,0,0,0.0,0.12,15.25,0,0,0.0,LOW
E000668,U013,2026-03-11 02:38:00,transaction,,0,0,DEV-001,0,0,,BEN-025,0,354.33,analyst,automated_system,PG1,2.0,0.5,46.933711817215006,10.95888428361128,234.02494389233863,137.9949419936346,1.6596776886458624,DEV-001,2,2026-03-11,0.0,0.0,0.0,0.8718077225845768,0.0,0.0,0.0,0.0,10,38,0.2631578947368421,0.0,8.972677595628415,4.294683263006742,1.6235603812018464,0.0,0.1639344262295081,0.0,0.0,0.0,False,False,False,False,True,0.0,LOW,1,0,2400.0,0,0,0,0.0,1.51,15.1,0,0,0,0,20.0,6.26,22.02,0,0,0.0,LOW
E000671,U013,2026-03-11 02:52:00,file_access,RES-024,0,1,DEV-001,0,0,,,0,0.0,analyst,automated_system,PG1,2.0,0.5,46.933711817215006,10.95888428361128,234.02494389233863,137.9949419936346,1.6596776886458624,DEV-001,2,2026-03-11,0.0,0.0,0.0,1.6958950850758985,0.0,0.0,0.0,0.0,18,38,0.4736842105263157,0.0,8.972677595628415,4.294683263006742,1.6235603812018464,0.0,0.5519125683060109,0.0,0.0,0.0,False,False,False,False,False,0.0,LOW,1,0,840.0,0,1,1,2.58,0.0,0.0,0,0,0,0,0.0,0.39,15.77,0,0,0.0,LOW
E000676,U013,2026-03-11 03:33:00,file_access,RES-048,0,17,DEV-001,0,0,,,0,0.0,analyst,automated_system,PG1,2.0,0.5,46.933711817215006,10.95888428361128,234.02494389233863,137.9949419936346,1.6596776886458624,DEV-001,3,2026-03-11,1.0,2.0,0.0,1.6958950850758985,0.0,0.0,0.0,0.0,18,38,0.4736842105263157,0.0,8.972677595628415,4.294683263006742,1.3907143390702337,0.0,0.5519125683060109,0.0,0.0,0.0,False,False,False,False,False,0.0,LOW,1,0,2460.0,0,0,0,0.0,0.0,0.0,0,0,0,0,0.0,0.0,15.0,0,0,0.0,LOW
E000026,U014,2026-03-02 09:14:00,login,,0,0,DEV-017,0,0,,,0,0.0,manager,employee,PG2,9.704275922566437,0.8758792312861565,38.677763296678,11.40961798579808,55.77608679793822,202.16783773418675,1.3611711189876194,DEV-017,9,2026-03-02,0.7042759225664366,0.8040788015172655,0.0,0.2758900101176006,0.0,0.0,0.0,0.0,9,33,0.2727272727272727,0.0,9.209944751381215,4.253117875582253,0.0493625517850181,0.0,0.2651933701657458,0.0,0.0,0.0,False,False,False,False,False,0.0,LOW,0,0,999999.0,0,0,0,0.0,0.0,0.0,0,0,0,0,0.0,0.0,0.0,0,0,0.0,LOW
E000031,U014,2026-03-02 09:38:00,file_access,RES-005,1,10,DEV-017,0,0,,,0,0.0,manager,employee,PG2,9.704275922566437,0.8758792312861565,38.677763296678,11.40961798579808,55.77608679793822,202.16783773418675,1.3611711189876194,DEV-017,9,2026-03-02,0.7042759225664366,0.8040788015172655,0.0,0.2758900101176006,0.0,0.0,0.0,0.0,16,33,0.4848484848484848,0.0,9.209944751381215,4.253117875582253,0.0493625517850181,0.0,0.5303867403314917,0.0,0.0,0.0,False,False,True,False,False,0.0,LOW,0,0,1440.0,0,0,1,0.83,0.0,0.0,0,0,0,0,20.0,4.12,4.25,0,0,0.0,LOW
E000033,U014,2026-03-02 09:49:00,transaction,,0,0,DEV-017,0,0,,BEN-024,0,0.0,manager,employee,PG2,9.704275922566437,0.8758792312861565,38.677763296678,11.40961798579808,55.77608679793822,202.16783773418675,1.3611711189876194,DEV-017,9,2026-03-02,0.7042759225664366,0.8040788015172655,0.0,0.2758900101176006,0.0,0.0,0.0,0.0,8,33,0.2424242424242424,0.0,9.209944751381215,4.253117875582253,0.0493625517850181,0.0,0.1933701657458563,0.0,0.0,0.0,False,False,False,False,False,0.0,LOW,0,0,660.0,0,1,1,2.58,0.0,0.0,0,0,0,0,0.0,0.39,0.77,0,0,0.0,LOW
E000102,U014,2026-03-03 09:02:00,login,,0,0,DEV-017,0,0,,,0,0.0,manager,employee,PG2,9.704275922566437,0.8758792312861565,38.677763296678,11.40961798579808,55.77608679793822,202.16783773418675,1.3611711189876194,DEV-017,9,2026-03-03,0.7042759225664366,0.8040788015172655,0.0,0.2758900101176006,0.0,0.0,0.0,0.0,9,33,0.2727272727272727,0.0,9.209944751381215,4.253117875582253,0.0493625517850181,0.0,0.2651933701657458,0.0,0.0,0.0,False,False,False,False,False,0.0,LOW,0,0,83580.0,0,0,0,0.0,0.0,0.0,0,0,0,0,0.0,0.0,0.0,0,0,0.0,LOW
E000105,U014,2026-03-03 09:23:00,file_access,RES-039,0,13,DEV-017,0,0,,,0,0.0,manager,employee,PG2,9.704275922566437,0.8758792312861565,38.677763296678,11.40961798579808,55.77608679793822,202.16783773418675,1.3611711189876194,DEV-017,9,2026-03-03,0.7042759225664366,0.8040788015172655,0.0,0.2758900101176006,0.0,0.0,0.0,0.0,16,33,0.4848484848484848,0.0,9.209944751381215,4.253117875582253,0.0493625517850181,0.0,0.5303867403314917,0.0,0.0,0.0,False,False,False,False,False,0.0,LOW,0,0,1260.0,0,0,1,0.83,0.0,0.0,0,0,0,0,0.0,0.12,0.25,0,0,0.0,LOW
E000107,U014,2026-03-03 09:26:00,file_access,RES-011,0,6,DEV-017,0,0,,,0,0.0,manager,employee,PG2,9.704275922566437,0.8758792312861565,38.677763296678,11.40961798579808,55.77608679793822,202.16783773418675,1.3611711189876194,DEV-017,9,2026-03-03,0.7042759225664366,0.8040788015172655,0.0,0.2758900101176006,0.0,0.0,0.0,0.0,16,33,0.4848484848484848,0.0,9.209944751381215,4.253117875582253,0.0493625517850181,0.0,0.5303867403314917,0.0,0.0,0.0,False,False,False,False,False,0.0,LOW,0,0,180.0,1,1,2,7.42,0.0,0.0,0,0,0,0,0.0,1.11,2.23,0,0,0.0,LOW
E000117,U014,2026-03-03 09:50:00,file_access,RES-057,0,20,DEV-017,0,0,,,0,0.0,manager,employee,PG2,9.704275922566437,0.8758792312861565,38.677763296678,11.40961798579808,55.77608679793822,202.16783773418675,1.3611711189876194,DEV-017,9,2026-03-03,0.7042759225664366,0.8040788015172655,0.0,0.2758900101176006,0.0,0.0,0.0,0.0,16,33,0.4848484848484848,0.0,9.209944751381215,4.253117875582253,0.0493625517850181,0.0,0.5303867403314917,0.0,0.0,0.0,False,False,False,False,False,0.0,LOW,0,0,1440.0,0,0,2,1.67,0.0,0.0,0,0,0,0,0.0,0.25,0.5,0,0,0.0,LOW
E000131,U014,2026-03-03 11:51:00,transaction,,0,0,DEV-017,0,0,,BEN-015,0,99.87,manager,employee,PG2,9.704275922566437,0.8758792312861565,38.677763296678,11.40961798579808,55.77608679793822,202.16783773418675,1.3611711189876194,DEV-017,11,2026-03-03,1.2957240774335634,1.4793410223129726,0.0,0.2181054795671164,0.0,0.0,0.0,0.0,8,33,0.2424242424242424,0.0,9.209944751381215,4.253117875582253,0.4208807046933129,0.0,0.1933701657458563,0.0,0.0,0.0,False,False,False,False,True,0.0,LOW,0,0,7260.0,0,0,0,0.0,1.79,17.9,0,0,0,0,20.0,6.68,7.58,0,0,0.0,LOW
E000256,U014,2026-03-05 09:46:00,login,,0,0,DEV-017,0,0,,,0,0.0,manager,employee,PG2,9.704275922566437,0.8758792312861565,38.677763296678,11.40961798579808,55.77608679793822,202.16783773418675,1.3611711189876194,DEV-017,9,2026-03-05,0.7042759225664366,0.8040788015172655,0.0,0.2758900101176006,0.0,0.0,0.0,0.0,9,33,0.2727272727272727,0.0,9.209944751381215,4.253117875582253,0.0493625517850181,0.0,0.2651933701657458,0.0,0.0,0.0,False,False,False,False,False,0.0,LOW,0,0,165300.0,0,0,0,0.0,0.0,0.0,0,0,0,0,0.0,0.0,0.0,0,0,0.0,LOW
E000264,U014,2026-03-05 10:47:00,file_access,RES-040,0,10,DEV-017,0,0,,,0,0.0,manager,employee,PG2,9.704275922566437,0.8758792312861565,38.677763296678,11.40961798579808,55.77608679793822,202.16783773418675,1.3611711189876194,DEV-017,10,2026-03-05,0.2957240774335634,0.3376311103978536,0.0,0.2758900101176006,0.0,0.0,0.0,0.0,16,33,0.4848484848484848,0.0,9.209944751381215,4.253117875582253,0.1857590764541474,0.0,0.5303867403314917,0.0,0.0,0.0,False,False,False,False,False,0.0,LOW,0,0,3660.0,0,0,0,0.0,0.0,0.0,0,0,0,0,0.0,0.0,0.0,0,0,0.0,LOW
E000272,U014,2026-03-05 11:50:00,transaction,,0,0,DEV-017,0,0,,BEN-026,0,70.78,manager,employee,PG2,9.704275922566437,0.8758792312861565,38.677763296678,11.40961798579808,55.77608679793822,202.16783773418675,1.3611711189876194,DEV-017,11,2026-03-05,1.2957240774335634,1.4793410223129726,0.0,0.0742151341688144,0.0,0.0,0.0,0.0,8,33,0.2424242424242424,0.0,9.209944751381215,4.253117875582253,0.4208807046933129,0.0,0.1933701657458563,0.0,0.0,0.0,False,False,False,False,True,0.0,LOW,0,0,3780.0,0,0,0,0.0,1.27,12.7,0,0,0,0,20.0,5.9,6.54,0,0,0.0,LOW
E000330,U014,2026-03-06 10:57:00,login,,0,0,DEV-017,0,0,,,0,0.0,manager,employee,PG2,9.704275922566437,0.8758792312861565,38.677763296678,11.40961798579808,55.77608679793822,202.16783773418675,1.3611711189876194,DEV-017,10,2026-03-06,0.2957240774335634,0.3376311103978536,0.0,0.2758900101176006,0.0,0.0,0.0,0.0,9,33,0.2727272727272727,0.0,9.209944751381215,4.253117875582253,0.1857590764541474,0.0,0.2651933701657458,0.0,0.0,0.0,False,False,False,False,False,0.0,LOW,0,0,83220.0,0,0,0,0.0,0.0,0.0,0,0,0,0,0.0,0.0,0.0,0,0,0.0,LOW
E000336,U014,2026-03-06 11:49:00,file_access,RES-044,0,19,DEV-017,0,0,,,0,0.0,manager,employee,PG2,9.704275922566437,0.8758792312861565,38.677763296678,11.40961798579808,55.77608679793822,202.16783773418675,1.3611711189876194,DEV-017,11,2026-03-06,1.2957240774335634,1.4793410223129726,0.0,0.2758900101176006,0.0,0.0,0.0,0.0,16,33,0.4848484848484848,0.0,9.209944751381215,4.253117875582253,0.4208807046933129,0.0,0.5303867403314917,0.0,0.0,0.0,False,False,False,False,False,0.0,LOW,0,0,3120.0,0,0,0,0.0,0.0,0.0,0,0,0,0,0.0,0.0,0.0,0,0,0.0,LOW
E000394,U014,2026-03-07 09:33:00,login,,0,0,DEV-017,0,0,,,0,0.0,manager,employee,PG2,9.704275922566437,0.8758792312861565,38.677763296678,11.40961798579808,55.77608679793822,202.16783773418675,1.3611711189876194,DEV-017,9,2026-03-07,0.7042759225664366,0.8040788015172655,0.0,0.2758900101176006,0.0,0.0,0.0,0.0,9,33,0.2727272727272727,0.0,9.209944751381215,4.253117875582253,0.0493625517850181,0.0,0.2651933701657458,0.0,0.0,0.0,False,False,False,False,False,0.0,LOW,0,1,78240.0,0,0,0,0.0,0.0,0.0,0,0,0,0,0.0,0.0,0.0,0,0,0.0,LOW
E000398,U014,2026-03-07 09:56:00,transaction,,0,0,DEV-017,0,0,,BEN-021,0,250.14,manager,employee,PG2,9.704275922566437,0.8758792312861565,38.677763296678,11.40961798579808,55.77608679793822,202.16783773418675,1.3611711189876194,DEV-017,9,2026-03-07,0.7042759225664366,0.8040788015172655,0.0,0.961398783211078,0.0,0.0,0.0,0.0,8,33,0.2424242424242424,0.0,9.209944751381215,4.253117875582253,0.0493625517850181,0.0,0.1933701657458563,0.0,0.0,0.0,False,False,False,False,True,0.0,LOW,0,1,1380.0,0,0,1,0.83,4.48,44.8,0,0,0,0,20.0,10.84,13.21,0,0,0.0,LOW
E000399,U014,2026-03-07 09:58:00,file_access,RES-053,0,7,DEV-017,0,0,,,0,0.0,manager,employee,PG2,9.704275922566437,0.8758792312861565,38.677763296678,11.40961798579808,55.77608679793822,202.16783773418675,1.3611711189876194,DEV-017,9,2026-03-07,0.7042759225664366,0.8040788015172655,0.0,0.2758900101176006,0.0,0.0,0.0,0.0,16,33,0.4848484848484848,0.0,9.209944751381215,4.253117875582253,0.0493625517850181,0.0,0.5303867403314917,0.0,0.0,0.0,False,False,False,False,False,0.0,LOW,0,1,120.0,1,1,2,7.42,0.0,0.0,0,0,0,0,0.0,1.11,2.23,0,0,0.0,LOW
E000417,U014,2026-03-07 11:20:00,file_access,RES-039,0,5,DEV-017,0,0,,,0,0.0,manager,employee,PG2,9.704275922566437,0.8758792312861565,38.677763296678,11.40961798579808,55.77608679793822,202.16783773418675,1.3611711189876194,DEV-017,11,2026-03-07,1.2957240774335634,1.4793410223129726,0.0,0.2758900101176006,0.0,0.0,0.0,0.0,16,33,0.4848484848484848,0.0,9.209944751381215,4.253117875582253,0.4208807046933129,0.0,0.5303867403314917,0.0,0.0,0.0,False,False,False,False,False,0.0,LOW,0,1,4920.0,0,0,0,0.0,0.0,0.0,0,0,0,0,0.0,0.0,0.0,0,0,0.0,LOW
E000047,U002,2026-03-02 11:32:00,transaction,,0,0,DEV-015,0,0,,BEN-025,0,24.67,admin,employee,PG2,8.074493048595176,0.6530465823625223,55.374870167235365,5.265359696838637,99.41882534332424,277.4595532228331,1.63482444180965,DEV-015,11,2026-03-02,2.925506951404824,4.47978295946552,0.0,0.2694044031826578,0.0,0.0,0.0,0.0,9,39,0.2307692307692307,0.0,9.209944751381215,4.253117875582253,0.4208807046933129,0.0,0.1933701657458563,0.0,0.0,0.0,False,False,False,False,True,0.0,LOW,0,0,6240.0,0,0,0,0.0,0.25,2.5,0,0,0,0,20.0,4.38,4.5,0,0,0.0,LOW
E000464,U014,2026-03-08 09:00:00,file_access,RES-049,0,6,DEV-017,0,0,,,0,0.0,manager,employee,PG2,9.704275922566437,0.8758792312861565,38.677763296678,11.40961798579808,55.77608679793822,202.16783773418675,1.3611711189876194,DEV-017,9,2026-03-08,0.7042759225664366,0.8040788015172655,0.0,0.2758900101176006,0.0,0.0,0.0,0.0,16,33,0.4848484848484848,0.0,9.209944751381215,4.253117875582253,0.0493625517850181,0.0,0.5303867403314917,0.0,0.0,0.0,False,False,False,False,False,0.0,LOW,0,1,900.0,0,1,1,2.58,0.0,0.0,0,0,0,0,0.0,0.39,0.77,0,0,0.0,LOW
E000466,U014,2026-03-08 09:24:00,file_access,RES-029,0,17,DEV-017,0,0,,,0,0.0,manager,employee,PG2,9.704275922566437,0.8758792312861565,38.677763296678,11.40961798579808,55.77608679793822,202.16783773418675,1.3611711189876194,DEV-017,9,2026-03-08,0.7042759225664366,0.8040788015172655,0.0,0.2758900101176006,0.0,0.0,0.0,0.0,16,33,0.4848484848484848,0.0,9.209944751381215,4.253117875582253,0.0493625517850181,0.0,0.5303867403314917,0.0,0.0,0.0,False,False,False,False,False,0.0,LOW,0,1,1440.0,0,0,1,0.83,0.0,0.0,0,0,0,0,0.0,0.12,0.25,0,0,0.0,LOW
E000479,U014,2026-03-08 10:38:00,file_access,RES-008,1,10,DEV-017,0,0,,,0,0.0,manager,employee,PG2,9.704275922566437,0.8758792312861565,38.677763296678,11.40961798579808,55.77608679793822,202.16783773418675,1.3611711189876194,DEV-017,10,2026-03-08,0.2957240774335634,0.3376311103978536,0.0,0.2758900101176006,0.0,0.0,0.0,0.0,16,33,0.4848484848484848,0.0,9.209944751381215,4.253117875582253,0.1857590764541474,0.0,0.5303867403314917,0.0,0.0,0.0,False,False,True,False,False,0.0,LOW,0,1,4440.0,0,0,0,0.0,0.0,0.0,0,0,0,0,20.0,4.0,4.0,0,0,0.0,LOW
E000095,U002,2026-03-03 08:00:00,login,,0,0,DEV-015,0,0,,,0,0.0,admin,employee,PG2,8.074493048595176,0.6530465823625223,55.374870167235365,5.265359696838637,99.41882534332424,277.4595532228331,1.63482444180965,DEV-015,8,2026-03-03,0.0744930485951762,0.1140700381980152,0.0,0.3583182636478877,0.0,0.0,0.0,0.0,9,39,0.2307692307692307,0.0,9.209944751381215,4.253117875582253,0.2844841800241836,0.0,0.2651933701657458,0.0,0.0,0.0,False,False,False,False,False,0.0,LOW,0,0,73680.0,0,0,0,0.0,0.0,0.0,0,0,0,0,0.0,0.0,0.0,0,0,0.0,LOW
E000540,U014,2026-03-09 09:22:00,login,,0,0,DEV-017,0,0,,,0,0.0,manager,employee,PG2,9.704275922566437,0.8758792312861565,38.677763296678,11.40961798579808,55.77608679793822,202.16783773418675,1.3611711189876194,DEV-017,9,2026-03-09,0.7042759225664366,0.8040788015172655,0.0,0.2758900101176006,0.0,0.0,0.0,0.0,9,33,0.2727272727272727,0.0,9.209944751381215,4.253117875582253,0.0493625517850181,0.0,0.2651933701657458,0.0,0.0,0.0,False,False,False,False,False,0.0,LOW,0,0,81360.0,0,0,0,0.0,0.0,0.0,0,0,0,0,0.0,0.0,0.0,0,0,0.0,LOW
E000546,U014,2026-03-09 10:20:00,file_access,RES-004,1,13,DEV-017,0,0,,,0,0.0,manager,employee,PG2,9.704275922566437,0.8758792312861565,38.677763296678,11.40961798579808,55.77608679793822,202.16783773418675,1.3611711189876194,DEV-017,10,2026-03-09,0.2957240774335634,0.3376311103978536,0.0,0.2758900101176006,0.0,0.0,0.0,0.0,16,33,0.4848484848484848,0.0,9.209944751381215,4.253117875582253,0.1857590764541474,0.0,0.5303867403314917,0.0,0.0,0.0,False,False,True,False,False,0.0,LOW,0,0,3480.0,0,0,0,0.0,0.0,0.0,0,0,0,0,20.0,4.0,4.0,0,0,0.0,LOW
E000097,U002,2026-03-03 08:14:00,file_access,RES-035,0,7,DEV-015,0,0,,,0,0.0,admin,employee,PG2,8.074493048595176,0.6530465823625223,55.374870167235365,5.265359696838637,99.41882534332424,277.4595532228331,1.63482444180965,DEV-015,8,2026-03-03,0.0744930485951762,0.1140700381980152,0.0,0.3583182636478877,0.0,0.0,0.0,0.0,19,39,0.4871794871794871,0.0,9.209944751381215,4.253117875582253,0.2844841800241836,0.0,0.5303867403314917,0.0,0.0,0.0,False,False,False,False,False,0.0,LOW,0,0,840.0,0,1,1,2.58,0.0,0.0,0,0,0,0,0.0,0.39,0.77,0,0,0.0,LOW
E000623,U014,2026-03-10 09:59:00,login,,0,0,DEV-017,0,0,,,0,0.0,manager,employee,PG2,9.704275922566437,0.8758792312861565,38.677763296678,11.40961798579808,55.77608679793822,202.16783773418675,1.3611711189876194,DEV-017,9,2026-03-10,0.7042759225664366,0.8040788015172655,0.0,0.2758900101176006,0.0,0.0,0.0,0.0,9,33,0.2727272727272727,0.0,9.209944751381215,4.253117875582253,0.0493625517850181,0.0,0.2651933701657458,0.0,0.0,0.0,False,False,False,False,False,0.0,LOW,0,0,84420.0,0,0,0,0.0,0.0,0.0,0,0,0,0,0.0,0.0,0.0,0,0,0.0,LOW
E000627,U014,2026-03-10 10:44:00,transaction,,0,0,DEV-017,0,0,,BEN-002,0,89.98,manager,employee,PG2,9.704275922566437,0.8758792312861565,38.677763296678,11.40961798579808,55.77608679793822,202.16783773418675,1.3611711189876194,DEV-017,10,2026-03-10,0.2957240774335634,0.3376311103978536,0.0,0.1691857299628123,0.0,0.0,0.0,0.0,8,33,0.2424242424242424,0.0,9.209944751381215,4.253117875582253,0.1857590764541474,0.0,0.1933701657458563,0.0,0.0,0.0,False,False,False,False,True,0.0,LOW,0,0,2700.0,0,0,0,0.0,1.61,16.1,0,0,0,0,20.0,6.42,7.22,0,0,0.0,LOW
E000639,U014,2026-03-10 11:51:00,file_access,RES-046,0,11,DEV-017,0,0,,,0,0.0,manager,employee,PG2,9.704275922566437,0.8758792312861565,38.677763296678,11.40961798579808,55.77608679793822,202.16783773418675,1.3611711189876194,DEV-017,11,2026-03-10,1.2957240774335634,1.4793410223129726,0.0,0.2758900101176006,0.0,0.0,0.0,0.0,16,33,0.4848484848484848,0.0,9.209944751381215,4.253117875582253,0.4208807046933129,0.0,0.5303867403314917,0.0,0.0,0.0,False,False,False,False,False,0.0,LOW,0,0,4020.0,0,0,0,0.0,0.0,0.0,0,0,0,0,0.0,0.0,0.0,0,0,0.0,LOW
E000695,U014,2026-03-11 10:08:00,login,,0,0,DEV-017,0,0,,,0,0.0,manager,employee,PG2,9.704275922566437,0.8758792312861565,38.677763296678,11.40961798579808,55.77608679793822,202.16783773418675,1.3611711189876194,DEV-017,10,2026-03-11,0.2957240774335634,0.3376311103978536,0.0,0.2758900101176006,0.0,0.0,0.0,0.0,9,33,0.2727272727272727,0.0,9.209944751381215,4.253117875582253,0.1857590764541474,0.0,0.2651933701657458,0.0,0.0,0.0,False,False,False,False,False,0.0,LOW,0,0,80220.0,0,0,0,0.0,0.0,0.0,0,0,0,0,0.0,0.0,0.0,0,0,0.0,LOW
E000696,U014,2026-03-11 10:13:00,file_access,RES-058,0,3,DEV-017,0,0,,,0,0.0,manager,employee,PG2,9.704275922566437,0.8758792312861565,38.677763296678,11.40961798579808,55.77608679793822,202.16783773418675,1.3611711189876194,DEV-017,10,2026-03-11,0.2957240774335634,0.3376311103978536,0.0,0.2758900101176006,0.0,0.0,0.0,0.0,16,33,0.4848484848484848,0.0,9.209944751381215,4.253117875582253,0.1857590764541474,0.0,0.5303867403314917,0.0,0.0,0.0,False,False,False,False,False,0.0,LOW,0,0,300.0,1,1,1,6.58,0.0,0.0,0,0,0,0,0.0,0.99,1.97,0,0,0.0,LOW
E000698,U014,2026-03-11 10:15:00,file_access,RES-017,0,7,DEV-017,0,0,,,0,0.0,manager,employee,PG2,9.704275922566437,0.8758792312861565,38.677763296678,11.40961798579808,55.77608679793822,202.16783773418675,1.3611711189876194,DEV-017,10,2026-03-11,0.2957240774335634,0.3376311103978536,0.0,0.2758900101176006,0.0,0.0,0.0,0.0,16,33,0.4848484848484848,0.0,9.209944751381215,4.253117875582253,0.1857590764541474,0.0,0.5303867403314917,0.0,0.0,0.0,False,False,False,False,False,0.0,LOW,0,0,120.0,1,2,2,9.17,0.0,0.0,0,0,0,0,0.0,1.38,2.75,0,0,0.0,LOW
E000712,U014,2026-03-11 11:13:00,file_access,RES-029,0,20,DEV-017,0,0,,,0,0.0,manager,employee,PG2,9.704275922566437,0.8758792312861565,38.677763296678,11.40961798579808,55.77608679793822,202.16783773418675,1.3611711189876194,DEV-017,11,2026-03-11,1.2957240774335634,1.4793410223129726,0.0,0.2758900101176006,0.0,0.0,0.0,0.0,16,33,0.4848484848484848,0.0,9.209944751381215,4.253117875582253,0.4208807046933129,0.0,0.5303867403314917,0.0,0.0,0.0,False,False,False,False,False,0.0,LOW,0,0,3480.0,0,0,0,0.0,0.0,0.0,0,0,0,0,0.0,0.0,0.0,0,0,0.0,LOW
E000715,U014,2026-03-11 12:38:00,transaction,,0,0,DEV-017,0,0,,BEN-024,0,0.0,manager,employee,PG2,9.704275922566437,0.8758792312861565,38.677763296678,11.40961798579808,55.77608679793822,202.16783773418675,1.3611711189876194,DEV-017,12,2026-03-11,2.2957240774335634,2.621050934228092,0.0,0.2758900101176006,0.0,0.0,0.0,0.0,8,33,0.2424242424242424,0.0,9.209944751381215,4.253117875582253,0.6560023329324784,0.0,0.1933701657458563,0.0,0.0,0.0,False,False,False,False,False,0.0,LOW,0,0,5100.0,0,0,0,0.0,0.0,0.0,0,0,0,0,0.0,0.0,0.0,0,0,0.0,LOW
E000106,U002,2026-03-03 09:24:00,file_access,RES-037,0,4,DEV-015,0,0,,,0,0.0,admin,employee,PG2,8.074493048595176,0.6530465823625223,55.374870167235365,5.265359696838637,99.41882534332424,277.4595532228331,1.63482444180965,DEV-015,9,2026-03-03,0.9255069514048238,1.4172142943564965,0.0,0.3583182636478877,0.0,0.0,0.0,0.0,19,39,0.4871794871794871,0.0,9.209944751381215,4.253117875582253,0.0493625517850181,0.0,0.5303867403314917,0.0,0.0,0.0,False,False,False,False,False,0.0,LOW,0,0,2460.0,0,0,0,0.0,0.0,0.0,0,0,0,0,0.0,0.0,0.0,0,0,0.0,LOW
E000004,U015,2026-03-02 02:00:00,file_access,RES-016,0,14,DEV-013,0,0,,,0,0.0,admin,automated_system,PG3,2.0,0.5,55.53771722230277,6.06410822797705,312.6500967832088,344.58427186036346,1.5229886459329025,DEV-013,2,2026-03-02,0.0,0.0,0.0,0.9073255000736208,0.0,0.0,0.0,0.0,20,40,0.5,0.0,7.707446808510638,4.872112925153142,1.1714520776078357,0.0,0.526595744680851,0.0,0.0,0.0,False,False,False,False,False,0.0,LOW,1,0,660.0,0,1,1,2.58,0.0,0.0,0,0,0,0,0.0,0.39,15.77,0,0,0.0,LOW
E000006,U015,2026-03-02 02:24:00,file_access,RES-020,0,4,DEV-013,0,0,,,0,0.0,admin,automated_system,PG3,2.0,0.5,55.53771722230277,6.06410822797705,312.6500967832088,344.58427186036346,1.5229886459329025,DEV-013,2,2026-03-02,0.0,0.0,0.0,0.9073255000736208,0.0,0.0,0.0,0.0,20,40,0.5,0.0,7.707446808510638,4.872112925153142,1.1714520776078357,0.0,0.526595744680851,0.0,0.0,0.0,False,False,False,False,False,0.0,LOW,1,0,1440.0,0,0,1,0.83,0.0,0.0,0,0,0,0,0.0,0.12,15.25,0,0,0.0,LOW
E000015,U015,2026-03-02 04:38:00,transaction,,0,0,DEV-013,0,0,,BEN-015,0,84.17,admin,automated_system,PG3,2.0,0.5,55.53771722230277,6.06410822797705,312.6500967832088,344.58427186036346,1.5229886459329025,DEV-013,4,2026-03-02,2.0,4.0,0.0,0.6630601436034093,0.0,0.0,0.0,0.0,10,40,0.25,0.0,7.707446808510638,4.872112925153142,0.7609525611301597,0.0,0.2127659574468085,0.0,0.0,0.0,False,False,False,False,True,0.0,LOW,1,0,8040.0,0,0,0,0.0,0.27,2.7,0,0,0,0,20.0,4.4,19.54,0,0,0.0,LOW
E000176,U002,2026-03-04 08:19:00,file_access,RES-054,0,18,DEV-015,0,0,,,0,0.0,admin,employee,PG2,8.074493048595176,0.6530465823625223,55.374870167235365,5.265359696838637,99.41882534332424,277.4595532228331,1.63482444180965,DEV-015,8,2026-03-04,0.0744930485951762,0.1140700381980152,0.0,0.3583182636478877,0.0,0.0,0.0,0.0,19,39,0.4871794871794871,0.0,9.209944751381215,4.253117875582253,0.2844841800241836,0.0,0.5303867403314917,0.0,0.0,0.0,False,False,False,False,False,0.0,LOW,0,0,3660.0,0,0,0,0.0,0.0,0.0,0,0,0,0,0.0,0.0,0.0,0,0,0.0,LOW
E000080,U015,2026-03-03 03:13:00,file_access,RES-028,0,1,DEV-013,0,0,,,0,0.0,admin,automated_system,PG3,2.0,0.5,55.53771722230277,6.06410822797705,312.6500967832088,344.58427186036346,1.5229886459329025,DEV-013,3,2026-03-03,1.0,2.0,0.0,0.9073255000736208,0.0,0.0,0.0,0.0,20,40,0.5,0.0,7.707446808510638,4.872112925153142,0.9662023193689976,0.0,0.526595744680851,0.0,0.0,0.0,False,False,False,False,False,0.0,LOW,1,0,2520.0,0,0,0,0.0,0.0,0.0,0,0,0,0,0.0,0.0,15.0,0,0,0.0,LOW
E000083,U015,2026-03-03 03:42:00,transaction,,0,0,DEV-013,0,0,,BEN-019,0,564.86,admin,automated_system,PG3,2.0,0.5,55.53771722230277,6.06410822797705,312.6500967832088,344.58427186036346,1.5229886459329025,DEV-013,3,2026-03-03,1.0,2.0,0.0,0.7319251742255801,0.0,0.0,0.0,0.0,10,40,0.25,0.0,7.707446808510638,4.872112925153142,0.9662023193689976,0.0,0.2127659574468085,0.0,0.0,0.0,False,False,False,False,True,0.0,LOW,1,0,1740.0,0,0,1,0.83,1.81,18.1,0,0,0,0,20.0,6.84,22.87,0,0,0.0,LOW
E000442,U019,2026-03-08 01:59:00,login,,0,0,DEV-024,0,0,,,0,0.0,admin,service_account,PG3,2.0,0.5,85.02394451015238,12.552651966358056,344.9338160498108,299.53214048669264,1.1969768999922874,DEV-024,1,2026-03-08,1.0,2.0,60.0,1.1515753050385429,0.0,0.0,0.0,0.0,10,34,0.2941176470588235,0.0,7.707446808510638,4.872112925153142,1.3767018358466736,30.0,0.2606382978723404,0.0,21.0,0.0,False,False,False,False,False,14.1,LOW,1,1,87000.0,0,0,0,0.0,0.0,0.0,0,0,0,0,0.0,0.0,15.0,0,0,0.0,LOW
E000509,U006,2026-03-09 01:11:00,login,,0,0,DEV-015,0,0,,,0,0.0,manager,automated_system,PG2,2.0,0.5,69.32002853504464,5.458243836556623,113.94913782577343,151.2857872607375,0.2393759307708824,DEV-015,1,2026-03-09,1.0,2.0,60.0,0.7532045137153881,0.0,0.0,0.0,0.0,10,30,0.3333333333333333,0.0,9.209944751381215,4.253117875582253,1.9303355776983424,30.0,0.2651933701657458,0.0,21.0,0.0,False,False,False,False,False,14.1,LOW,1,0,81720.0,0,0,0,0.0,0.0,0.0,0,0,0,0,0.0,0.0,15.0,0,0,0.0,LOW
E000314,U002,2026-03-06 07:37:00,file_access,RES-057,0,5,DEV-015,0,0,,,0,0.0,admin,employee,PG2,8.074493048595176,0.6530465823625223,55.374870167235365,5.265359696838637,99.41882534332424,277.4595532228331,1.63482444180965,DEV-015,7,2026-03-06,1.0744930485951762,1.645354370752527,0.0,0.3583182636478877,0.0,0.0,0.0,0.0,19,39,0.4871794871794871,0.0,9.209944751381215,4.253117875582253,0.5196058082633491,0.0,0.5303867403314917,0.0,0.0,0.0,False,False,False,False,False,0.0,LOW,1,0,1080.0,0,0,1,0.83,0.0,0.0,0,0,0,0,0.0,0.12,15.25,0,0,0.0,LOW
E000156,U015,2026-03-04 01:26:00,transaction,,0,0,DEV-013,0,0,,BEN-021,0,567.51,admin,automated_system,PG3,2.0,0.5,55.53771722230277,6.06410822797705,312.6500967832088,344.58427186036346,1.5229886459329025,DEV-013,1,2026-03-04,1.0,2.0,0.0,0.7396156006797331,0.0,0.0,0.0,0.0,10,40,0.25,0.0,7.707446808510638,4.872112925153142,1.3767018358466736,0.0,0.2127659574468085,0.0,0.0,0.0,False,False,False,False,True,0.0,LOW,1,0,1260.0,0,0,1,0.83,1.82,18.2,0,0,0,0,20.0,6.85,22.89,0,0,0.0,LOW
E000160,U015,2026-03-04 01:56:00,file_access,RES-005,1,17,DEV-013,0,0,,,0,0.0,admin,automated_system,PG3,2.0,0.5,55.53771722230277,6.06410822797705,312.6500967832088,344.58427186036346,1.5229886459329025,DEV-013,1,2026-03-04,1.0,2.0,0.0,0.9073255000736208,0.0,0.0,0.0,0.0,20,40,0.5,0.0,7.707446808510638,4.872112925153142,1.3767018358466736,0.0,0.526595744680851,0.0,0.0,0.0,False,False,True,False,False,0.0,LOW,1,0,1800.0,0,0,1,0.83,0.0,0.0,0,0,0,0,20.0,4.12,19.25,0,0,0.0,LOW
E000165,U015,2026-03-04 02:19:00,file_access,RES-033,0,17,DEV-013,0,0,,,0,0.0,admin,automated_system,PG3,2.0,0.5,55.53771722230277,6.06410822797705,312.6500967832088,344.58427186036346,1.5229886459329025,DEV-013,2,2026-03-04,0.0,0.0,0.0,0.9073255000736208,0.0,0.0,0.0,0.0,20,40,0.5,0.0,7.707446808510638,4.872112925153142,1.1714520776078357,0.0,0.526595744680851,0.0,0.0,0.0,False,False,False,False,False,0.0,LOW,1,0,1380.0,0,0,1,0.83,0.0,0.0,0,0,0,0,0.0,0.12,15.25,0,0,0.0,LOW
E000166,U015,2026-03-04 02:20:00,file_access,RES-002,1,13,DEV-013,0,0,,,0,0.0,admin,automated_system,PG3,2.0,0.5,55.53771722230277,6.06410822797705,312.6500967832088,344.58427186036346,1.5229886459329025,DEV-013,2,2026-03-04,0.0,0.0,0.0,0.9073255000736208,0.0,0.0,0.0,0.0,20,40,0.5,0.0,7.707446808510638,4.872112925153142,1.1714520776078357,0.0,0.526595744680851,0.0,0.0,0.0,False,False,True,False,False,0.0,LOW,1,0,60.0,1,1,2,7.42,0.0,0.0,0,0,0,0,20.0,5.11,21.23,0,0,0.0,LOW
E000315,U002,2026-03-06 07:57:00,file_access,RES-008,1,4,DEV-015,0,0,,,0,0.0,admin,employee,PG2,8.074493048595176,0.6530465823625223,55.374870167235365,5.265359696838637,99.41882534332424,277.4595532228331,1.63482444180965,DEV-015,7,2026-03-06,1.0744930485951762,1.645354370752527,0.0,0.3583182636478877,0.0,0.0,0.0,0.0,19,39,0.4871794871794871,0.0,9.209944751381215,4.253117875582253,0.5196058082633491,0.0,0.5303867403314917,0.0,0.0,0.0,False,False,True,False,False,0.0,LOW,1,0,1200.0,0,0,1,0.83,0.0,0.0,0,0,0,0,20.0,4.12,19.25,0,0,0.0,LOW
E000230,U015,2026-03-05 02:37:00,file_access,RES-051,0,3,DEV-013,0,0,,,0,0.0,admin,automated_system,PG3,2.0,0.5,55.53771722230277,6.06410822797705,312.6500967832088,344.58427186036346,1.5229886459329025,DEV-013,2,2026-03-05,0.0,0.0,0.0,0.9073255000736208,0.0,0.0,0.0,0.0,20,40,0.5,0.0,7.707446808510638,4.872112925153142,1.1714520776078357,0.0,0.526595744680851,0.0,0.0,0.0,False,False,False,False,False,0.0,LOW,1,0,3000.0,0,0,0,0.0,0.0,0.0,0,0,0,0,0.0,0.0,15.0,0,0,0.0,LOW
E000245,U015,2026-03-05 05:04:00,transaction,,0,0,DEV-013,0,0,,BEN-022,0,529.98,admin,automated_system,PG3,2.0,0.5,55.53771722230277,6.06410822797705,312.6500967832088,344.58427186036346,1.5229886459329025,DEV-013,5,2026-03-05,3.0,6.0,0.0,0.630701749802615,0.0,0.0,0.0,0.0,10,40,0.25,0.0,7.707446808510638,4.872112925153142,0.5557028028913218,0.0,0.2127659574468085,0.0,0.0,0.0,False,False,False,False,True,0.0,LOW,1,0,8820.0,0,0,0,0.0,1.7,17.0,0,0,0,0,20.0,6.55,22.4,0,0,0.0,LOW
E000319,U002,2026-03-06 08:59:00,file_access,RES-036,0,5,DEV-015,0,0,,,0,0.0,admin,employee,PG2,8.074493048595176,0.6530465823625223,55.374870167235365,5.265359696838637,99.41882534332424,277.4595532228331,1.63482444180965,DEV-015,8,2026-03-06,0.0744930485951762,0.1140700381980152,0.0,0.3583182636478877,0.0,0.0,0.0,0.0,19,39,0.4871794871794871,0.0,9.209944751381215,4.253117875582253,0.2844841800241836,0.0,0.5303867403314917,0.0,0.0,0.0,False,False,False,False,False,0.0,LOW,0,0,3720.0,0,0,0,0.0,0.0,0.0,0,0,0,0,0.0,0.0,0.0,0,0,0.0,LOW
E000299,U015,2026-03-06 02:09:00,file_access,RES-003,1,12,DEV-013,0,0,,,0,0.0,admin,automated_system,PG3,2.0,0.5,55.53771722230277,6.06410822797705,312.6500967832088,344.58427186036346,1.5229886459329025,DEV-013,2,2026-03-06,0.0,0.0,0.0,0.9073255000736208,0.0,0.0,0.0,0.0,20,40,0.5,0.0,7.707446808510638,4.872112925153142,1.1714520776078357,0.0,0.526595744680851,0.0,0.0,0.0,False,False,True,False,False,0.0,LOW,1,0,1320.0,0,0,1,0.83,0.0,0.0,0,0,0,0,20.0,4.12,19.25,0,0,0.0,LOW
E000305,U015,2026-03-06 03:01:00,file_access,RES-022,0,6,DEV-013,0,0,,,0,0.0,admin,automated_system,PG3,2.0,0.5,55.53771722230277,6.06410822797705,312.6500967832088,344.58427186036346,1.5229886459329025,DEV-013,3,2026-03-06,1.0,2.0,0.0,0.9073255000736208,0.0,0.0,0.0,0.0,20,40,0.5,0.0,7.707446808510638,4.872112925153142,0.9662023193689976,0.0,0.526595744680851,0.0,0.0,0.0,False,False,False,False,False,0.0,LOW,1,0,3120.0,0,0,0,0.0,0.0,0.0,0,0,0,0,0.0,0.0,15.0,0,0,0.0,LOW
E000311,U015,2026-03-06 04:52:00,transaction,,0,0,DEV-013,0,0,,BEN-015,0,0.0,admin,automated_system,PG3,2.0,0.5,55.53771722230277,6.06410822797705,312.6500967832088,344.58427186036346,1.5229886459329025,DEV-013,4,2026-03-06,2.0,4.0,0.0,0.9073255000736208,0.0,0.0,0.0,0.0,10,40,0.25,0.0,7.707446808510638,4.872112925153142,0.7609525611301597,0.0,0.2127659574468085,0.0,0.0,0.0,False,False,False,False,False,0.0,LOW,1,0,6660.0,0,0,0,0.0,0.0,0.0,0,0,0,0,0.0,0.0,15.0,0,0,0.0,LOW
E000323,U002,2026-03-06 10:03:00,transaction,,0,0,DEV-015,0,0,,BEN-022,0,161.68,admin,employee,PG2,8.074493048595176,0.6530465823625223,55.374870167235365,5.265359696838637,99.41882534332424,277.4595532228331,1.63482444180965,DEV-015,10,2026-03-06,1.925506951404824,2.9484986269110083,0.0,0.2243973001955806,0.0,0.0,0.0,0.0,9,39,0.2307692307692307,0.0,9.209944751381215,4.253117875582253,0.1857590764541474,0.0,0.1933701657458563,0.0,0.0,0.0,False,False,False,False,True,0.0,LOW,0,0,3840.0,0,0,0,0.0,1.63,16.3,0,0,0,0,20.0,6.44,7.26,0,0,0.0,LOW
E000376,U015,2026-03-07 02:24:00,file_access,RES-046,0,15,DEV-013,0,0,,,0,0.0,admin,automated_system,PG3,2.0,0.5,55.53771722230277,6.06410822797705,312.6500967832088,344.58427186036346,1.5229886459329025,DEV-013,2,2026-03-07,0.0,0.0,0.0,0.9073255000736208,0.0,0.0,0.0,0.0,20,40,0.5,0.0,7.707446808510638,4.872112925153142,1.1714520776078357,0.0,0.526595744680851,0.0,0.0,0.0,False,False,False,False,False,0.0,LOW,1,1,780.0,0,1,1,2.58,0.0,0.0,0,0,0,0,0.0,0.39,15.77,0,0,0.0,LOW
E000378,U015,2026-03-07 03:12:00,transaction,,0,0,DEV-013,0,0,,BEN-002,0,265.38,admin,automated_system,PG3,2.0,0.5,55.53771722230277,6.06410822797705,312.6500967832088,344.58427186036346,1.5229886459329025,DEV-013,3,2026-03-07,1.0,2.0,0.0,0.1371800765252692,0.0,0.0,0.0,0.0,10,40,0.25,0.0,7.707446808510638,4.872112925153142,0.9662023193689976,0.0,0.2127659574468085,0.0,0.0,0.0,False,False,False,False,True,0.0,LOW,1,1,2880.0,0,0,0,0.0,0.85,8.5,0,0,0,0,20.0,5.28,20.7,0,0,0.0,LOW
E000383,U002,2026-03-07 08:16:00,login,,0,0,DEV-015,0,0,,,0,0.0,admin,employee,PG2,8.074493048595176,0.6530465823625223,55.374870167235365,5.265359696838637,99.41882534332424,277.4595532228331,1.63482444180965,DEV-015,8,2026-03-07,0.0744930485951762,0.1140700381980152,0.0,0.3583182636478877,0.0,0.0,0.0,0.0,9,39,0.2307692307692307,0.0,9.209944751381215,4.253117875582253,0.2844841800241836,0.0,0.2651933701657458,0.0,0.0,0.0,False,False,False,False,False,0.0,LOW,0,1,79980.0,0,0,0,0.0,0.0,0.0,0,0,0,0,0.0,0.0,0.0,0,0,0.0,LOW
E000448,U015,2026-03-08 03:18:00,transaction,,0,0,DEV-013,0,0,,BEN-010,0,0.0,admin,automated_system,PG3,2.0,0.5,55.53771722230277,6.06410822797705,312.6500967832088,344.58427186036346,1.5229886459329025,DEV-013,3,2026-03-08,1.0,2.0,0.0,0.9073255000736208,0.0,0.0,0.0,0.0,10,40,0.25,0.0,7.707446808510638,4.872112925153142,0.9662023193689976,0.0,0.2127659574468085,0.0,0.0,0.0,False,False,False,False,False,0.0,LOW,1,1,3480.0,0,0,0,0.0,0.0,0.0,0,0,0,0,0.0,0.0,15.0,0,0,0.0,LOW
E000449,U015,2026-03-08 03:25:00,file_access,RES-017,0,2,DEV-013,0,0,,,0,0.0,admin,automated_system,PG3,2.0,0.5,55.53771722230277,6.06410822797705,312.6500967832088,344.58427186036346,1.5229886459329025,DEV-013,3,2026-03-08,1.0,2.0,0.0,0.9073255000736208,0.0,0.0,0.0,0.0,20,40,0.5,0.0,7.707446808510638,4.872112925153142,0.9662023193689976,0.0,0.526595744680851,0.0,0.0,0.0,False,False,False,False,False,0.0,LOW,1,1,420.0,0,1,1,2.58,0.0,0.0,0,0,0,0,0.0,0.39,15.77,0,0,0.0,LOW
E000155,U019,2026-03-04 01:17:00,login,,0,0,DEV-024,0,0,,,0,0.0,admin,service_account,PG3,2.0,0.5,85.02394451015238,12.552651966358056,344.9338160498108,299.53214048669264,1.1969768999922874,DEV-024,1,2026-03-04,1.0,2.0,60.0,1.1515753050385429,0.0,0.0,0.0,0.0,10,34,0.2941176470588235,0.0,7.707446808510638,4.872112925153142,1.3767018358466736,30.0,0.2606382978723404,0.0,21.0,0.0,False,False,False,False,False,14.1,LOW,1,0,76620.0,0,0,0,0.0,0.0,0.0,0,0,0,0,0.0,0.0,15.0,0,0,0.0,LOW
E000384,U002,2026-03-07 08:32:00,file_access,RES-041,0,14,DEV-015,0,0,,,0,0.0,admin,employee,PG2,8.074493048595176,0.6530465823625223,55.374870167235365,5.265359696838637,99.41882534332424,277.4595532228331,1.63482444180965,DEV-015,8,2026-03-07,0.0744930485951762,0.1140700381980152,0.0,0.3583182636478877,0.0,0.0,0.0,0.0,19,39,0.4871794871794871,0.0,9.209944751381215,4.253117875582253,0.2844841800241836,0.0,0.5303867403314917,0.0,0.0,0.0,False,False,False,False,False,0.0,LOW,0,1,960.0,0,0,1,0.83,0.0,0.0,0,0,0,0,0.0,0.12,0.25,0,0,0.0,LOW
E000516,U015,2026-03-09 02:42:00,file_access,RES-018,0,4,DEV-013,0,0,,,0,0.0,admin,automated_system,PG3,2.0,0.5,55.53771722230277,6.06410822797705,312.6500967832088,344.58427186036346,1.5229886459329025,DEV-013,2,2026-03-09,0.0,0.0,0.0,0.9073255000736208,0.0,0.0,0.0,0.0,20,40,0.5,0.0,7.707446808510638,4.872112925153142,1.1714520776078357,0.0,0.526595744680851,0.0,0.0,0.0,False,False,False,False,False,0.0,LOW,1,0,2820.0,0,0,0,0.0,0.0,0.0,0,0,0,0,0.0,0.0,15.0,0,0,0.0,LOW
E000519,U015,2026-03-09 03:42:00,file_access,RES-024,0,14,DEV-013,0,0,,,0,0.0,admin,automated_system,PG3,2.0,0.5,55.53771722230277,6.06410822797705,312.6500967832088,344.58427186036346,1.5229886459329025,DEV-013,3,2026-03-09,1.0,2.0,0.0,0.9073255000736208,0.0,0.0,0.0,0.0,20,40,0.5,0.0,7.707446808510638,4.872112925153142,0.9662023193689976,0.0,0.526595744680851,0.0,0.0,0.0,False,False,False,False,False,0.0,LOW,1,0,3600.0,0,0,0,0.0,0.0,0.0,0,0,0,0,0.0,0.0,15.0,0,0,0.0,LOW
E000388,U002,2026-03-07 08:59:00,transaction,,0,0,DEV-015,0,0,,BEN-024,0,0.0,admin,employee,PG2,8.074493048595176,0.6530465823625223,55.374870167235365,5.265359696838637,99.41882534332424,277.4595532228331,1.63482444180965,DEV-015,8,2026-03-07,0.0744930485951762,0.1140700381980152,0.0,0.3583182636478877,0.0,0.0,0.0,0.0,9,39,0.2307692307692307,0.0,9.209944751381215,4.253117875582253,0.2844841800241836,0.0,0.1933701657458563,0.0,0.0,0.0,False,False,False,False,False,0.0,LOW,0,1,1620.0,0,0,1,0.83,0.0,0.0,0,0,0,0,0.0,0.12,0.25,0,0,0.0,LOW
E000002,U019,2026-03-02 01:34:00,login,,0,0,DEV-024,0,0,,,0,0.0,admin,service_account,PG3,2.0,0.5,85.02394451015238,12.552651966358056,344.9338160498108,299.53214048669264,1.1969768999922874,DEV-024,1,2026-03-02,1.0,2.0,60.0,1.1515753050385429,0.0,0.0,0.0,0.0,10,34,0.2941176470588235,0.0,7.707446808510638,4.872112925153142,1.3767018358466736,30.0,0.2606382978723404,0.0,21.0,0.0,False,False,False,False,False,14.1,LOW,1,0,999999.0,0,0,0,0.0,0.0,0.0,0,0,0,0,0.0,0.0,15.0,0,0,0.0,LOW
E000404,U002,2026-03-07 10:07:00,file_access,RES-018,0,2,DEV-015,0,0,,,0,0.0,admin,employee,PG2,8.074493048595176,0.6530465823625223,55.374870167235365,5.265359696838637,99.41882534332424,277.4595532228331,1.63482444180965,DEV-015,10,2026-03-07,1.925506951404824,2.9484986269110083,0.0,0.3583182636478877,0.0,0.0,0.0,0.0,19,39,0.4871794871794871,0.0,9.209944751381215,4.253117875582253,0.1857590764541474,0.0,0.5303867403314917,0.0,0.0,0.0,False,False,False,False,False,0.0,LOW,0,1,2640.0,0,0,0,0.0,0.0,0.0,0,0,0,0,0.0,0.0,0.0,0,0,0.0,LOW
E000597,U015,2026-03-10 04:18:00,file_access,RES-034,0,9,DEV-013,0,0,,,0,0.0,admin,automated_system,PG3,2.0,0.5,55.53771722230277,6.06410822797705,312.6500967832088,344.58427186036346,1.5229886459329025,DEV-013,4,2026-03-10,2.0,4.0,0.0,0.9073255000736208,0.0,0.0,0.0,0.0,20,40,0.5,0.0,7.707446808510638,4.872112925153142,0.7609525611301597,0.0,0.526595744680851,0.0,0.0,0.0,False,False,False,False,False,0.0,LOW,1,0,6420.0,0,0,0,0.0,0.0,0.0,0,0,0,0,0.0,0.0,15.0,0,0,0.0,LOW
E000598,U015,2026-03-10 04:18:00,file_access,RES-006,1,14,DEV-013,0,0,,,0,0.0,admin,automated_system,PG3,2.0,0.5,55.53771722230277,6.06410822797705,312.6500967832088,344.58427186036346,1.5229886459329025,DEV-013,4,2026-03-10,2.0,4.0,0.0,0.9073255000736208,0.0,0.0,0.0,0.0,20,40,0.5,0.0,7.707446808510638,4.872112925153142,0.7609525611301597,0.0,0.526595744680851,0.0,0.0,0.0,False,False,True,False,False,0.0,LOW,1,0,0.0,0,0,0,0.0,0.0,0.0,0,0,0,0,20.0,4.0,19.0,0,0,0.0,LOW
E000601,U015,2026-03-10 05:15:00,transaction,,0,0,DEV-013,0,0,,BEN-027,0,246.34,admin,automated_system,PG3,2.0,0.5,55.53771722230277,6.06410822797705,312.6500967832088,344.58427186036346,1.5229886459329025,DEV-013,5,2026-03-10,3.0,6.0,0.0,0.1924350650864291,0.0,0.0,0.0,0.0,10,40,0.25,0.0,7.707446808510638,4.872112925153142,0.5557028028913218,0.0,0.2127659574468085,0.0,0.0,0.0,False,False,False,False,True,0.0,LOW,1,0,3420.0,0,0,0,0.0,0.79,7.9,0,0,0,0,20.0,5.18,20.58,0,0,0.0,LOW
E000460,U002,2026-03-08 07:59:00,file_access,RES-057,0,5,DEV-015,0,0,,,0,0.0,admin,employee,PG2,8.074493048595176,0.6530465823625223,55.374870167235365,5.265359696838637,99.41882534332424,277.4595532228331,1.63482444180965,DEV-015,7,2026-03-08,1.0744930485951762,1.645354370752527,0.0,0.3583182636478877,0.0,0.0,0.0,0.0,19,39,0.4871794871794871,0.0,9.209944751381215,4.253117875582253,0.5196058082633491,0.0,0.5303867403314917,0.0,0.0,0.0,False,False,False,False,False,0.0,LOW,1,1,840.0,0,1,1,2.58,0.0,0.0,0,0,0,0,0.0,0.39,15.77,0,0,0.0,LOW
E000672,U015,2026-03-11 02:52:00,file_access,RES-043,0,10,DEV-013,0,0,,,0,0.0,admin,automated_system,PG3,2.0,0.5,55.53771722230277,6.06410822797705,312.6500967832088,344.58427186036346,1.5229886459329025,DEV-013,2,2026-03-11,0.0,0.0,0.0,0.9073255000736208,0.0,0.0,0.0,0.0,20,40,0.5,0.0,7.707446808510638,4.872112925153142,1.1714520776078357,0.0,0.526595744680851,0.0,0.0,0.0,False,False,False,False,False,0.0,LOW,1,0,2760.0,0,0,0,0.0,0.0,0.0,0,0,0,0,0.0,0.0,15.0,0,0,0.0,LOW
E000678,U015,2026-03-11 04:50:00,transaction,,0,0,DEV-013,0,0,,BEN-023,0,573.04,admin,automated_system,PG3,2.0,0.5,55.53771722230277,6.06410822797705,312.6500967832088,344.58427186036346,1.5229886459329025,DEV-013,4,2026-03-11,2.0,4.0,0.0,0.7556639245633052,0.0,0.0,0.0,0.0,10,40,0.25,0.0,7.707446808510638,4.872112925153142,0.7609525611301597,0.0,0.2127659574468085,0.0,0.0,0.0,False,False,False,False,True,0.0,LOW,1,0,7080.0,0,0,0,0.0,1.83,18.3,0,0,0,0,20.0,6.74,22.66,0,0,0.0,LOW
E000465,U002,2026-03-08 09:01:00,file_access,RES-001,1,4,DEV-015,0,0,,,0,0.0,admin,employee,PG2,8.074493048595176,0.6530465823625223,55.374870167235365,5.265359696838637,99.41882534332424,277.4595532228331,1.63482444180965,DEV-015,9,2026-03-08,0.9255069514048238,1.4172142943564965,0.0,0.3583182636478877,0.0,0.0,0.0,0.0,19,39,0.4871794871794871,0.0,9.209944751381215,4.253117875582253,0.0493625517850181,0.0,0.5303867403314917,0.0,0.0,0.0,False,False,True,False,False,0.0,LOW,0,1,3720.0,0,0,0,0.0,0.0,0.0,0,0,0,0,20.0,4.0,4.0,0,0,0.0,LOW
E000028,U016,2026-03-02 09:25:00,file_access,RES-028,0,9,DEV-008,0,0,,,0,0.0,finance_officer,employee,PG4,8.93478463147787,0.6130843250272073,86.74498233574519,14.224340806182749,2771.7817843079665,259.6306045610802,1.4658171240868436,DEV-008,9,2026-03-02,0.0652153685221303,0.1063725915994284,0.0,10.6758669263734,0.0,0.0,0.0,0.0,13,29,0.4482758620689655,0.0,10.228260869565217,4.541498418788599,0.2704527793038059,0.0,0.4945652173913043,0.0,0.0,0.0,False,False,False,False,False,0.0,LOW,0,0,4980.0,0,0,0,0.0,0.0,0.0,0,0,0,0,0.0,0.0,0.0,0,0,0.0,LOW
E000030,U016,2026-03-02 09:28:00,file_access,RES-051,0,2,DEV-008,0,0,,,0,0.0,finance_officer,employee,PG4,8.93478463147787,0.6130843250272073,86.74498233574519,14.224340806182749,2771.7817843079665,259.6306045610802,1.4658171240868436,DEV-008,9,2026-03-02,0.0652153685221303,0.1063725915994284,0.0,10.6758669263734,0.0,0.0,0.0,0.0,13,29,0.4482758620689655,0.0,10.228260869565217,4.541498418788599,0.2704527793038059,0.0,0.4945652173913043,0.0,0.0,0.0,False,False,False,False,False,0.0,LOW,0,0,180.0,1,1,1,6.58,0.0,0.0,0,0,0,0,0.0,0.99,1.97,0,0,0.0,LOW
E000035,U016,2026-03-02 09:58:00,file_access,RES-059,0,12,DEV-008,0,0,,,0,0.0,finance_officer,employee,PG4,8.93478463147787,0.6130843250272073,86.74498233574519,14.224340806182749,2771.7817843079665,259.6306045610802,1.4658171240868436,DEV-008,9,2026-03-02,0.0652153685221303,0.1063725915994284,0.0,10.6758669263734,0.0,0.0,0.0,0.0,13,29,0.4482758620689655,0.0,10.228260869565217,4.541498418788599,0.2704527793038059,0.0,0.4945652173913043,0.0,0.0,0.0,False,False,False,False,False,0.0,LOW,0,0,1800.0,0,0,1,0.83,0.0,0.0,0,0,0,0,0.0,0.12,0.25,0,0,0.0,LOW
E000044,U016,2026-03-02 10:55:00,transaction,,0,0,DEV-008,0,0,,BEN-013,0,2547.23,finance_officer,employee,PG4,8.93478463147787,0.6130843250272073,86.74498233574519,14.224340806182749,2771.7817843079665,259.6306045610802,1.4658171240868436,DEV-008,10,2026-03-02,1.0652153685221304,1.737469586218598,0.0,0.8648895020969644,0.0,0.0,0.0,0.0,7,29,0.2413793103448276,0.0,10.228260869565217,4.541498418788599,0.0502611359768134,0.0,0.2445652173913043,0.0,0.0,0.0,False,False,False,False,True,0.0,LOW,0,0,3420.0,0,0,0,0.0,0.92,9.2,0,0,0,0,20.0,5.38,5.84,0,0,0.0,LOW
E000101,U016,2026-03-03 09:01:00,login,,0,0,DEV-008,0,0,,,0,0.0,finance_officer,employee,PG4,8.93478463147787,0.6130843250272073,86.74498233574519,14.224340806182749,2771.7817843079665,259.6306045610802,1.4658171240868436,DEV-008,9,2026-03-03,0.0652153685221303,0.1063725915994284,0.0,10.6758669263734,0.0,0.0,0.0,0.0,9,29,0.3103448275862069,0.0,10.228260869565217,4.541498418788599,0.2704527793038059,0.0,0.2608695652173913,0.0,0.0,0.0,False,False,False,False,False,0.0,LOW,0,0,79560.0,0,0,0,0.0,0.0,0.0,0,0,0,0,0.0,0.0,0.0,0,0,0.0,LOW
E000469,U002,2026-03-08 09:29:00,transaction,,0,0,DEV-015,0,0,,BEN-005,0,0.0,admin,employee,PG2,8.074493048595176,0.6530465823625223,55.374870167235365,5.265359696838637,99.41882534332424,277.4595532228331,1.63482444180965,DEV-015,9,2026-03-08,0.9255069514048238,1.4172142943564965,0.0,0.3583182636478877,0.0,0.0,0.0,0.0,9,39,0.2307692307692307,0.0,9.209944751381215,4.253117875582253,0.0493625517850181,0.0,0.1933701657458563,0.0,0.0,0.0,False,False,False,False,False,0.0,LOW,0,1,1680.0,0,0,1,0.83,0.0,0.0,0,0,0,0,0.0,0.12,0.25,0,0,0.0,LOW
E000124,U016,2026-03-03 10:54:00,file_access,RES-039,0,15,DEV-008,0,0,,,0,0.0,finance_officer,employee,PG4,8.93478463147787,0.6130843250272073,86.74498233574519,14.224340806182749,2771.7817843079665,259.6306045610802,1.4658171240868436,DEV-008,10,2026-03-03,1.0652153685221304,1.737469586218598,0.0,10.6758669263734,0.0,0.0,0.0,0.0,13,29,0.4482758620689655,0.0,10.228260869565217,4.541498418788599,0.0502611359768134,0.0,0.4945652173913043,0.0,0.0,0.0,False,False,False,False,False,0.0,LOW,0,0,5160.0,0,0,0,0.0,0.0,0.0,0,0,0,0,0.0,0.0,0.0,0,0,0.0,LOW
E000622,U002,2026-03-10 09:59:00,file_access,RES-023,0,7,DEV-015,0,0,,,0,0.0,admin,employee,PG2,8.074493048595176,0.6530465823625223,55.374870167235365,5.265359696838637,99.41882534332424,277.4595532228331,1.63482444180965,DEV-015,9,2026-03-10,0.9255069514048238,1.4172142943564965,0.0,0.3583182636478877,0.0,0.0,0.0,0.0,19,39,0.4871794871794871,0.0,9.209944751381215,4.253117875582253,0.0493625517850181,0.0,0.5303867403314917,0.0,0.0,0.0,False,False,False,False,False,0.0,LOW,0,0,7200.0,0,0,0,0.0,0.0,0.0,0,0,0,0,0.0,0.0,0.0,0,0,0.0,LOW
E000188,U016,2026-03-04 09:58:00,file_access,RES-010,0,15,DEV-008,0,0,,,0,0.0,finance_officer,employee,PG4,8.93478463147787,0.6130843250272073,86.74498233574519,14.224340806182749,2771.7817843079665,259.6306045610802,1.4658171240868436,DEV-008,9,2026-03-04,0.0652153685221303,0.1063725915994284,0.0,10.6758669263734,0.0,0.0,0.0,0.0,13,29,0.4482758620689655,0.0,10.228260869565217,4.541498418788599,0.2704527793038059,0.0,0.4945652173913043,0.0,0.0,0.0,False,False,False,False,False,0.0,LOW,0,0,4920.0,0,0,0,0.0,0.0,0.0,0,0,0,0,0.0,0.0,0.0,0,0,0.0,LOW
E000257,U016,2026-03-05 09:48:00,login,,0,0,DEV-008,0,0,,,0,0.0,finance_officer,employee,PG4,8.93478463147787,0.6130843250272073,86.74498233574519,14.224340806182749,2771.7817843079665,259.6306045610802,1.4658171240868436,DEV-008,9,2026-03-05,0.0652153685221303,0.1063725915994284,0.0,10.6758669263734,0.0,0.0,0.0,0.0,9,29,0.3103448275862069,0.0,10.228260869565217,4.541498418788599,0.2704527793038059,0.0,0.2608695652173913,0.0,0.0,0.0,False,False,False,False,False,0.0,LOW,0,0,85800.0,0,0,0,0.0,0.0,0.0,0,0,0,0,0.0,0.0,0.0,0,0,0.0,LOW
E000269,U016,2026-03-05 11:06:00,file_access,RES-009,1,17,DEV-008,0,0,,,0,0.0,finance_officer,employee,PG4,8.93478463147787,0.6130843250272073,86.74498233574519,14.224340806182749,2771.7817843079665,259.6306045610802,1.4658171240868436,DEV-008,11,2026-03-05,2.0652153685221304,3.368566580837768,0.0,10.6758669263734,0.0,0.0,0.0,0.0,13,29,0.4482758620689655,0.0,10.228260869565217,4.541498418788599,0.1699305073501791,0.0,0.4945652173913043,0.0,0.0,0.0,False,False,True,False,False,0.0,LOW,0,0,4680.0,0,0,0,0.0,0.0,0.0,0,0,0,0,20.0,4.0,4.0,0,0,0.0,LOW
E000270,U016,2026-03-05 11:18:00,transaction,,0,0,DEV-008,0,0,,BEN-004,0,2655.69,finance_officer,employee,PG4,8.93478463147787,0.6130843250272073,86.74498233574519,14.224340806182749,2771.7817843079665,259.6306045610802,1.4658171240868436,DEV-008,11,2026-03-05,2.0652153685221304,3.368566580837768,0.0,0.4471421406741551,0.0,0.0,0.0,0.0,7,29,0.2413793103448276,0.0,10.228260869565217,4.541498418788599,0.1699305073501791,0.0,0.2445652173913043,0.0,0.0,0.0,False,False,False,False,True,0.0,LOW,0,0,720.0,0,1,1,2.58,0.96,9.6,0,0,0,0,20.0,5.83,6.69,0,0,0.0,LOW
E000684,U002,2026-03-11 08:39:00,login,,0,0,DEV-015,0,0,,,0,0.0,admin,employee,PG2,8.074493048595176,0.6530465823625223,55.374870167235365,5.265359696838637,99.41882534332424,277.4595532228331,1.63482444180965,DEV-015,8,2026-03-11,0.0744930485951762,0.1140700381980152,0.0,0.3583182636478877,0.0,0.0,0.0,0.0,9,39,0.2307692307692307,0.0,9.209944751381215,4.253117875582253,0.2844841800241836,0.0,0.2651933701657458,0.0,0.0,0.0,False,False,False,False,False,0.0,LOW,0,0,21480.0,0,0,0,0.0,0.0,0.0,0,0,0,0,0.0,0.0,0.0,0,0,0.0,LOW
E000397,U016,2026-03-07 09:49:00,file_access,RES-008,1,9,DEV-008,0,0,,,0,0.0,finance_officer,employee,PG4,8.93478463147787,0.6130843250272073,86.74498233574519,14.224340806182749,2771.7817843079665,259.6306045610802,1.4658171240868436,DEV-008,9,2026-03-07,0.0652153685221303,0.1063725915994284,0.0,10.6758669263734,0.0,0.0,0.0,0.0,13,29,0.4482758620689655,0.0,10.228260869565217,4.541498418788599,0.2704527793038059,0.0,0.4945652173913043,0.0,0.0,0.0,False,False,True,False,False,0.0,LOW,0,1,4560.0,0,0,0,0.0,0.0,0.0,0,0,0,0,20.0,4.0,4.0,0,0,0.0,LOW
E000405,U016,2026-03-07 10:17:00,file_access,RES-017,0,15,DEV-008,0,0,,,0,0.0,finance_officer,employee,PG4,8.93478463147787,0.6130843250272073,86.74498233574519,14.224340806182749,2771.7817843079665,259.6306045610802,1.4658171240868436,DEV-008,10,2026-03-07,1.0652153685221304,1.737469586218598,0.0,10.6758669263734,0.0,0.0,0.0,0.0,13,29,0.4482758620689655,0.0,10.228260869565217,4.541498418788599,0.0502611359768134,0.0,0.4945652173913043,0.0,0.0,0.0,False,False,False,False,False,0.0,LOW,0,1,1680.0,0,0,1,0.83,0.0,0.0,0,0,0,0,0.0,0.12,0.25,0,0,0.0,LOW
E000416,U016,2026-03-07 11:19:00,transaction,,0,0,DEV-008,0,0,,BEN-016,0,2643.53,finance_officer,employee,PG4,8.93478463147787,0.6130843250272073,86.74498233574519,14.224340806182749,2771.7817843079665,259.6306045610802,1.4658171240868436,DEV-008,11,2026-03-07,2.0652153685221304,3.368566580837768,0.0,0.4939779134466178,0.0,0.0,0.0,0.0,7,29,0.2413793103448276,0.0,10.228260869565217,4.541498418788599,0.1699305073501791,0.0,0.2445652173913043,0.0,0.0,0.0,False,False,False,False,True,0.0,LOW,0,1,3720.0,0,0,0,0.0,0.95,9.5,0,0,0,0,20.0,5.42,5.9,0,0,0.0,LOW
E000686,U002,2026-03-11 09:03:00,file_access,RES-016,0,6,DEV-015,0,0,,,0,0.0,admin,employee,PG2,8.074493048595176,0.6530465823625223,55.374870167235365,5.265359696838637,99.41882534332424,277.4595532228331,1.63482444180965,DEV-015,9,2026-03-11,0.9255069514048238,1.4172142943564965,0.0,0.3583182636478877,0.0,0.0,0.0,0.0,19,39,0.4871794871794871,0.0,9.209944751381215,4.253117875582253,0.0493625517850181,0.0,0.5303867403314917,0.0,0.0,0.0,False,False,False,False,False,0.0,LOW,0,0,1440.0,0,0,1,0.83,0.0,0.0,0,0,0,0,0.0,0.12,0.25,0,0,0.0,LOW
E000484,U016,2026-03-08 11:10:00,file_access,RES-012,0,15,DEV-008,0,0,,,0,0.0,finance_officer,employee,PG4,8.93478463147787,0.6130843250272073,86.74498233574519,14.224340806182749,2771.7817843079665,259.6306045610802,1.4658171240868436,DEV-008,11,2026-03-08,2.0652153685221304,3.368566580837768,0.0,10.6758669263734,0.0,0.0,0.0,0.0,13,29,0.4482758620689655,0.0,10.228260869565217,4.541498418788599,0.1699305073501791,0.0,0.4945652173913043,0.0,0.0,0.0,False,False,False,False,False,0.0,LOW,0,1,3720.0,0,0,0,0.0,0.0,0.0,0,0,0,0,0.0,0.0,0.0,0,0,0.0,LOW
E000697,U002,2026-03-11 10:14:00,transaction,,0,0,DEV-015,0,0,,BEN-022,0,157.18,admin,employee,PG2,8.074493048595176,0.6530465823625223,55.374870167235365,5.265359696838637,99.41882534332424,277.4595532228331,1.63482444180965,DEV-015,10,2026-03-11,1.925506951404824,2.9484986269110083,0.0,0.20817872005397,0.0,0.0,0.0,0.0,9,39,0.2307692307692307,0.0,9.209944751381215,4.253117875582253,0.1857590764541474,0.0,0.1933701657458563,0.0,0.0,0.0,False,False,False,False,True,0.0,LOW,0,0,4260.0,0,0,0,0.0,1.58,15.8,0,0,0,0,20.0,6.37,7.16,0,0,0.0,LOW
E000554,U016,2026-03-09 11:56:00,file_access,RES-019,0,10,DEV-008,0,0,,,0,0.0,finance_officer,employee,PG4,8.93478463147787,0.6130843250272073,86.74498233574519,14.224340806182749,2771.7817843079665,259.6306045610802,1.4658171240868436,DEV-008,11,2026-03-09,2.0652153685221304,3.368566580837768,0.0,10.6758669263734,0.0,0.0,0.0,0.0,13,29,0.4482758620689655,0.0,10.228260869565217,4.541498418788599,0.1699305073501791,0.0,0.4945652173913043,0.0,0.0,0.0,False,False,False,False,False,0.0,LOW,0,0,4440.0,0,0,0,0.0,0.0,0.0,0,0,0,0,0.0,0.0,0.0,0,0,0.0,LOW
E000557,U016,2026-03-09 12:17:00,file_access,RES-005,1,18,DEV-008,0,0,,,0,0.0,finance_officer,employee,PG4,8.93478463147787,0.6130843250272073,86.74498233574519,14.224340806182749,2771.7817843079665,259.6306045610802,1.4658171240868436,DEV-008,12,2026-03-09,3.0652153685221304,4.999663575456937,0.0,10.6758669263734,0.0,0.0,0.0,0.0,13,29,0.4482758620689655,0.0,10.228260869565217,4.541498418788599,0.3901221506771717,0.0,0.4945652173913043,0.0,0.0,0.0,False,False,True,False,False,0.0,LOW,0,0,1260.0,0,0,1,0.83,0.0,0.0,0,0,0,0,20.0,4.12,4.25,0,0,0.0,LOW
E000560,U016,2026-03-09 13:54:00,transaction,,0,0,DEV-008,0,0,,BEN-023,0,2617.48,finance_officer,employee,PG4,8.93478463147787,0.6130843250272073,86.74498233574519,14.224340806182749,2771.7817843079665,259.6306045610802,1.4658171240868436,DEV-008,13,2026-03-09,4.06521536852213,6.630760570076107,0.0,0.5943127720586798,0.0,0.0,0.0,0.0,7,29,0.2413793103448276,0.0,10.228260869565217,4.541498418788599,0.6103137940041643,0.0,0.2445652173913043,0.0,0.0,0.0,False,False,False,False,True,0.0,LOW,0,0,5820.0,0,0,0,0.0,0.94,9.4,0,0,0,0,20.0,5.41,5.88,0,0,0.0,LOW
E000701,U002,2026-03-11 10:26:00,file_access,RES-052,0,6,DEV-015,0,0,,,0,0.0,admin,employee,PG2,8.074493048595176,0.6530465823625223,55.374870167235365,5.265359696838637,99.41882534332424,277.4595532228331,1.63482444180965,DEV-015,10,2026-03-11,1.925506951404824,2.9484986269110083,0.0,0.3583182636478877,0.0,0.0,0.0,0.0,19,39,0.4871794871794871,0.0,9.209944751381215,4.253117875582253,0.1857590764541474,0.0,0.5303867403314917,0.0,0.0,0.0,False,False,False,False,False,0.0,LOW,0,0,720.0,0,1,1,2.58,0.0,0.0,0,0,0,0,0.0,0.39,0.77,0,0,0.0,LOW
E000610,U016,2026-03-10 08:52:00,file_access,RES-013,0,5,DEV-008,0,0,,,0,0.0,finance_officer,employee,PG4,8.93478463147787,0.6130843250272073,86.74498233574519,14.224340806182749,2771.7817843079665,259.6306045610802,1.4658171240868436,DEV-008,8,2026-03-10,0.9347846314778696,1.524724403019741,0.0,10.6758669263734,0.0,0.0,0.0,0.0,13,29,0.4482758620689655,0.0,10.228260869565217,4.541498418788599,0.4906444226307985,0.0,0.4945652173913043,0.0,0.0,0.0,False,False,False,False,False,0.0,LOW,0,0,1200.0,0,0,1,0.83,0.0,0.0,0,0,0,0,0.0,0.12,0.25,0,0,0.0,LOW
E000703,U002,2026-03-11 10:36:00,file_access,RES-027,0,1,DEV-015,0,0,,,0,0.0,admin,employee,PG2,8.074493048595176,0.6530465823625223,55.374870167235365,5.265359696838637,99.41882534332424,277.4595532228331,1.63482444180965,DEV-015,10,2026-03-11,1.925506951404824,2.9484986269110083,0.0,0.3583182636478877,0.0,0.0,0.0,0.0,19,39,0.4871794871794871,0.0,9.209944751381215,4.253117875582253,0.1857590764541474,0.0,0.5303867403314917,0.0,0.0,0.0,False,False,False,False,False,0.0,LOW,0,0,600.0,0,1,2,3.42,0.0,0.0,0,0,0,0,0.0,0.51,1.03,0,0,0.0,LOW
E000055,U003,2026-03-02 14:20:00,file_access,RES-051,0,4,DEV-018,0,0,,,0,0.0,admin,service_account,PG3,14.0,0.5,39.47334957614639,13.69300320792934,379.4036835648837,105.88076073191156,1.2678431944605075,DEV-018,14,2026-03-02,0.0,0.0,0.0,3.58331089559819,0.0,0.0,0.0,0.0,20,40,0.5,0.0,7.707446808510638,4.872112925153142,1.2915450212582198,0.0,0.526595744680851,0.0,0.0,0.0,False,False,False,False,False,0.0,LOW,0,0,1500.0,0,0,1,0.83,0.0,0.0,0,0,0,0,0.0,0.12,0.25,0,0,0.0,LOW
E000692,U016,2026-03-11 09:58:00,file_access,RES-057,0,3,DEV-008,0,0,,,0,0.0,finance_officer,employee,PG4,8.93478463147787,0.6130843250272073,86.74498233574519,14.224340806182749,2771.7817843079665,259.6306045610802,1.4658171240868436,DEV-008,9,2026-03-11,0.0652153685221303,0.1063725915994284,0.0,10.6758669263734,0.0,0.0,0.0,0.0,13,29,0.4482758620689655,0.0,10.228260869565217,4.541498418788599,0.2704527793038059,0.0,0.4945652173913043,0.0,0.0,0.0,False,False,False,False,False,0.0,LOW,0,0,4980.0,0,0,0,0.0,0.0,0.0,0,0,0,0,0.0,0.0,0.0,0,0,0.0,LOW
E000702,U016,2026-03-11 10:26:00,transaction,,0,0,DEV-008,0,0,,BEN-023,0,2643.93,finance_officer,employee,PG4,8.93478463147787,0.6130843250272073,86.74498233574519,14.224340806182749,2771.7817843079665,259.6306045610802,1.4658171240868436,DEV-008,10,2026-03-11,1.0652153685221304,1.737469586218598,0.0,0.4924372630264724,0.0,0.0,0.0,0.0,7,29,0.2413793103448276,0.0,10.228260869565217,4.541498418788599,0.0502611359768134,0.0,0.2445652173913043,0.0,0.0,0.0,False,False,False,False,True,0.0,LOW,0,0,1680.0,0,0,1,0.83,0.95,9.5,0,0,0,0,20.0,5.55,6.15,0,0,0.0,LOW
E000057,U003,2026-03-02 14:48:00,file_access,RES-056,0,2,DEV-018,0,0,,,0,0.0,admin,service_account,PG3,14.0,0.5,39.47334957614639,13.69300320792934,379.4036835648837,105.88076073191156,1.2678431944605075,DEV-018,14,2026-03-02,0.0,0.0,0.0,3.58331089559819,0.0,0.0,0.0,0.0,20,40,0.5,0.0,7.707446808510638,4.872112925153142,1.2915450212582198,0.0,0.526595744680851,0.0,0.0,0.0,False,False,False,False,False,0.0,LOW,0,0,1680.0,0,0,1,0.83,0.0,0.0,0,0,0,0,0.0,0.12,0.25,0,0,0.0,LOW
E000022,U017,2026-03-02 09:06:00,file_access,RES-009,1,11,DEV-032,0,0,,,0,0.0,analyst,employee,PG1,10.196804694557962,1.0821658705528256,41.5259887781863,5.579251664941875,439.0047996020203,381.4323058542979,0.2569603562036363,DEV-032,9,2026-03-02,1.1968046945579616,1.1059346142071294,0.0,1.1509376444105244,0.0,0.0,0.0,0.0,23,34,0.6764705882352942,0.0,8.972677595628415,4.294683263006742,0.006361913719443,0.0,0.5519125683060109,0.0,0.0,0.0,False,False,True,False,False,0.0,LOW,0,0,840.0,0,1,1,2.58,0.0,0.0,0,0,0,0,20.0,4.39,4.77,0,0,0.0,LOW
E000034,U017,2026-03-02 09:56:00,file_access,RES-044,0,17,DEV-032,0,0,,,0,0.0,analyst,employee,PG1,10.196804694557962,1.0821658705528256,41.5259887781863,5.579251664941875,439.0047996020203,381.4323058542979,0.2569603562036363,DEV-032,9,2026-03-02,1.1968046945579616,1.1059346142071294,0.0,1.1509376444105244,0.0,0.0,0.0,0.0,23,34,0.6764705882352942,0.0,8.972677595628415,4.294683263006742,0.006361913719443,0.0,0.5519125683060109,0.0,0.0,0.0,False,False,False,False,False,0.0,LOW,0,0,3000.0,0,0,0,0.0,0.0,0.0,0,0,0,0,0.0,0.0,0.0,0,0,0.0,LOW
E000038,U017,2026-03-02 10:19:00,file_access,RES-005,1,15,DEV-032,0,0,,,0,0.0,analyst,employee,PG1,10.196804694557962,1.0821658705528256,41.5259887781863,5.579251664941875,439.0047996020203,381.4323058542979,0.2569603562036363,DEV-032,10,2026-03-02,0.1968046945579615,0.181861856775638,0.0,1.1509376444105244,0.0,0.0,0.0,0.0,23,34,0.6764705882352942,0.0,8.972677595628415,4.294683263006742,0.2392079558510558,0.0,0.5519125683060109,0.0,0.0,0.0,False,False,True,False,False,0.0,LOW,0,0,1380.0,0,0,1,0.83,0.0,0.0,0,0,0,0,20.0,4.12,4.25,0,0,0.0,LOW
E000060,U003,2026-03-02 15:01:00,transaction,,0,0,DEV-018,0,0,,BEN-012,0,453.27,admin,service_account,PG3,14.0,0.5,39.47334957614639,13.69300320792934,379.4036835648837,105.88076073191156,1.2678431944605075,DEV-018,15,2026-03-02,1.0,2.0,0.0,0.6976368126230662,0.0,0.0,0.0,0.0,10,40,0.25,0.0,7.707446808510638,4.872112925153142,1.4967947794970575,0.0,0.2127659574468085,0.0,0.0,0.0,False,False,False,False,True,0.0,LOW,0,0,780.0,0,1,1,2.58,1.19,11.9,0,0,0,0,20.0,6.17,7.15,0,0,0.0,LOW
E000125,U017,2026-03-03 10:58:00,file_access,RES-059,0,2,DEV-032,0,0,,,0,0.0,analyst,employee,PG1,10.196804694557962,1.0821658705528256,41.5259887781863,5.579251664941875,439.0047996020203,381.4323058542979,0.2569603562036363,DEV-032,10,2026-03-03,0.1968046945579615,0.181861856775638,0.0,1.1509376444105244,0.0,0.0,0.0,0.0,23,34,0.6764705882352942,0.0,8.972677595628415,4.294683263006742,0.2392079558510558,0.0,0.5519125683060109,0.0,0.0,0.0,False,False,False,False,False,0.0,LOW,0,0,4140.0,0,0,0,0.0,0.0,0.0,0,0,0,0,0.0,0.0,0.0,0,0,0.0,LOW
E000127,U017,2026-03-03 11:15:00,file_access,RES-038,0,6,DEV-032,0,0,,,0,0.0,analyst,employee,PG1,10.196804694557962,1.0821658705528256,41.5259887781863,5.579251664941875,439.0047996020203,381.4323058542979,0.2569603562036363,DEV-032,11,2026-03-03,0.8031953054420384,0.7422109006558535,0.0,1.1509376444105244,0.0,0.0,0.0,0.0,23,34,0.6764705882352942,0.0,8.972677595628415,4.294683263006742,0.4720539979826685,0.0,0.5519125683060109,0.0,0.0,0.0,False,False,False,False,False,0.0,LOW,0,0,1020.0,0,0,1,0.83,0.0,0.0,0,0,0,0,0.0,0.12,0.25,0,0,0.0,LOW
E000130,U017,2026-03-03 11:32:00,file_access,RES-009,1,14,DEV-032,0,0,,,0,0.0,analyst,employee,PG1,10.196804694557962,1.0821658705528256,41.5259887781863,5.579251664941875,439.0047996020203,381.4323058542979,0.2569603562036363,DEV-032,11,2026-03-03,0.8031953054420384,0.7422109006558535,0.0,1.1509376444105244,0.0,0.0,0.0,0.0,23,34,0.6764705882352942,0.0,8.972677595628415,4.294683263006742,0.4720539979826685,0.0,0.5519125683060109,0.0,0.0,0.0,False,False,True,False,False,0.0,LOW,0,0,1020.0,0,0,1,0.83,0.0,0.0,0,0,0,0,20.0,4.12,4.25,0,0,0.0,LOW
E000066,U003,2026-03-02 15:43:00,file_access,RES-016,0,9,DEV-018,0,0,,,0,0.0,admin,service_account,PG3,14.0,0.5,39.47334957614639,13.69300320792934,379.4036835648837,105.88076073191156,1.2678431944605075,DEV-018,15,2026-03-02,1.0,2.0,0.0,3.58331089559819,0.0,0.0,0.0,0.0,20,40,0.5,0.0,7.707446808510638,4.872112925153142,1.4967947794970575,0.0,0.526595744680851,0.0,0.0,0.0,False,False,False,False,False,0.0,LOW,0,0,2520.0,0,0,0,0.0,0.0,0.0,0,0,0,0,0.0,0.0,0.0,0,0,0.0,LOW
E000194,U017,2026-03-04 10:32:00,file_access,RES-023,0,17,DEV-032,0,0,,,0,0.0,analyst,employee,PG1,10.196804694557962,1.0821658705528256,41.5259887781863,5.579251664941875,439.0047996020203,381.4323058542979,0.2569603562036363,DEV-032,10,2026-03-04,0.1968046945579615,0.181861856775638,0.0,1.1509376444105244,0.0,0.0,0.0,0.0,23,34,0.6764705882352942,0.0,8.972677595628415,4.294683263006742,0.2392079558510558,0.0,0.5519125683060109,0.0,0.0,0.0,False,False,False,False,False,0.0,LOW,0,0,1980.0,0,0,0,0.0,0.0,0.0,0,0,0,0,0.0,0.0,0.0,0,0,0.0,LOW
E000195,U017,2026-03-04 10:36:00,file_access,RES-013,0,18,DEV-032,0,0,,,0,0.0,analyst,employee,PG1,10.196804694557962,1.0821658705528256,41.5259887781863,5.579251664941875,439.0047996020203,381.4323058542979,0.2569603562036363,DEV-032,10,2026-03-04,0.1968046945579615,0.181861856775638,0.0,1.1509376444105244,0.0,0.0,0.0,0.0,23,34,0.6764705882352942,0.0,8.972677595628415,4.294683263006742,0.2392079558510558,0.0,0.5519125683060109,0.0,0.0,0.0,False,False,False,False,False,0.0,LOW,0,0,240.0,1,1,1,6.58,0.0,0.0,0,0,0,0,0.0,0.99,1.97,0,0,0.0,LOW
E000202,U017,2026-03-04 11:58:00,file_access,RES-019,0,3,DEV-032,0,0,,,0,0.0,analyst,employee,PG1,10.196804694557962,1.0821658705528256,41.5259887781863,5.579251664941875,439.0047996020203,381.4323058542979,0.2569603562036363,DEV-032,11,2026-03-04,0.8031953054420384,0.7422109006558535,0.0,1.1509376444105244,0.0,0.0,0.0,0.0,23,34,0.6764705882352942,0.0,8.972677595628415,4.294683263006742,0.4720539979826685,0.0,0.5519125683060109,0.0,0.0,0.0,False,False,False,False,False,0.0,LOW,0,0,4920.0,0,0,0,0.0,0.0,0.0,0,0,0,0,0.0,0.0,0.0,0,0,0.0,LOW
E000262,U017,2026-03-05 10:39:00,login,,0,0,DEV-032,0,0,,,0,0.0,analyst,employee,PG1,10.196804694557962,1.0821658705528256,41.5259887781863,5.579251664941875,439.0047996020203,381.4323058542979,0.2569603562036363,DEV-032,10,2026-03-05,0.1968046945579615,0.181861856775638,0.0,1.1509376444105244,0.0,0.0,0.0,0.0,10,34,0.2941176470588235,0.0,8.972677595628415,4.294683263006742,0.2392079558510558,0.0,0.273224043715847,0.0,0.0,0.0,False,False,False,False,False,0.0,LOW,0,0,81660.0,0,0,0,0.0,0.0,0.0,0,0,0,0,0.0,0.0,0.0,0,0,0.0,LOW
E000266,U017,2026-03-05 10:55:00,file_access,RES-033,0,6,DEV-032,0,0,,,0,0.0,analyst,employee,PG1,10.196804694557962,1.0821658705528256,41.5259887781863,5.579251664941875,439.0047996020203,381.4323058542979,0.2569603562036363,DEV-032,10,2026-03-05,0.1968046945579615,0.181861856775638,0.0,1.1509376444105244,0.0,0.0,0.0,0.0,23,34,0.6764705882352942,0.0,8.972677595628415,4.294683263006742,0.2392079558510558,0.0,0.5519125683060109,0.0,0.0,0.0,False,False,False,False,False,0.0,LOW,0,0,960.0,0,0,1,0.83,0.0,0.0,0,0,0,0,0.0,0.12,0.25,0,0,0.0,LOW
E000268,U017,2026-03-05 11:05:00,file_access,RES-043,0,20,DEV-032,0,0,,,0,0.0,analyst,employee,PG1,10.196804694557962,1.0821658705528256,41.5259887781863,5.579251664941875,439.0047996020203,381.4323058542979,0.2569603562036363,DEV-032,11,2026-03-05,0.8031953054420384,0.7422109006558535,0.0,1.1509376444105244,0.0,0.0,0.0,0.0,23,34,0.6764705882352942,0.0,8.972677595628415,4.294683263006742,0.4720539979826685,0.0,0.5519125683060109,0.0,0.0,0.0,False,False,False,False,False,0.0,LOW,0,0,600.0,0,1,2,3.42,0.0,0.0,0,0,0,0,0.0,0.51,1.03,0,0,0.0,LOW
E000274,U017,2026-03-05 11:59:00,file_access,RES-038,0,5,DEV-032,0,0,,,0,0.0,analyst,employee,PG1,10.196804694557962,1.0821658705528256,41.5259887781863,5.579251664941875,439.0047996020203,381.4323058542979,0.2569603562036363,DEV-032,11,2026-03-05,0.8031953054420384,0.7422109006558535,0.0,1.1509376444105244,0.0,0.0,0.0,0.0,23,34,0.6764705882352942,0.0,8.972677595628415,4.294683263006742,0.4720539979826685,0.0,0.5519125683060109,0.0,0.0,0.0,False,False,False,False,False,0.0,LOW,0,0,3240.0,0,0,0,0.0,0.0,0.0,0,0,0,0,0.0,0.0,0.0,0,0,0.0,LOW
E000328,U017,2026-03-06 10:52:00,login,,0,0,DEV-032,0,0,,,0,0.0,analyst,employee,PG1,10.196804694557962,1.0821658705528256,41.5259887781863,5.579251664941875,439.0047996020203,381.4323058542979,0.2569603562036363,DEV-032,10,2026-03-06,0.1968046945579615,0.181861856775638,0.0,1.1509376444105244,0.0,0.0,0.0,0.0,10,34,0.2941176470588235,0.0,8.972677595628415,4.294683263006742,0.2392079558510558,0.0,0.273224043715847,0.0,0.0,0.0,False,False,False,False,False,0.0,LOW,0,0,82380.0,0,0,0,0.0,0.0,0.0,0,0,0,0,0.0,0.0,0.0,0,0,0.0,LOW
E000331,U017,2026-03-06 11:07:00,file_access,RES-003,1,19,DEV-032,0,0,,,0,0.0,analyst,employee,PG1,10.196804694557962,1.0821658705528256,41.5259887781863,5.579251664941875,439.0047996020203,381.4323058542979,0.2569603562036363,DEV-032,11,2026-03-06,0.8031953054420384,0.7422109006558535,0.0,1.1509376444105244,0.0,0.0,0.0,0.0,23,34,0.6764705882352942,0.0,8.972677595628415,4.294683263006742,0.4720539979826685,0.0,0.5519125683060109,0.0,0.0,0.0,False,False,True,False,False,0.0,LOW,0,0,900.0,0,1,1,2.58,0.0,0.0,0,0,0,0,20.0,4.39,4.77,0,0,0.0,LOW
E000149,U003,2026-03-03 15:52:00,file_access,RES-002,1,7,DEV-018,0,0,,,0,0.0,admin,service_account,PG3,14.0,0.5,39.47334957614639,13.69300320792934,379.4036835648837,105.88076073191156,1.2678431944605075,DEV-018,15,2026-03-03,1.0,2.0,0.0,3.58331089559819,0.0,0.0,0.0,0.0,20,40,0.5,0.0,7.707446808510638,4.872112925153142,1.4967947794970575,0.0,0.526595744680851,0.0,0.0,0.0,False,False,True,False,False,0.0,LOW,0,0,1980.0,0,0,0,0.0,0.0,0.0,0,0,0,0,20.0,4.0,4.0,0,0,0.0,LOW
E000410,U017,2026-03-07 10:44:00,file_access,RES-057,0,18,DEV-032,0,0,,,0,0.0,analyst,employee,PG1,10.196804694557962,1.0821658705528256,41.5259887781863,5.579251664941875,439.0047996020203,381.4323058542979,0.2569603562036363,DEV-032,10,2026-03-07,0.1968046945579615,0.181861856775638,0.0,1.1509376444105244,0.0,0.0,0.0,0.0,23,34,0.6764705882352942,0.0,8.972677595628415,4.294683263006742,0.2392079558510558,0.0,0.5519125683060109,0.0,0.0,0.0,False,False,False,False,False,0.0,LOW,0,1,4080.0,0,0,0,0.0,0.0,0.0,0,0,0,0,0.0,0.0,0.0,0,0,0.0,LOW
E000415,U017,2026-03-07 11:00:00,file_access,RES-041,0,1,DEV-032,0,0,,,0,0.0,analyst,employee,PG1,10.196804694557962,1.0821658705528256,41.5259887781863,5.579251664941875,439.0047996020203,381.4323058542979,0.2569603562036363,DEV-032,11,2026-03-07,0.8031953054420384,0.7422109006558535,0.0,1.1509376444105244,0.0,0.0,0.0,0.0,23,34,0.6764705882352942,0.0,8.972677595628415,4.294683263006742,0.4720539979826685,0.0,0.5519125683060109,0.0,0.0,0.0,False,False,False,False,False,0.0,LOW,0,1,960.0,0,0,1,0.83,0.0,0.0,0,0,0,0,0.0,0.12,0.25,0,0,0.0,LOW
E000208,U003,2026-03-04 14:09:00,file_access,RES-002,1,4,DEV-018,0,0,,,0,0.0,admin,service_account,PG3,14.0,0.5,39.47334957614639,13.69300320792934,379.4036835648837,105.88076073191156,1.2678431944605075,DEV-018,14,2026-03-04,0.0,0.0,0.0,3.58331089559819,0.0,0.0,0.0,0.0,20,40,0.5,0.0,7.707446808510638,4.872112925153142,1.2915450212582198,0.0,0.526595744680851,0.0,0.0,0.0,False,False,True,False,False,0.0,LOW,0,0,2820.0,0,0,0,0.0,0.0,0.0,0,0,0,0,20.0,4.0,4.0,0,0,0.0,LOW
E000468,U017,2026-03-08 09:26:00,file_access,RES-030,0,3,DEV-032,0,0,,,0,0.0,analyst,employee,PG1,10.196804694557962,1.0821658705528256,41.5259887781863,5.579251664941875,439.0047996020203,381.4323058542979,0.2569603562036363,DEV-032,9,2026-03-08,1.1968046945579616,1.1059346142071294,0.0,1.1509376444105244,0.0,0.0,0.0,0.0,23,34,0.6764705882352942,0.0,8.972677595628415,4.294683263006742,0.006361913719443,0.0,0.5519125683060109,0.0,0.0,0.0,False,False,False,False,False,0.0,LOW,0,1,2580.0,0,0,0,0.0,0.0,0.0,0,0,0,0,0.0,0.0,0.0,0,0,0.0,LOW
E000476,U017,2026-03-08 10:16:00,file_access,RES-004,1,6,DEV-032,0,0,,,0,0.0,analyst,employee,PG1,10.196804694557962,1.0821658705528256,41.5259887781863,5.579251664941875,439.0047996020203,381.4323058542979,0.2569603562036363,DEV-032,10,2026-03-08,0.1968046945579615,0.181861856775638,0.0,1.1509376444105244,0.0,0.0,0.0,0.0,23,34,0.6764705882352942,0.0,8.972677595628415,4.294683263006742,0.2392079558510558,0.0,0.5519125683060109,0.0,0.0,0.0,False,False,True,False,False,0.0,LOW,0,1,3000.0,0,0,0,0.0,0.0,0.0,0,0,0,0,20.0,4.0,4.0,0,0,0.0,LOW
E000545,U017,2026-03-09 10:13:00,login,,0,0,DEV-032,0,0,,,0,0.0,analyst,employee,PG1,10.196804694557962,1.0821658705528256,41.5259887781863,5.579251664941875,439.0047996020203,381.4323058542979,0.2569603562036363,DEV-032,10,2026-03-09,0.1968046945579615,0.181861856775638,0.0,1.1509376444105244,0.0,0.0,0.0,0.0,10,34,0.2941176470588235,0.0,8.972677595628415,4.294683263006742,0.2392079558510558,0.0,0.273224043715847,0.0,0.0,0.0,False,False,False,False,False,0.0,LOW,0,0,86220.0,0,0,0,0.0,0.0,0.0,0,0,0,0,0.0,0.0,0.0,0,0,0.0,LOW
E000552,U017,2026-03-09 11:35:00,file_access,RES-010,0,11,DEV-032,0,0,,,0,0.0,analyst,employee,PG1,10.196804694557962,1.0821658705528256,41.5259887781863,5.579251664941875,439.0047996020203,381.4323058542979,0.2569603562036363,DEV-032,11,2026-03-09,0.8031953054420384,0.7422109006558535,0.0,1.1509376444105244,0.0,0.0,0.0,0.0,23,34,0.6764705882352942,0.0,8.972677595628415,4.294683263006742,0.4720539979826685,0.0,0.5519125683060109,0.0,0.0,0.0,False,False,False,False,False,0.0,LOW,0,0,4920.0,0,0,0,0.0,0.0,0.0,0,0,0,0,0.0,0.0,0.0,0,0,0.0,LOW
E000556,U017,2026-03-09 12:08:00,file_access,RES-046,0,11,DEV-032,0,0,,,0,0.0,analyst,employee,PG1,10.196804694557962,1.0821658705528256,41.5259887781863,5.579251664941875,439.0047996020203,381.4323058542979,0.2569603562036363,DEV-032,12,2026-03-09,1.8031953054420384,1.6662836580873448,0.0,1.1509376444105244,0.0,0.0,0.0,0.0,23,34,0.6764705882352942,0.0,8.972677595628415,4.294683263006742,0.7049000401142813,0.0,0.5519125683060109,0.0,0.0,0.0,False,False,False,False,False,0.0,LOW,0,0,1980.0,0,0,0,0.0,0.0,0.0,0,0,0,0,0.0,0.0,0.0,0,0,0.0,LOW
E000625,U017,2026-03-10 10:23:00,login,,0,0,DEV-032,0,0,,,0,0.0,analyst,employee,PG1,10.196804694557962,1.0821658705528256,41.5259887781863,5.579251664941875,439.0047996020203,381.4323058542979,0.2569603562036363,DEV-032,10,2026-03-10,0.1968046945579615,0.181861856775638,0.0,1.1509376444105244,0.0,0.0,0.0,0.0,10,34,0.2941176470588235,0.0,8.972677595628415,4.294683263006742,0.2392079558510558,0.0,0.273224043715847,0.0,0.0,0.0,False,False,False,False,False,0.0,LOW,0,0,80100.0,0,0,0,0.0,0.0,0.0,0,0,0,0,0.0,0.0,0.0,0,0,0.0,LOW
E000209,U003,2026-03-04 14:32:00,file_access,RES-026,0,18,DEV-018,0,0,,,0,0.0,admin,service_account,PG3,14.0,0.5,39.47334957614639,13.69300320792934,379.4036835648837,105.88076073191156,1.2678431944605075,DEV-018,14,2026-03-04,0.0,0.0,0.0,3.58331089559819,0.0,0.0,0.0,0.0,20,40,0.5,0.0,7.707446808510638,4.872112925153142,1.2915450212582198,0.0,0.526595744680851,0.0,0.0,0.0,False,False,False,False,False,0.0,LOW,0,0,1380.0,0,0,1,0.83,0.0,0.0,0,0,0,0,0.0,0.12,0.25,0,0,0.0,LOW
E000633,U017,2026-03-10 10:58:00,file_access,RES-030,0,4,DEV-032,0,0,,,0,0.0,analyst,employee,PG1,10.196804694557962,1.0821658705528256,41.5259887781863,5.579251664941875,439.0047996020203,381.4323058542979,0.2569603562036363,DEV-032,10,2026-03-10,0.1968046945579615,0.181861856775638,0.0,1.1509376444105244,0.0,0.0,0.0,0.0,23,34,0.6764705882352942,0.0,8.972677595628415,4.294683263006742,0.2392079558510558,0.0,0.5519125683060109,0.0,0.0,0.0,False,False,False,False,False,0.0,LOW,0,0,780.0,0,1,1,2.58,0.0,0.0,0,0,0,0,0.0,0.39,0.77,0,0,0.0,LOW
E000635,U017,2026-03-10 11:02:00,file_access,RES-029,0,8,DEV-032,0,0,,,0,0.0,analyst,employee,PG1,10.196804694557962,1.0821658705528256,41.5259887781863,5.579251664941875,439.0047996020203,381.4323058542979,0.2569603562036363,DEV-032,11,2026-03-10,0.8031953054420384,0.7422109006558535,0.0,1.1509376444105244,0.0,0.0,0.0,0.0,23,34,0.6764705882352942,0.0,8.972677595628415,4.294683263006742,0.4720539979826685,0.0,0.5519125683060109,0.0,0.0,0.0,False,False,False,False,False,0.0,LOW,0,0,240.0,1,1,2,7.42,0.0,0.0,0,0,0,0,0.0,1.11,2.23,0,0,0.0,LOW
E000637,U017,2026-03-10 11:39:00,file_access,RES-007,1,11,DEV-032,0,0,,,0,0.0,analyst,employee,PG1,10.196804694557962,1.0821658705528256,41.5259887781863,5.579251664941875,439.0047996020203,381.4323058542979,0.2569603562036363,DEV-032,11,2026-03-10,0.8031953054420384,0.7422109006558535,0.0,1.1509376444105244,0.0,0.0,0.0,0.0,23,34,0.6764705882352942,0.0,8.972677595628415,4.294683263006742,0.4720539979826685,0.0,0.5519125683060109,0.0,0.0,0.0,False,False,True,False,False,0.0,LOW,0,0,2220.0,0,0,0,0.0,0.0,0.0,0,0,0,0,20.0,4.0,4.0,0,0,0.0,LOW
E000707,U017,2026-03-11 10:55:00,login,,0,0,DEV-032,0,0,,,0,0.0,analyst,employee,PG1,10.196804694557962,1.0821658705528256,41.5259887781863,5.579251664941875,439.0047996020203,381.4323058542979,0.2569603562036363,DEV-032,10,2026-03-11,0.1968046945579615,0.181861856775638,0.0,1.1509376444105244,0.0,0.0,0.0,0.0,10,34,0.2941176470588235,0.0,8.972677595628415,4.294683263006742,0.2392079558510558,0.0,0.273224043715847,0.0,0.0,0.0,False,False,False,False,False,0.0,LOW,0,0,83760.0,0,0,0,0.0,0.0,0.0,0,0,0,0,0.0,0.0,0.0,0,0,0.0,LOW
E000716,U017,2026-03-11 12:44:00,file_access,RES-021,0,19,DEV-032,0,0,,,0,0.0,analyst,employee,PG1,10.196804694557962,1.0821658705528256,41.5259887781863,5.579251664941875,439.0047996020203,381.4323058542979,0.2569603562036363,DEV-032,12,2026-03-11,1.8031953054420384,1.6662836580873448,0.0,1.1509376444105244,0.0,0.0,0.0,0.0,23,34,0.6764705882352942,0.0,8.972677595628415,4.294683263006742,0.7049000401142813,0.0,0.5519125683060109,0.0,0.0,0.0,False,False,False,False,False,0.0,LOW,0,0,6540.0,0,0,0,0.0,0.0,0.0,0,0,0,0,0.0,0.0,0.0,0,0,0.0,LOW
E000216,U003,2026-03-04 15:19:00,file_access,RES-017,0,6,DEV-018,0,0,,,0,0.0,admin,service_account,PG3,14.0,0.5,39.47334957614639,13.69300320792934,379.4036835648837,105.88076073191156,1.2678431944605075,DEV-018,15,2026-03-04,1.0,2.0,0.0,3.58331089559819,0.0,0.0,0.0,0.0,20,40,0.5,0.0,7.707446808510638,4.872112925153142,1.4967947794970575,0.0,0.526595744680851,0.0,0.0,0.0,False,False,False,False,False,0.0,LOW,0,0,2400.0,0,0,0,0.0,0.0,0.0,0,0,0,0,0.0,0.0,0.0,0,0,0.0,LOW
E000039,U018,2026-03-02 10:20:00,file_access,RES-030,0,16,DEV-039,0,0,,,0,0.0,manager,employee,PG2,10.444961234193336,0.8728943186706609,28.80323580643089,11.597508227473677,473.42433985249545,107.79443564094468,1.583021362254762,DEV-039,10,2026-03-02,0.444961234193336,0.5097538438226654,0.0,4.391918163841379,0.0,0.0,0.0,0.0,22,41,0.5365853658536586,0.0,9.209944751381215,4.253117875582253,0.1857590764541474,0.0,0.5303867403314917,0.0,0.0,0.0,False,False,False,False,False,0.0,LOW,0,0,4200.0,0,0,0,0.0,0.0,0.0,0,0,0,0,0.0,0.0,0.0,0,0,0.0,LOW
E000286,U003,2026-03-05 15:05:00,file_access,RES-025,0,19,DEV-018,0,0,,,0,0.0,admin,service_account,PG3,14.0,0.5,39.47334957614639,13.69300320792934,379.4036835648837,105.88076073191156,1.2678431944605075,DEV-018,15,2026-03-05,1.0,2.0,0.0,3.58331089559819,0.0,0.0,0.0,0.0,20,40,0.5,0.0,7.707446808510638,4.872112925153142,1.4967947794970575,0.0,0.526595744680851,0.0,0.0,0.0,False,False,False,False,False,0.0,LOW,0,0,1140.0,0,0,1,0.83,0.0,0.0,0,0,0,0,0.0,0.12,0.25,0,0,0.0,LOW
E000046,U018,2026-03-02 11:07:00,file_access,RES-020,0,16,DEV-039,0,0,,,0,0.0,manager,employee,PG2,10.444961234193336,0.8728943186706609,28.80323580643089,11.597508227473677,473.42433985249545,107.79443564094468,1.583021362254762,DEV-039,11,2026-03-02,0.555038765806664,0.6358602111787574,0.0,4.391918163841379,0.0,0.0,0.0,0.0,22,41,0.5365853658536586,0.0,9.209944751381215,4.253117875582253,0.4208807046933129,0.0,0.5303867403314917,0.0,0.0,0.0,False,False,False,False,False,0.0,LOW,0,0,420.0,0,1,1,2.58,0.0,0.0,0,0,0,0,0.0,0.39,0.77,0,0,0.0,LOW
E000119,U018,2026-03-03 10:03:00,login,,0,0,DEV-039,0,0,,,0,0.0,manager,employee,PG2,10.444961234193336,0.8728943186706609,28.80323580643089,11.597508227473677,473.42433985249545,107.79443564094468,1.583021362254762,DEV-039,10,2026-03-03,0.444961234193336,0.5097538438226654,0.0,4.391918163841379,0.0,0.0,0.0,0.0,10,41,0.2439024390243902,0.0,9.209944751381215,4.253117875582253,0.1857590764541474,0.0,0.2651933701657458,0.0,0.0,0.0,False,False,False,False,False,0.0,LOW,0,0,82560.0,0,0,0,0.0,0.0,0.0,0,0,0,0,0.0,0.0,0.0,0,0,0.0,LOW
E000123,U018,2026-03-03 10:44:00,file_access,RES-032,0,20,DEV-039,0,0,,,0,0.0,manager,employee,PG2,10.444961234193336,0.8728943186706609,28.80323580643089,11.597508227473677,473.42433985249545,107.79443564094468,1.583021362254762,DEV-039,10,2026-03-03,0.444961234193336,0.5097538438226654,0.0,4.391918163841379,0.0,0.0,0.0,0.0,22,41,0.5365853658536586,0.0,9.209944751381215,4.253117875582253,0.1857590764541474,0.0,0.5303867403314917,0.0,0.0,0.0,False,False,False,False,False,0.0,LOW,0,0,2460.0,0,0,0,0.0,0.0,0.0,0,0,0,0,0.0,0.0,0.0,0,0,0.0,LOW
E000133,U018,2026-03-03 13:00:00,transaction,,0,0,DEV-039,0,0,,BEN-001,0,432.05,manager,employee,PG2,10.444961234193336,0.8728943186706609,28.80323580643089,11.597508227473677,473.42433985249545,107.79443564094468,1.583021362254762,DEV-039,13,2026-03-03,2.555038765806664,2.927088321181603,0.0,0.3838263042659299,0.0,0.0,0.0,0.0,9,41,0.2195121951219512,0.0,9.209944751381215,4.253117875582253,0.8911239611716439,0.0,0.1933701657458563,0.0,0.0,0.0,False,False,False,False,True,0.0,LOW,0,0,8160.0,0,0,0,0.0,0.91,9.1,0,0,0,0,20.0,5.36,5.82,0,0,0.0,LOW
E000287,U003,2026-03-05 15:07:00,transaction,,0,0,DEV-018,0,0,,BEN-026,0,377.83,admin,service_account,PG3,14.0,0.5,39.47334957614639,13.69300320792934,379.4036835648837,105.88076073191156,1.2678431944605075,DEV-018,15,2026-03-05,1.0,2.0,0.0,0.0148627905013664,0.0,0.0,0.0,0.0,10,40,0.25,0.0,7.707446808510638,4.872112925153142,1.4967947794970575,0.0,0.2127659574468085,0.0,0.0,0.0,False,False,False,False,True,0.0,LOW,0,0,120.0,1,1,2,7.42,1.0,10.0,0,0,0,0,20.0,6.61,8.23,0,0,0.0,LOW
E000198,U018,2026-03-04 11:10:00,transaction,,0,0,DEV-039,0,0,,BEN-018,0,506.96,manager,employee,PG2,10.444961234193336,0.8728943186706609,28.80323580643089,11.597508227473677,473.42433985249545,107.79443564094468,1.583021362254762,DEV-039,11,2026-03-04,0.555038765806664,0.6358602111787574,0.0,0.3111075256167149,0.0,0.0,0.0,0.0,9,41,0.2195121951219512,0.0,9.209944751381215,4.253117875582253,0.4208807046933129,0.0,0.1933701657458563,0.0,0.0,0.0,False,False,False,False,True,0.0,LOW,0,0,6180.0,0,0,0,0.0,1.07,10.7,0,0,0,0,20.0,5.6,6.14,0,0,0.0,LOW
E000199,U018,2026-03-04 11:24:00,file_access,RES-017,0,12,DEV-039,0,0,,,0,0.0,manager,employee,PG2,10.444961234193336,0.8728943186706609,28.80323580643089,11.597508227473677,473.42433985249545,107.79443564094468,1.583021362254762,DEV-039,11,2026-03-04,0.555038765806664,0.6358602111787574,0.0,4.391918163841379,0.0,0.0,0.0,0.0,22,41,0.5365853658536586,0.0,9.209944751381215,4.253117875582253,0.4208807046933129,0.0,0.5303867403314917,0.0,0.0,0.0,False,False,False,False,False,0.0,LOW,0,0,840.0,0,1,1,2.58,0.0,0.0,0,0,0,0,0.0,0.39,0.77,0,0,0.0,LOW
E000261,U018,2026-03-05 10:35:00,login,,0,0,DEV-039,0,0,,,0,0.0,manager,employee,PG2,10.444961234193336,0.8728943186706609,28.80323580643089,11.597508227473677,473.42433985249545,107.79443564094468,1.583021362254762,DEV-039,10,2026-03-05,0.444961234193336,0.5097538438226654,0.0,4.391918163841379,0.0,0.0,0.0,0.0,10,41,0.2439024390243902,0.0,9.209944751381215,4.253117875582253,0.1857590764541474,0.0,0.2651933701657458,0.0,0.0,0.0,False,False,False,False,False,0.0,LOW,0,0,83460.0,0,0,0,0.0,0.0,0.0,0,0,0,0,0.0,0.0,0.0,0,0,0.0,LOW
E000265,U018,2026-03-05 10:49:00,file_access,RES-025,0,17,DEV-039,0,0,,,0,0.0,manager,employee,PG2,10.444961234193336,0.8728943186706609,28.80323580643089,11.597508227473677,473.42433985249545,107.79443564094468,1.583021362254762,DEV-039,10,2026-03-05,0.444961234193336,0.5097538438226654,0.0,4.391918163841379,0.0,0.0,0.0,0.0,22,41,0.5365853658536586,0.0,9.209944751381215,4.253117875582253,0.1857590764541474,0.0,0.5303867403314917,0.0,0.0,0.0,False,False,False,False,False,0.0,LOW,0,0,840.0,0,1,1,2.58,0.0,0.0,0,0,0,0,0.0,0.39,0.77,0,0,0.0,LOW
E000271,U018,2026-03-05 11:37:00,file_access,RES-049,0,18,DEV-039,0,0,,,0,0.0,manager,employee,PG2,10.444961234193336,0.8728943186706609,28.80323580643089,11.597508227473677,473.42433985249545,107.79443564094468,1.583021362254762,DEV-039,11,2026-03-05,0.555038765806664,0.6358602111787574,0.0,4.391918163841379,0.0,0.0,0.0,0.0,22,41,0.5365853658536586,0.0,9.209944751381215,4.253117875582253,0.4208807046933129,0.0,0.5303867403314917,0.0,0.0,0.0,False,False,False,False,False,0.0,LOW,0,0,2880.0,0,0,0,0.0,0.0,0.0,0,0,0,0,0.0,0.0,0.0,0,0,0.0,LOW
E000277,U018,2026-03-05 13:24:00,transaction,,0,0,DEV-039,0,0,,BEN-004,0,450.46,manager,employee,PG2,10.444961234193336,0.8728943186706609,28.80323580643089,11.597508227473677,473.42433985249545,107.79443564094468,1.583021362254762,DEV-039,13,2026-03-05,2.555038765806664,2.927088321181603,0.0,0.2130382678470342,0.0,0.0,0.0,0.0,9,41,0.2195121951219512,0.0,9.209944751381215,4.253117875582253,0.8911239611716439,0.0,0.1933701657458563,0.0,0.0,0.0,False,False,False,False,True,0.0,LOW,0,0,6420.0,0,0,0,0.0,0.95,9.5,0,0,0,0,20.0,5.42,5.9,0,0,0.0,LOW
E000327,U018,2026-03-06 10:50:00,login,,0,0,DEV-039,0,0,,,0,0.0,manager,employee,PG2,10.444961234193336,0.8728943186706609,28.80323580643089,11.597508227473677,473.42433985249545,107.79443564094468,1.583021362254762,DEV-039,10,2026-03-06,0.444961234193336,0.5097538438226654,0.0,4.391918163841379,0.0,0.0,0.0,0.0,10,41,0.2439024390243902,0.0,9.209944751381215,4.253117875582253,0.1857590764541474,0.0,0.2651933701657458,0.0,0.0,0.0,False,False,False,False,False,0.0,LOW,0,0,77160.0,0,0,0,0.0,0.0,0.0,0,0,0,0,0.0,0.0,0.0,0,0,0.0,LOW
E000332,U018,2026-03-06 11:10:00,transaction,,0,0,DEV-039,0,0,,BEN-011,0,529.59,manager,employee,PG2,10.444961234193336,0.8728943186706609,28.80323580643089,11.597508227473677,473.42433985249545,107.79443564094468,1.583021362254762,DEV-039,11,2026-03-06,0.555038765806664,0.6358602111787574,0.0,0.5210441505031693,0.0,0.0,0.0,0.0,9,41,0.2195121951219512,0.0,9.209944751381215,4.253117875582253,0.4208807046933129,0.0,0.1933701657458563,0.0,0.0,0.0,False,False,False,False,True,0.0,LOW,0,0,1200.0,0,0,1,0.83,1.12,11.2,0,0,0,0,20.0,5.8,6.49,0,0,0.0,LOW
E000333,U018,2026-03-06 11:20:00,file_access,RES-039,0,17,DEV-039,0,0,,,0,0.0,manager,employee,PG2,10.444961234193336,0.8728943186706609,28.80323580643089,11.597508227473677,473.42433985249545,107.79443564094468,1.583021362254762,DEV-039,11,2026-03-06,0.555038765806664,0.6358602111787574,0.0,4.391918163841379,0.0,0.0,0.0,0.0,22,41,0.5365853658536586,0.0,9.209944751381215,4.253117875582253,0.4208807046933129,0.0,0.5303867403314917,0.0,0.0,0.0,False,False,False,False,False,0.0,LOW,0,0,600.0,0,1,2,3.42,0.0,0.0,0,0,0,0,0.0,0.51,1.03,0,0,0.0,LOW
E000338,U018,2026-03-06 12:06:00,file_access,RES-024,0,5,DEV-039,0,0,,,0,0.0,manager,employee,PG2,10.444961234193336,0.8728943186706609,28.80323580643089,11.597508227473677,473.42433985249545,107.79443564094468,1.583021362254762,DEV-039,12,2026-03-06,1.555038765806664,1.78147426618018,0.0,4.391918163841379,0.0,0.0,0.0,0.0,22,41,0.5365853658536586,0.0,9.209944751381215,4.253117875582253,0.6560023329324784,0.0,0.5303867403314917,0.0,0.0,0.0,False,False,False,False,False,0.0,LOW,0,0,2760.0,0,0,0,0.0,0.0,0.0,0,0,0,0,0.0,0.0,0.0,0,0,0.0,LOW
E000408,U018,2026-03-07 10:33:00,login,,0,0,DEV-039,0,0,,,0,0.0,manager,employee,PG2,10.444961234193336,0.8728943186706609,28.80323580643089,11.597508227473677,473.42433985249545,107.79443564094468,1.583021362254762,DEV-039,10,2026-03-07,0.444961234193336,0.5097538438226654,0.0,4.391918163841379,0.0,0.0,0.0,0.0,10,41,0.2439024390243902,0.0,9.209944751381215,4.253117875582253,0.1857590764541474,0.0,0.2651933701657458,0.0,0.0,0.0,False,False,False,False,False,0.0,LOW,0,1,80820.0,0,0,0,0.0,0.0,0.0,0,0,0,0,0.0,0.0,0.0,0,0,0.0,LOW
E000411,U018,2026-03-07 10:55:00,file_access,RES-021,0,20,DEV-039,0,0,,,0,0.0,manager,employee,PG2,10.444961234193336,0.8728943186706609,28.80323580643089,11.597508227473677,473.42433985249545,107.79443564094468,1.583021362254762,DEV-039,10,2026-03-07,0.444961234193336,0.5097538438226654,0.0,4.391918163841379,0.0,0.0,0.0,0.0,22,41,0.5365853658536586,0.0,9.209944751381215,4.253117875582253,0.1857590764541474,0.0,0.5303867403314917,0.0,0.0,0.0,False,False,False,False,False,0.0,LOW,0,1,1320.0,0,0,1,0.83,0.0,0.0,0,0,0,0,0.0,0.12,0.25,0,0,0.0,LOW
E000413,U018,2026-03-07 10:57:00,file_access,RES-039,0,17,DEV-039,0,0,,,0,0.0,manager,employee,PG2,10.444961234193336,0.8728943186706609,28.80323580643089,11.597508227473677,473.42433985249545,107.79443564094468,1.583021362254762,DEV-039,10,2026-03-07,0.444961234193336,0.5097538438226654,0.0,4.391918163841379,0.0,0.0,0.0,0.0,22,41,0.5365853658536586,0.0,9.209944751381215,4.253117875582253,0.1857590764541474,0.0,0.5303867403314917,0.0,0.0,0.0,False,False,False,False,False,0.0,LOW,0,1,120.0,1,1,2,7.42,0.0,0.0,0,0,0,0,0.0,1.11,2.23,0,0,0.0,LOW
E000393,U002,2026-03-07 09:23:00,file_access,RES-017,0,2,DEV-015,0,0,,,0,0.0,admin,employee,PG2,8.074493048595176,0.6530465823625223,55.374870167235365,5.265359696838637,99.41882534332424,277.4595532228331,1.63482444180965,DEV-015,9,2026-03-07,0.9255069514048238,1.4172142943564965,0.0,0.3583182636478877,0.0,0.0,0.0,0.0,19,39,0.4871794871794871,0.0,9.209944751381215,4.253117875582253,0.0493625517850181,0.0,0.5303867403314917,0.0,0.0,0.0,False,False,False,False,False,0.0,LOW,0,1,1440.0,0,0,1,0.83,0.0,0.0,0,0,0,0,0.0,0.12,0.25,0,0,0.0,LOW
E000477,U018,2026-03-08 10:32:00,login,,0,0,DEV-039,0,0,,,0,0.0,manager,employee,PG2,10.444961234193336,0.8728943186706609,28.80323580643089,11.597508227473677,473.42433985249545,107.79443564094468,1.583021362254762,DEV-039,10,2026-03-08,0.444961234193336,0.5097538438226654,0.0,4.391918163841379,0.0,0.0,0.0,0.0,10,41,0.2439024390243902,0.0,9.209944751381215,4.253117875582253,0.1857590764541474,0.0,0.2651933701657458,0.0,0.0,0.0,False,False,False,False,False,0.0,LOW,0,1,79740.0,0,0,0,0.0,0.0,0.0,0,0,0,0,0.0,0.0,0.0,0,0,0.0,LOW
E000485,U018,2026-03-08 11:15:00,file_access,RES-031,0,1,DEV-039,0,0,,,0,0.0,manager,employee,PG2,10.444961234193336,0.8728943186706609,28.80323580643089,11.597508227473677,473.42433985249545,107.79443564094468,1.583021362254762,DEV-039,11,2026-03-08,0.555038765806664,0.6358602111787574,0.0,4.391918163841379,0.0,0.0,0.0,0.0,22,41,0.5365853658536586,0.0,9.209944751381215,4.253117875582253,0.4208807046933129,0.0,0.5303867403314917,0.0,0.0,0.0,False,False,False,False,False,0.0,LOW,0,1,2580.0,0,0,0,0.0,0.0,0.0,0,0,0,0,0.0,0.0,0.0,0,0,0.0,LOW
E000486,U018,2026-03-08 11:24:00,file_access,RES-022,0,4,DEV-039,0,0,,,0,0.0,manager,employee,PG2,10.444961234193336,0.8728943186706609,28.80323580643089,11.597508227473677,473.42433985249545,107.79443564094468,1.583021362254762,DEV-039,11,2026-03-08,0.555038765806664,0.6358602111787574,0.0,4.391918163841379,0.0,0.0,0.0,0.0,22,41,0.5365853658536586,0.0,9.209944751381215,4.253117875582253,0.4208807046933129,0.0,0.5303867403314917,0.0,0.0,0.0,False,False,False,False,False,0.0,LOW,0,1,540.0,0,1,1,2.58,0.0,0.0,0,0,0,0,0.0,0.39,0.77,0,0,0.0,LOW
E000488,U018,2026-03-08 11:45:00,file_access,RES-032,0,19,DEV-039,0,0,,,0,0.0,manager,employee,PG2,10.444961234193336,0.8728943186706609,28.80323580643089,11.597508227473677,473.42433985249545,107.79443564094468,1.583021362254762,DEV-039,11,2026-03-08,0.555038765806664,0.6358602111787574,0.0,4.391918163841379,0.0,0.0,0.0,0.0,22,41,0.5365853658536586,0.0,9.209944751381215,4.253117875582253,0.4208807046933129,0.0,0.5303867403314917,0.0,0.0,0.0,False,False,False,False,False,0.0,LOW,0,1,1260.0,0,0,2,1.67,0.0,0.0,0,0,0,0,0.0,0.25,0.5,0,0,0.0,LOW
E000549,U018,2026-03-09 10:44:00,login,,0,0,DEV-039,0,0,,,0,0.0,manager,employee,PG2,10.444961234193336,0.8728943186706609,28.80323580643089,11.597508227473677,473.42433985249545,107.79443564094468,1.583021362254762,DEV-039,10,2026-03-09,0.444961234193336,0.5097538438226654,0.0,4.391918163841379,0.0,0.0,0.0,0.0,10,41,0.2439024390243902,0.0,9.209944751381215,4.253117875582253,0.1857590764541474,0.0,0.2651933701657458,0.0,0.0,0.0,False,False,False,False,False,0.0,LOW,0,0,82740.0,0,0,0,0.0,0.0,0.0,0,0,0,0,0.0,0.0,0.0,0,0,0.0,LOW
E000550,U018,2026-03-09 10:52:00,file_access,RES-039,0,16,DEV-039,0,0,,,0,0.0,manager,employee,PG2,10.444961234193336,0.8728943186706609,28.80323580643089,11.597508227473677,473.42433985249545,107.79443564094468,1.583021362254762,DEV-039,10,2026-03-09,0.444961234193336,0.5097538438226654,0.0,4.391918163841379,0.0,0.0,0.0,0.0,22,41,0.5365853658536586,0.0,9.209944751381215,4.253117875582253,0.1857590764541474,0.0,0.5303867403314917,0.0,0.0,0.0,False,False,False,False,False,0.0,LOW,0,0,480.0,0,1,1,2.58,0.0,0.0,0,0,0,0,0.0,0.39,0.77,0,0,0.0,LOW
E000551,U018,2026-03-09 11:22:00,file_access,RES-042,0,19,DEV-039,0,0,,,0,0.0,manager,employee,PG2,10.444961234193336,0.8728943186706609,28.80323580643089,11.597508227473677,473.42433985249545,107.79443564094468,1.583021362254762,DEV-039,11,2026-03-09,0.555038765806664,0.6358602111787574,0.0,4.391918163841379,0.0,0.0,0.0,0.0,22,41,0.5365853658536586,0.0,9.209944751381215,4.253117875582253,0.4208807046933129,0.0,0.5303867403314917,0.0,0.0,0.0,False,False,False,False,False,0.0,LOW,0,0,1800.0,0,0,1,0.83,0.0,0.0,0,0,0,0,0.0,0.12,0.25,0,0,0.0,LOW
E000292,U003,2026-03-05 15:46:00,file_access,RES-039,0,17,DEV-018,0,0,,,0,0.0,admin,service_account,PG3,14.0,0.5,39.47334957614639,13.69300320792934,379.4036835648837,105.88076073191156,1.2678431944605075,DEV-018,15,2026-03-05,1.0,2.0,0.0,3.58331089559819,0.0,0.0,0.0,0.0,20,40,0.5,0.0,7.707446808510638,4.872112925153142,1.4967947794970575,0.0,0.526595744680851,0.0,0.0,0.0,False,False,False,False,False,0.0,LOW,0,0,2340.0,0,0,0,0.0,0.0,0.0,0,0,0,0,0.0,0.0,0.0,0,0,0.0,LOW
E000555,U018,2026-03-09 12:02:00,file_access,RES-015,0,2,DEV-039,0,0,,,0,0.0,manager,employee,PG2,10.444961234193336,0.8728943186706609,28.80323580643089,11.597508227473677,473.42433985249545,107.79443564094468,1.583021362254762,DEV-039,12,2026-03-09,1.555038765806664,1.78147426618018,0.0,4.391918163841379,0.0,0.0,0.0,0.0,22,41,0.5365853658536586,0.0,9.209944751381215,4.253117875582253,0.6560023329324784,0.0,0.5303867403314917,0.0,0.0,0.0,False,False,False,False,False,0.0,LOW,0,0,1500.0,0,0,1,0.83,0.0,0.0,0,0,0,0,0.0,0.12,0.25,0,0,0.0,LOW
E000352,U003,2026-03-06 14:25:00,file_access,RES-028,0,3,DEV-018,0,0,,,0,0.0,admin,service_account,PG3,14.0,0.5,39.47334957614639,13.69300320792934,379.4036835648837,105.88076073191156,1.2678431944605075,DEV-018,14,2026-03-06,0.0,0.0,0.0,3.58331089559819,0.0,0.0,0.0,0.0,20,40,0.5,0.0,7.707446808510638,4.872112925153142,1.2915450212582198,0.0,0.526595744680851,0.0,0.0,0.0,False,False,False,False,False,0.0,LOW,0,0,3060.0,0,0,0,0.0,0.0,0.0,0,0,0,0,0.0,0.0,0.0,0,0,0.0,LOW
E000615,U018,2026-03-10 09:16:00,file_access,RES-029,0,11,DEV-039,0,0,,,0,0.0,manager,employee,PG2,10.444961234193336,0.8728943186706609,28.80323580643089,11.597508227473677,473.42433985249545,107.79443564094468,1.583021362254762,DEV-039,9,2026-03-10,1.444961234193336,1.655367898824088,0.0,4.391918163841379,0.0,0.0,0.0,0.0,22,41,0.5365853658536586,0.0,9.209944751381215,4.253117875582253,0.0493625517850181,0.0,0.5303867403314917,0.0,0.0,0.0,False,False,False,False,False,0.0,LOW,0,0,420.0,0,1,1,2.58,0.0,0.0,0,0,0,0,0.0,0.39,0.77,0,0,0.0,LOW
E000619,U018,2026-03-10 09:45:00,file_access,RES-003,1,19,DEV-039,0,0,,,0,0.0,manager,employee,PG2,10.444961234193336,0.8728943186706609,28.80323580643089,11.597508227473677,473.42433985249545,107.79443564094468,1.583021362254762,DEV-039,9,2026-03-10,1.444961234193336,1.655367898824088,0.0,4.391918163841379,0.0,0.0,0.0,0.0,22,41,0.5365853658536586,0.0,9.209944751381215,4.253117875582253,0.0493625517850181,0.0,0.5303867403314917,0.0,0.0,0.0,False,False,True,False,False,0.0,LOW,0,0,1740.0,0,0,1,0.83,0.0,0.0,0,0,0,0,20.0,4.12,4.25,0,0,0.0,LOW
E000626,U018,2026-03-10 10:43:00,file_access,RES-008,1,7,DEV-039,0,0,,,0,0.0,manager,employee,PG2,10.444961234193336,0.8728943186706609,28.80323580643089,11.597508227473677,473.42433985249545,107.79443564094468,1.583021362254762,DEV-039,10,2026-03-10,0.444961234193336,0.5097538438226654,0.0,4.391918163841379,0.0,0.0,0.0,0.0,22,41,0.5365853658536586,0.0,9.209944751381215,4.253117875582253,0.1857590764541474,0.0,0.5303867403314917,0.0,0.0,0.0,False,False,True,False,False,0.0,LOW,0,0,3480.0,0,0,0,0.0,0.0,0.0,0,0,0,0,20.0,4.0,4.0,0,0,0.0,LOW
E000357,U003,2026-03-06 15:04:00,file_access,RES-059,0,11,DEV-018,0,0,,,0,0.0,admin,service_account,PG3,14.0,0.5,39.47334957614639,13.69300320792934,379.4036835648837,105.88076073191156,1.2678431944605075,DEV-018,15,2026-03-06,1.0,2.0,0.0,3.58331089559819,0.0,0.0,0.0,0.0,20,40,0.5,0.0,7.707446808510638,4.872112925153142,1.4967947794970575,0.0,0.526595744680851,0.0,0.0,0.0,False,False,False,False,False,0.0,LOW,0,0,2340.0,0,0,0,0.0,0.0,0.0,0,0,0,0,0.0,0.0,0.0,0,0,0.0,LOW
E000358,U003,2026-03-06 15:11:00,file_access,RES-048,0,7,DEV-018,0,0,,,0,0.0,admin,service_account,PG3,14.0,0.5,39.47334957614639,13.69300320792934,379.4036835648837,105.88076073191156,1.2678431944605075,DEV-018,15,2026-03-06,1.0,2.0,0.0,3.58331089559819,0.0,0.0,0.0,0.0,20,40,0.5,0.0,7.707446808510638,4.872112925153142,1.4967947794970575,0.0,0.526595744680851,0.0,0.0,0.0,False,False,False,False,False,0.0,LOW,0,0,420.0,0,1,1,2.58,0.0,0.0,0,0,0,0,0.0,0.39,0.77,0,0,0.0,LOW
E000699,U018,2026-03-11 10:16:00,file_access,RES-043,0,16,DEV-039,0,0,,,0,0.0,manager,employee,PG2,10.444961234193336,0.8728943186706609,28.80323580643089,11.597508227473677,473.42433985249545,107.79443564094468,1.583021362254762,DEV-039,10,2026-03-11,0.444961234193336,0.5097538438226654,0.0,4.391918163841379,0.0,0.0,0.0,0.0,22,41,0.5365853658536586,0.0,9.209944751381215,4.253117875582253,0.1857590764541474,0.0,0.5303867403314917,0.0,0.0,0.0,False,False,False,False,False,0.0,LOW,0,0,2760.0,0,0,0,0.0,0.0,0.0,0,0,0,0,0.0,0.0,0.0,0,0,0.0,LOW
E000705,U018,2026-03-11 10:41:00,file_access,RES-014,0,18,DEV-039,0,0,,,0,0.0,manager,employee,PG2,10.444961234193336,0.8728943186706609,28.80323580643089,11.597508227473677,473.42433985249545,107.79443564094468,1.583021362254762,DEV-039,10,2026-03-11,0.444961234193336,0.5097538438226654,0.0,4.391918163841379,0.0,0.0,0.0,0.0,22,41,0.5365853658536586,0.0,9.209944751381215,4.253117875582253,0.1857590764541474,0.0,0.5303867403314917,0.0,0.0,0.0,False,False,False,False,False,0.0,LOW,0,0,1500.0,0,0,1,0.83,0.0,0.0,0,0,0,0,0.0,0.12,0.25,0,0,0.0,LOW
E000709,U018,2026-03-11 11:00:00,transaction,,0,0,DEV-039,0,0,,BEN-006,0,471.73,manager,employee,PG2,10.444961234193336,0.8728943186706609,28.80323580643089,11.597508227473677,473.42433985249545,107.79443564094468,1.583021362254762,DEV-039,11,2026-03-11,0.555038765806664,0.6358602111787574,0.0,0.0157182496705038,0.0,0.0,0.0,0.0,9,41,0.2195121951219512,0.0,9.209944751381215,4.253117875582253,0.4208807046933129,0.0,0.1933701657458563,0.0,0.0,0.0,False,False,False,False,True,0.0,LOW,0,0,1140.0,0,0,1,0.83,1.0,10.0,0,0,0,0,20.0,5.62,6.25,0,0,0.0,LOW
E000641,U003,2026-03-10 13:05:00,login,,0,0,DEV-018,0,0,,,0,0.0,admin,service_account,PG3,14.0,0.5,39.47334957614639,13.69300320792934,379.4036835648837,105.88076073191156,1.2678431944605075,DEV-018,13,2026-03-10,1.0,2.0,60.0,3.58331089559819,0.0,0.0,0.0,0.0,10,40,0.25,0.0,7.707446808510638,4.872112925153142,1.0862952630193818,30.0,0.2606382978723404,0.0,21.0,0.0,False,False,False,False,False,14.1,LOW,0,0,75600.0,0,0,0,0.0,0.0,0.0,0,0,0,0,0.0,0.0,0.0,0,0,0.0,LOW
E000363,U003,2026-03-06 16:33:00,transaction,,0,0,DEV-018,0,0,,BEN-010,0,476.96,admin,service_account,PG3,14.0,0.5,39.47334957614639,13.69300320792934,379.4036835648837,105.88076073191156,1.2678431944605075,DEV-018,16,2026-03-06,2.0,4.0,0.0,0.9213790660432386,0.0,0.0,0.0,0.0,10,40,0.25,0.0,7.707446808510638,4.872112925153142,1.7020445377358957,0.0,0.2127659574468085,0.0,0.0,0.0,False,False,False,False,True,0.0,LOW,0,0,4920.0,0,0,0,0.0,1.26,12.6,0,0,0,0,20.0,5.89,6.52,0,0,0.0,LOW
E000010,U019,2026-03-02 02:57:00,file_access,RES-031,0,7,DEV-024,0,0,,,0,0.0,admin,service_account,PG3,2.0,0.5,85.02394451015238,12.552651966358056,344.9338160498108,299.53214048669264,1.1969768999922874,DEV-024,2,2026-03-02,0.0,0.0,0.0,1.1515753050385429,0.0,0.0,0.0,0.0,15,34,0.4411764705882353,0.0,7.707446808510638,4.872112925153142,1.1714520776078357,0.0,0.526595744680851,0.0,0.0,0.0,False,False,False,False,False,0.0,LOW,1,0,4980.0,0,0,0,0.0,0.0,0.0,0,0,0,0,0.0,0.0,15.0,0,0,0.0,LOW
E000011,U019,2026-03-02 03:05:00,file_access,RES-050,0,9,DEV-024,0,0,,,0,0.0,admin,service_account,PG3,2.0,0.5,85.02394451015238,12.552651966358056,344.9338160498108,299.53214048669264,1.1969768999922874,DEV-024,3,2026-03-02,1.0,2.0,0.0,1.1515753050385429,0.0,0.0,0.0,0.0,15,34,0.4411764705882353,0.0,7.707446808510638,4.872112925153142,0.9662023193689976,0.0,0.526595744680851,0.0,0.0,0.0,False,False,False,False,False,0.0,LOW,1,0,480.0,0,1,1,2.58,0.0,0.0,0,0,0,0,0.0,0.39,15.77,0,0,0.0,LOW
E000425,U003,2026-03-07 14:28:00,file_access,RES-045,0,10,DEV-018,0,0,,,0,0.0,admin,service_account,PG3,14.0,0.5,39.47334957614639,13.69300320792934,379.4036835648837,105.88076073191156,1.2678431944605075,DEV-018,14,2026-03-07,0.0,0.0,0.0,3.58331089559819,0.0,0.0,0.0,0.0,20,40,0.5,0.0,7.707446808510638,4.872112925153142,1.2915450212582198,0.0,0.526595744680851,0.0,0.0,0.0,False,False,False,False,False,0.0,LOW,0,1,3360.0,0,0,0,0.0,0.0,0.0,0,0,0,0,0.0,0.0,0.0,0,0,0.0,LOW
E000076,U019,2026-03-03 03:00:00,file_access,RES-015,0,10,DEV-024,0,0,,,0,0.0,admin,service_account,PG3,2.0,0.5,85.02394451015238,12.552651966358056,344.9338160498108,299.53214048669264,1.1969768999922874,DEV-024,3,2026-03-03,1.0,2.0,0.0,1.1515753050385429,0.0,0.0,0.0,0.0,15,34,0.4411764705882353,0.0,7.707446808510638,4.872112925153142,0.9662023193689976,0.0,0.526595744680851,0.0,0.0,0.0,False,False,False,False,False,0.0,LOW,1,0,2580.0,0,0,0,0.0,0.0,0.0,0,0,0,0,0.0,0.0,15.0,0,0,0.0,LOW
E000087,U019,2026-03-03 03:50:00,file_access,RES-046,0,16,DEV-024,0,0,,,0,0.0,admin,service_account,PG3,2.0,0.5,85.02394451015238,12.552651966358056,344.9338160498108,299.53214048669264,1.1969768999922874,DEV-024,3,2026-03-03,1.0,2.0,0.0,1.1515753050385429,0.0,0.0,0.0,0.0,15,34,0.4411764705882353,0.0,7.707446808510638,4.872112925153142,0.9662023193689976,0.0,0.526595744680851,0.0,0.0,0.0,False,False,False,False,False,0.0,LOW,1,0,3000.0,0,0,0,0.0,0.0,0.0,0,0,0,0,0.0,0.0,15.0,0,0,0.0,LOW
E000430,U003,2026-03-07 15:02:00,file_access,RES-027,0,11,DEV-018,0,0,,,0,0.0,admin,service_account,PG3,14.0,0.5,39.47334957614639,13.69300320792934,379.4036835648837,105.88076073191156,1.2678431944605075,DEV-018,15,2026-03-07,1.0,2.0,0.0,3.58331089559819,0.0,0.0,0.0,0.0,20,40,0.5,0.0,7.707446808510638,4.872112925153142,1.4967947794970575,0.0,0.526595744680851,0.0,0.0,0.0,False,False,False,False,False,0.0,LOW,0,1,1860.0,0,0,0,0.0,0.0,0.0,0,0,0,0,0.0,0.0,0.0,0,0,0.0,LOW
E000514,U015,2026-03-09 01:55:00,login,,0,0,DEV-013,0,0,,,0,0.0,admin,automated_system,PG3,2.0,0.5,55.53771722230277,6.06410822797705,312.6500967832088,344.58427186036346,1.5229886459329025,DEV-013,1,2026-03-09,1.0,2.0,60.0,0.9073255000736208,0.0,0.0,0.0,0.0,10,40,0.25,0.0,7.707446808510638,4.872112925153142,1.3767018358466736,30.0,0.2606382978723404,0.0,21.0,0.0,False,False,False,False,False,14.1,LOW,1,0,80700.0,0,0,0,0.0,0.0,0.0,0,0,0,0,0.0,0.0,15.0,0,0,0.0,LOW
E000497,U003,2026-03-08 14:57:00,transaction,,0,0,DEV-018,0,0,,BEN-026,0,355.25,admin,service_account,PG3,14.0,0.5,39.47334957614639,13.69300320792934,379.4036835648837,105.88076073191156,1.2678431944605075,DEV-018,14,2026-03-08,0.0,0.0,0.0,0.2281215529423749,0.0,0.0,0.0,0.0,10,40,0.25,0.0,7.707446808510638,4.872112925153142,1.2915450212582198,0.0,0.2127659574468085,0.0,0.0,0.0,False,False,False,False,True,0.0,LOW,0,1,600.0,0,1,1,2.58,0.94,9.4,0,0,0,0,20.0,5.8,6.65,0,0,0.0,LOW
E000158,U019,2026-03-04 01:37:00,file_access,RES-037,0,18,DEV-024,0,0,,,0,0.0,admin,service_account,PG3,2.0,0.5,85.02394451015238,12.552651966358056,344.9338160498108,299.53214048669264,1.1969768999922874,DEV-024,1,2026-03-04,1.0,2.0,0.0,1.1515753050385429,0.0,0.0,0.0,0.0,15,34,0.4411764705882353,0.0,7.707446808510638,4.872112925153142,1.3767018358466736,0.0,0.526595744680851,0.0,0.0,0.0,False,False,False,False,False,0.0,LOW,1,0,1200.0,0,0,1,0.83,0.0,0.0,0,0,0,0,0.0,0.12,15.25,0,0,0.0,LOW
E000161,U019,2026-03-04 02:04:00,transaction,,0,0,DEV-024,0,0,,BEN-023,0,282.9,admin,service_account,PG3,2.0,0.5,85.02394451015238,12.552651966358056,344.9338160498108,299.53214048669264,1.1969768999922874,DEV-024,2,2026-03-04,0.0,0.0,0.0,0.2071023695454371,0.0,0.0,0.0,0.0,9,34,0.2647058823529412,0.0,7.707446808510638,4.872112925153142,1.1714520776078357,0.0,0.2127659574468085,0.0,0.0,0.0,False,False,False,False,True,0.0,LOW,1,0,1620.0,0,0,1,0.83,0.82,8.2,0,0,0,0,20.0,5.35,20.89,0,0,0.0,LOW
E000163,U019,2026-03-04 02:10:00,file_access,RES-058,0,13,DEV-024,0,0,,,0,0.0,admin,service_account,PG3,2.0,0.5,85.02394451015238,12.552651966358056,344.9338160498108,299.53214048669264,1.1969768999922874,DEV-024,2,2026-03-04,0.0,0.0,0.0,1.1515753050385429,0.0,0.0,0.0,0.0,15,34,0.4411764705882353,0.0,7.707446808510638,4.872112925153142,1.1714520776078357,0.0,0.526595744680851,0.0,0.0,0.0,False,False,False,False,False,0.0,LOW,1,0,360.0,0,1,1,2.58,0.0,0.0,0,0,0,0,0.0,0.39,15.77,0,0,0.0,LOW
E000503,U003,2026-03-08 16:10:00,file_access,RES-037,0,10,DEV-018,0,0,,,0,0.0,admin,service_account,PG3,14.0,0.5,39.47334957614639,13.69300320792934,379.4036835648837,105.88076073191156,1.2678431944605075,DEV-018,16,2026-03-08,2.0,4.0,0.0,3.58331089559819,0.0,0.0,0.0,0.0,20,40,0.5,0.0,7.707446808510638,4.872112925153142,1.7020445377358957,0.0,0.526595744680851,0.0,0.0,0.0,False,False,False,False,False,0.0,LOW,0,1,4380.0,0,0,0,0.0,0.0,0.0,0,0,0,0,0.0,0.0,0.0,0,0,0.0,LOW
E000234,U019,2026-03-05 03:06:00,file_access,RES-042,0,9,DEV-024,0,0,,,0,0.0,admin,service_account,PG3,2.0,0.5,85.02394451015238,12.552651966358056,344.9338160498108,299.53214048669264,1.1969768999922874,DEV-024,3,2026-03-05,1.0,2.0,0.0,1.1515753050385429,0.0,0.0,0.0,0.0,15,34,0.4411764705882353,0.0,7.707446808510638,4.872112925153142,0.9662023193689976,0.0,0.526595744680851,0.0,0.0,0.0,False,False,False,False,False,0.0,LOW,1,0,3660.0,0,0,0,0.0,0.0,0.0,0,0,0,0,0.0,0.0,15.0,0,0,0.0,LOW
E000239,U019,2026-03-05 03:45:00,file_access,RES-031,0,7,DEV-024,0,0,,,0,0.0,admin,service_account,PG3,2.0,0.5,85.02394451015238,12.552651966358056,344.9338160498108,299.53214048669264,1.1969768999922874,DEV-024,3,2026-03-05,1.0,2.0,0.0,1.1515753050385429,0.0,0.0,0.0,0.0,15,34,0.4411764705882353,0.0,7.707446808510638,4.872112925153142,0.9662023193689976,0.0,0.526595744680851,0.0,0.0,0.0,False,False,False,False,False,0.0,LOW,1,0,2340.0,0,0,0,0.0,0.0,0.0,0,0,0,0,0.0,0.0,15.0,0,0,0.0,LOW
E000243,U019,2026-03-05 04:32:00,transaction,,0,0,DEV-024,0,0,,BEN-009,0,293.98,admin,service_account,PG3,2.0,0.5,85.02394451015238,12.552651966358056,344.9338160498108,299.53214048669264,1.1969768999922874,DEV-024,4,2026-03-05,2.0,4.0,0.0,0.1701113475402633,0.0,0.0,0.0,0.0,9,34,0.2647058823529412,0.0,7.707446808510638,4.872112925153142,0.7609525611301597,0.0,0.2127659574468085,0.0,0.0,0.0,False,False,False,False,True,0.0,LOW,1,0,2820.0,0,0,0,0.0,0.85,8.5,0,0,0,0,20.0,5.28,20.7,0,0,0.0,LOW
E000572,U003,2026-03-09 15:38:00,file_access,RES-029,0,7,DEV-018,0,0,,,0,0.0,admin,service_account,PG3,14.0,0.5,39.47334957614639,13.69300320792934,379.4036835648837,105.88076073191156,1.2678431944605075,DEV-018,15,2026-03-09,1.0,2.0,0.0,3.58331089559819,0.0,0.0,0.0,0.0,20,40,0.5,0.0,7.707446808510638,4.872112925153142,1.4967947794970575,0.0,0.526595744680851,0.0,0.0,0.0,False,False,False,False,False,0.0,LOW,0,0,3660.0,0,0,0,0.0,0.0,0.0,0,0,0,0,0.0,0.0,0.0,0,0,0.0,LOW
E000302,U019,2026-03-06 02:30:00,transaction,,0,0,DEV-024,0,0,,BEN-021,0,167.01,admin,service_account,PG3,2.0,0.5,85.02394451015238,12.552651966358056,344.9338160498108,299.53214048669264,1.1969768999922874,DEV-024,2,2026-03-06,0.0,0.0,0.0,0.5940057576482863,0.0,0.0,0.0,0.0,9,34,0.2647058823529412,0.0,7.707446808510638,4.872112925153142,1.1714520776078357,0.0,0.2127659574468085,0.0,0.0,0.0,False,False,False,False,True,0.0,LOW,1,0,1320.0,0,0,1,0.83,0.48,4.8,0,0,0,0,20.0,4.84,20.21,0,0,0.0,LOW
E000307,U019,2026-03-06 03:31:00,file_access,RES-048,0,19,DEV-024,0,0,,,0,0.0,admin,service_account,PG3,2.0,0.5,85.02394451015238,12.552651966358056,344.9338160498108,299.53214048669264,1.1969768999922874,DEV-024,3,2026-03-06,1.0,2.0,0.0,1.1515753050385429,0.0,0.0,0.0,0.0,15,34,0.4411764705882353,0.0,7.707446808510638,4.872112925153142,0.9662023193689976,0.0,0.526595744680851,0.0,0.0,0.0,False,False,False,False,False,0.0,LOW,1,0,3660.0,0,0,0,0.0,0.0,0.0,0,0,0,0,0.0,0.0,15.0,0,0,0.0,LOW
E000574,U003,2026-03-09 15:47:00,file_access,RES-031,0,6,DEV-018,0,0,,,0,0.0,admin,service_account,PG3,14.0,0.5,39.47334957614639,13.69300320792934,379.4036835648837,105.88076073191156,1.2678431944605075,DEV-018,15,2026-03-09,1.0,2.0,0.0,3.58331089559819,0.0,0.0,0.0,0.0,20,40,0.5,0.0,7.707446808510638,4.872112925153142,1.4967947794970575,0.0,0.526595744680851,0.0,0.0,0.0,False,False,False,False,False,0.0,LOW,0,0,540.0,0,1,1,2.58,0.0,0.0,0,0,0,0,0.0,0.39,0.77,0,0,0.0,LOW
E000369,U019,2026-03-07 01:31:00,file_access,RES-027,0,11,DEV-024,0,0,,,0,0.0,admin,service_account,PG3,2.0,0.5,85.02394451015238,12.552651966358056,344.9338160498108,299.53214048669264,1.1969768999922874,DEV-024,1,2026-03-07,1.0,2.0,0.0,1.1515753050385429,0.0,0.0,0.0,0.0,15,34,0.4411764705882353,0.0,7.707446808510638,4.872112925153142,1.3767018358466736,0.0,0.526595744680851,0.0,0.0,0.0,False,False,False,False,False,0.0,LOW,1,1,1020.0,0,0,1,0.83,0.0,0.0,0,0,0,0,0.0,0.12,15.25,0,0,0.0,LOW
E000372,U019,2026-03-07 01:49:00,transaction,,0,0,DEV-024,0,0,,BEN-018,0,276.68,admin,service_account,PG3,2.0,0.5,85.02394451015238,12.552651966358056,344.9338160498108,299.53214048669264,1.1969768999922874,DEV-024,1,2026-03-07,1.0,2.0,0.0,0.2278680876746951,0.0,0.0,0.0,0.0,9,34,0.2647058823529412,0.0,7.707446808510638,4.872112925153142,1.3767018358466736,0.0,0.2127659574468085,0.0,0.0,0.0,False,False,False,False,True,0.0,LOW,1,1,1080.0,0,0,1,0.83,0.8,8.0,0,0,0,0,20.0,5.32,20.85,0,0,0.0,LOW
E000670,U012,2026-03-11 02:52:00,login,,0,0,DEV-028,0,0,,,0,0.0,finance_officer,automated_system,PG4,3.0,0.5,26.36365885216557,5.471163754247346,507.0175649818456,269.6061145960815,2.3762380930888924,DEV-028,2,2026-03-11,1.0,2.0,60.0,1.8805862980572572,0.0,0.0,0.0,0.0,10,42,0.238095238095238,0.0,10.228260869565217,4.541498418788599,1.811794282592754,30.0,0.2608695652173913,0.0,21.0,0.0,False,False,False,False,False,14.1,LOW,1,0,78540.0,0,0,0,0.0,0.0,0.0,0,0,0,0,0.0,0.0,15.0,0,0,0.0,LOW
E000446,U019,2026-03-08 02:56:00,file_access,RES-042,0,16,DEV-024,0,0,,,0,0.0,admin,service_account,PG3,2.0,0.5,85.02394451015238,12.552651966358056,344.9338160498108,299.53214048669264,1.1969768999922874,DEV-024,2,2026-03-08,0.0,0.0,0.0,1.1515753050385429,0.0,0.0,0.0,0.0,15,34,0.4411764705882353,0.0,7.707446808510638,4.872112925153142,1.1714520776078357,0.0,0.526595744680851,0.0,0.0,0.0,False,False,False,False,False,0.0,LOW,1,1,3420.0,0,0,0,0.0,0.0,0.0,0,0,0,0,0.0,0.0,15.0,0,0,0.0,LOW
E000367,U019,2026-03-07 01:14:00,login,,0,0,DEV-024,0,0,,,0,0.0,admin,service_account,PG3,2.0,0.5,85.02394451015238,12.552651966358056,344.9338160498108,299.53214048669264,1.1969768999922874,DEV-024,1,2026-03-07,1.0,2.0,60.0,1.1515753050385429,0.0,0.0,0.0,0.0,10,34,0.2941176470588235,0.0,7.707446808510638,4.872112925153142,1.3767018358466736,30.0,0.2606382978723404,0.0,21.0,0.0,False,False,False,False,False,14.1,LOW,1,1,78180.0,0,0,0,0.0,0.0,0.0,0,0,0,0,0.0,0.0,15.0,0,0,0.0,LOW
E000645,U003,2026-03-10 13:52:00,transaction,,0,0,DEV-018,0,0,,BEN-016,0,457.82,admin,service_account,PG3,14.0,0.5,39.47334957614639,13.69300320792934,379.4036835648837,105.88076073191156,1.2678431944605075,DEV-018,13,2026-03-10,1.0,2.0,0.0,0.7406096810511703,0.0,0.0,0.0,0.0,10,40,0.25,0.0,7.707446808510638,4.872112925153142,1.0862952630193818,0.0,0.2127659574468085,0.0,0.0,0.0,False,False,False,False,True,0.0,LOW,0,0,2820.0,0,0,0,0.0,1.21,12.1,0,0,0,0,20.0,5.82,6.42,0,0,0.0,LOW
E000517,U019,2026-03-09 03:24:00,file_access,RES-006,1,19,DEV-024,0,0,,,0,0.0,admin,service_account,PG3,2.0,0.5,85.02394451015238,12.552651966358056,344.9338160498108,299.53214048669264,1.1969768999922874,DEV-024,3,2026-03-09,1.0,2.0,0.0,1.1515753050385429,0.0,0.0,0.0,0.0,15,34,0.4411764705882353,0.0,7.707446808510638,4.872112925153142,0.9662023193689976,0.0,0.526595744680851,0.0,0.0,0.0,False,False,True,False,False,0.0,LOW,1,0,6180.0,0,0,0,0.0,0.0,0.0,0,0,0,0,20.0,4.0,19.0,0,0,0.0,LOW
E000523,U019,2026-03-09 05:00:00,transaction,,0,0,DEV-024,0,0,,BEN-006,0,226.64,admin,service_account,PG3,2.0,0.5,85.02394451015238,12.552651966358056,344.9338160498108,299.53214048669264,1.1969768999922874,DEV-024,5,2026-03-09,3.0,6.0,0.0,0.3949286238785659,0.0,0.0,0.0,0.0,9,34,0.2647058823529412,0.0,7.707446808510638,4.872112925153142,0.5557028028913218,0.0,0.2127659574468085,0.0,0.0,0.0,False,False,False,False,True,0.0,LOW,1,0,5760.0,0,0,0,0.0,0.66,6.6,0,0,0,0,20.0,4.99,20.32,0,0,0.0,LOW
E000647,U003,2026-03-10 14:36:00,file_access,RES-020,0,8,DEV-018,0,0,,,0,0.0,admin,service_account,PG3,14.0,0.5,39.47334957614639,13.69300320792934,379.4036835648837,105.88076073191156,1.2678431944605075,DEV-018,14,2026-03-10,0.0,0.0,0.0,3.58331089559819,0.0,0.0,0.0,0.0,20,40,0.5,0.0,7.707446808510638,4.872112925153142,1.2915450212582198,0.0,0.526595744680851,0.0,0.0,0.0,False,False,False,False,False,0.0,LOW,0,0,2640.0,0,0,0,0.0,0.0,0.0,0,0,0,0,0.0,0.0,0.0,0,0,0.0,LOW
E000581,U019,2026-03-10 00:35:00,file_access,RES-054,0,13,DEV-024,0,0,,,0,0.0,admin,service_account,PG3,2.0,0.5,85.02394451015238,12.552651966358056,344.9338160498108,299.53214048669264,1.1969768999922874,DEV-024,0,2026-03-10,2.0,4.0,0.0,1.1515753050385429,0.0,0.0,0.0,0.0,15,34,0.4411764705882353,0.0,7.707446808510638,4.872112925153142,1.5819515940855116,0.0,0.526595744680851,0.0,0.0,0.0,False,False,False,False,False,0.0,LOW,1,0,540.0,0,1,1,2.58,0.0,0.0,0,0,0,0,0.0,0.39,15.77,0,0,0.0,LOW
E000731,U003,2026-03-11 15:42:00,file_access,RES-027,0,19,DEV-018,0,0,,,0,0.0,admin,service_account,PG3,14.0,0.5,39.47334957614639,13.69300320792934,379.4036835648837,105.88076073191156,1.2678431944605075,DEV-018,15,2026-03-11,1.0,2.0,0.0,3.58331089559819,0.0,0.0,0.0,0.0,20,40,0.5,0.0,7.707446808510638,4.872112925153142,1.4967947794970575,0.0,0.526595744680851,0.0,0.0,0.0,False,False,False,False,False,0.0,LOW,0,0,3780.0,0,0,0,0.0,0.0,0.0,0,0,0,0,0.0,0.0,0.0,0,0,0.0,LOW
E000736,U003,2026-03-11 17:47:00,transaction,,0,0,DEV-018,0,0,,BEN-005,0,299.63,admin,service_account,PG3,14.0,0.5,39.47334957614639,13.69300320792934,379.4036835648837,105.88076073191156,1.2678431944605075,DEV-018,17,2026-03-11,3.0,6.0,0.0,0.7534294522766929,0.0,0.0,0.0,0.0,10,40,0.25,0.0,7.707446808510638,4.872112925153142,1.9072942959747332,0.0,0.2127659574468085,0.0,0.0,0.0,False,False,False,False,True,0.0,LOW,0,0,7500.0,0,0,0,0.0,0.79,7.9,0,0,0,0,20.0,5.18,5.58,0,0,0.0,LOW
E000660,U019,2026-03-11 02:02:00,file_access,RES-020,0,19,DEV-024,0,0,,,0,0.0,admin,service_account,PG3,2.0,0.5,85.02394451015238,12.552651966358056,344.9338160498108,299.53214048669264,1.1969768999922874,DEV-024,2,2026-03-11,0.0,0.0,0.0,1.1515753050385429,0.0,0.0,0.0,0.0,15,34,0.4411764705882353,0.0,7.707446808510638,4.872112925153142,1.1714520776078357,0.0,0.526595744680851,0.0,0.0,0.0,False,False,False,False,False,0.0,LOW,1,0,360.0,0,1,1,2.58,0.0,0.0,0,0,0,0,0.0,0.39,15.77,0,0,0.0,LOW
E000675,U019,2026-03-11 03:31:00,transaction,,0,0,DEV-024,0,0,,BEN-018,0,150.92,admin,service_account,PG3,2.0,0.5,85.02394451015238,12.552651966358056,344.9338160498108,299.53214048669264,1.1969768999922874,DEV-024,3,2026-03-11,1.0,2.0,0.0,0.6477228645131999,0.0,0.0,0.0,0.0,9,34,0.2647058823529412,0.0,7.707446808510638,4.872112925153142,0.9662023193689976,0.0,0.2127659574468085,0.0,0.0,0.0,False,False,False,False,True,0.0,LOW,1,0,5340.0,0,0,0,0.0,0.44,4.4,0,0,0,0,20.0,4.66,19.88,0,0,0.0,LOW
E000021,U004,2026-03-02 09:00:00,login,,0,0,DEV-003,0,0,,,0,0.0,finance_officer,employee,PG4,8.538284405268971,1.0344458903045668,27.15471935638941,8.799273006373374,1205.1422653569596,170.38450286763987,0.7935626016660392,DEV-003,9,2026-03-02,0.4617155947310287,0.4463409822190778,0.0,7.07307439980708,0.0,0.0,0.0,0.0,9,33,0.2727272727272727,0.0,10.228260869565217,4.541498418788599,0.2704527793038059,0.0,0.2608695652173913,0.0,0.0,0.0,False,False,False,False,False,0.0,LOW,0,0,999999.0,0,0,0,0.0,0.0,0.0,0,0,0,0,0.0,0.0,0.0,0,0,0.0,LOW
E000070,U020,2026-03-02 16:37:00,file_access,RES-018,0,7,DEV-038,0,0,,,0,0.0,finance_officer,service_account,PG4,14.0,0.5,51.60402989737908,7.47905613666008,379.27250971376577,57.36199100247061,1.6617645672734394,DEV-038,16,2026-03-02,2.0,4.0,0.0,6.61191327367682,0.0,0.0,0.0,0.0,19,39,0.4871794871794871,0.0,10.228260869565217,4.541498418788599,1.270888723985142,0.0,0.4945652173913043,0.0,0.0,0.0,False,False,False,False,False,0.0,LOW,0,0,3840.0,0,0,0,0.0,0.0,0.0,0,0,0,0,0.0,0.0,0.0,0,0,0.0,LOW
E000071,U020,2026-03-02 17:07:00,transaction,,0,0,DEV-038,0,0,,BEN-009,0,412.49,finance_officer,service_account,PG4,14.0,0.5,51.60402989737908,7.47905613666008,379.27250971376577,57.36199100247061,1.6617645672734394,DEV-038,17,2026-03-02,3.0,6.0,0.0,0.5790853787624551,0.0,0.0,0.0,0.0,10,39,0.2564102564102564,0.0,10.228260869565217,4.541498418788599,1.491080367312135,0.0,0.2445652173913043,0.0,0.0,0.0,False,False,False,False,True,0.0,LOW,0,0,1800.0,0,0,1,0.83,1.09,10.9,0,0,0,0,20.0,5.76,6.43,0,0,0.0,LOW
E000072,U020,2026-03-02 17:31:00,file_access,RES-009,1,17,DEV-038,0,0,,,0,0.0,finance_officer,service_account,PG4,14.0,0.5,51.60402989737908,7.47905613666008,379.27250971376577,57.36199100247061,1.6617645672734394,DEV-038,17,2026-03-02,3.0,6.0,0.0,6.61191327367682,0.0,0.0,0.0,0.0,19,39,0.4871794871794871,0.0,10.228260869565217,4.541498418788599,1.491080367312135,0.0,0.4945652173913043,0.0,0.0,0.0,False,False,True,False,False,0.0,LOW,0,0,1440.0,0,0,1,0.83,0.0,0.0,0,0,0,0,20.0,4.12,4.25,0,0,0.0,LOW
E000141,U020,2026-03-03 14:45:00,login,,0,0,DEV-038,0,0,,,0,0.0,finance_officer,service_account,PG4,14.0,0.5,51.60402989737908,7.47905613666008,379.27250971376577,57.36199100247061,1.6617645672734394,DEV-038,14,2026-03-03,0.0,0.0,0.0,6.61191327367682,0.0,0.0,0.0,0.0,10,39,0.2564102564102564,0.0,10.228260869565217,4.541498418788599,0.8305054373311569,0.0,0.2608695652173913,0.0,0.0,0.0,False,False,False,False,False,0.0,LOW,0,0,76440.0,0,0,0,0.0,0.0,0.0,0,0,0,0,0.0,0.0,0.0,0,0,0.0,LOW
E000142,U020,2026-03-03 14:51:00,file_access,RES-048,0,11,DEV-038,0,0,,,0,0.0,finance_officer,service_account,PG4,14.0,0.5,51.60402989737908,7.47905613666008,379.27250971376577,57.36199100247061,1.6617645672734394,DEV-038,14,2026-03-03,0.0,0.0,0.0,6.61191327367682,0.0,0.0,0.0,0.0,19,39,0.4871794871794871,0.0,10.228260869565217,4.541498418788599,0.8305054373311569,0.0,0.4945652173913043,0.0,0.0,0.0,False,False,False,False,False,0.0,LOW,0,0,360.0,0,1,1,2.58,0.0,0.0,0,0,0,0,0.0,0.39,0.77,0,0,0.0,LOW
E000152,U020,2026-03-03 17:20:00,transaction,,0,0,DEV-038,0,0,,BEN-020,0,362.08,finance_officer,service_account,PG4,14.0,0.5,51.60402989737908,7.47905613666008,379.27250971376577,57.36199100247061,1.6617645672734394,DEV-038,17,2026-03-03,3.0,6.0,0.0,0.2997195427373728,0.0,0.0,0.0,0.0,10,39,0.2564102564102564,0.0,10.228260869565217,4.541498418788599,1.491080367312135,0.0,0.2445652173913043,0.0,0.0,0.0,False,False,False,False,True,0.0,LOW,0,0,8940.0,0,0,0,0.0,0.95,9.5,0,0,0,0,20.0,5.42,5.9,0,0,0.0,LOW
E000042,U004,2026-03-02 10:44:00,file_access,RES-028,0,8,DEV-003,0,0,,,0,0.0,finance_officer,employee,PG4,8.538284405268971,1.0344458903045668,27.15471935638941,8.799273006373374,1205.1422653569596,170.38450286763987,0.7935626016660392,DEV-003,10,2026-03-02,1.4617155947310287,1.413042101506791,0.0,7.07307439980708,0.0,0.0,0.0,0.0,16,33,0.4848484848484848,0.0,10.228260869565217,4.541498418788599,0.0502611359768134,0.0,0.4945652173913043,0.0,0.0,0.0,False,False,False,False,False,0.0,LOW,0,0,6240.0,0,0,0,0.0,0.0,0.0,0,0,0,0,0.0,0.0,0.0,0,0,0.0,LOW
E000051,U004,2026-03-02 12:08:00,transaction,,0,0,DEV-003,0,0,,BEN-008,0,1150.8,finance_officer,employee,PG4,8.538284405268971,1.0344458903045668,27.15471935638941,8.799273006373374,1205.1422653569596,170.38450286763987,0.7935626016660392,DEV-003,12,2026-03-02,3.4617155947310287,3.3464443400822184,0.0,0.318939014067344,0.0,0.0,0.0,0.0,8,33,0.2424242424242424,0.0,10.228260869565217,4.541498418788599,0.3901221506771717,0.0,0.2445652173913043,0.0,0.0,0.0,False,False,False,False,True,0.0,LOW,0,0,5040.0,0,0,0,0.0,0.95,9.5,0,0,0,0,20.0,5.42,5.9,0,0,0.0,LOW
E000214,U020,2026-03-04 14:50:00,file_access,RES-043,0,4,DEV-038,0,0,,,0,0.0,finance_officer,service_account,PG4,14.0,0.5,51.60402989737908,7.47905613666008,379.27250971376577,57.36199100247061,1.6617645672734394,DEV-038,14,2026-03-04,0.0,0.0,0.0,6.61191327367682,0.0,0.0,0.0,0.0,19,39,0.4871794871794871,0.0,10.228260869565217,4.541498418788599,0.8305054373311569,0.0,0.4945652173913043,0.0,0.0,0.0,False,False,False,False,False,0.0,LOW,0,0,660.0,0,1,1,2.58,0.0,0.0,0,0,0,0,0.0,0.39,0.77,0,0,0.0,LOW
E000215,U020,2026-03-04 15:04:00,file_access,RES-021,0,3,DEV-038,0,0,,,0,0.0,finance_officer,service_account,PG4,14.0,0.5,51.60402989737908,7.47905613666008,379.27250971376577,57.36199100247061,1.6617645672734394,DEV-038,15,2026-03-04,1.0,2.0,0.0,6.61191327367682,0.0,0.0,0.0,0.0,19,39,0.4871794871794871,0.0,10.228260869565217,4.541498418788599,1.0506970806581497,0.0,0.4945652173913043,0.0,0.0,0.0,False,False,False,False,False,0.0,LOW,0,0,840.0,0,1,2,3.42,0.0,0.0,0,0,0,0,0.0,0.51,1.03,0,0,0.0,LOW
E000218,U020,2026-03-04 15:53:00,file_access,RES-026,0,14,DEV-038,0,0,,,0,0.0,finance_officer,service_account,PG4,14.0,0.5,51.60402989737908,7.47905613666008,379.27250971376577,57.36199100247061,1.6617645672734394,DEV-038,15,2026-03-04,1.0,2.0,0.0,6.61191327367682,0.0,0.0,0.0,0.0,19,39,0.4871794871794871,0.0,10.228260869565217,4.541498418788599,1.0506970806581497,0.0,0.4945652173913043,0.0,0.0,0.0,False,False,False,False,False,0.0,LOW,0,0,2940.0,0,0,0,0.0,0.0,0.0,0,0,0,0,0.0,0.0,0.0,0,0,0.0,LOW
E000278,U020,2026-03-05 14:16:00,login,,0,0,DEV-038,0,0,,,0,0.0,finance_officer,service_account,PG4,14.0,0.5,51.60402989737908,7.47905613666008,379.27250971376577,57.36199100247061,1.6617645672734394,DEV-038,14,2026-03-05,0.0,0.0,0.0,6.61191327367682,0.0,0.0,0.0,0.0,10,39,0.2564102564102564,0.0,10.228260869565217,4.541498418788599,0.8305054373311569,0.0,0.2608695652173913,0.0,0.0,0.0,False,False,False,False,False,0.0,LOW,0,0,80580.0,0,0,0,0.0,0.0,0.0,0,0,0,0,0.0,0.0,0.0,0,0,0.0,LOW
E000280,U020,2026-03-05 14:28:00,transaction,,0,0,DEV-038,0,0,,BEN-008,0,375.35,finance_officer,service_account,PG4,14.0,0.5,51.60402989737908,7.47905613666008,379.27250971376577,57.36199100247061,1.6617645672734394,DEV-038,14,2026-03-05,0.0,0.0,0.0,0.068381686988459,0.0,0.0,0.0,0.0,10,39,0.2564102564102564,0.0,10.228260869565217,4.541498418788599,0.8305054373311569,0.0,0.2445652173913043,0.0,0.0,0.0,False,False,False,False,True,0.0,LOW,0,0,720.0,0,1,1,2.58,0.99,9.9,0,0,0,0,20.0,5.87,6.75,0,0,0.0,LOW
E000284,U020,2026-03-05 14:51:00,file_access,RES-029,0,9,DEV-038,0,0,,,0,0.0,finance_officer,service_account,PG4,14.0,0.5,51.60402989737908,7.47905613666008,379.27250971376577,57.36199100247061,1.6617645672734394,DEV-038,14,2026-03-05,0.0,0.0,0.0,6.61191327367682,0.0,0.0,0.0,0.0,19,39,0.4871794871794871,0.0,10.228260869565217,4.541498418788599,0.8305054373311569,0.0,0.4945652173913043,0.0,0.0,0.0,False,False,False,False,False,0.0,LOW,0,0,1380.0,0,0,1,0.83,0.0,0.0,0,0,0,0,0.0,0.12,0.25,0,0,0.0,LOW
E000285,U020,2026-03-05 15:03:00,file_access,RES-020,0,19,DEV-038,0,0,,,0,0.0,finance_officer,service_account,PG4,14.0,0.5,51.60402989737908,7.47905613666008,379.27250971376577,57.36199100247061,1.6617645672734394,DEV-038,15,2026-03-05,1.0,2.0,0.0,6.61191327367682,0.0,0.0,0.0,0.0,19,39,0.4871794871794871,0.0,10.228260869565217,4.541498418788599,1.0506970806581497,0.0,0.4945652173913043,0.0,0.0,0.0,False,False,False,False,False,0.0,LOW,0,0,720.0,0,1,1,2.58,0.0,0.0,0,0,0,0,0.0,0.39,0.77,0,0,0.0,LOW
E000347,U020,2026-03-06 14:03:00,login,,0,0,DEV-038,0,0,,,0,0.0,finance_officer,service_account,PG4,14.0,0.5,51.60402989737908,7.47905613666008,379.27250971376577,57.36199100247061,1.6617645672734394,DEV-038,14,2026-03-06,0.0,0.0,0.0,6.61191327367682,0.0,0.0,0.0,0.0,10,39,0.2564102564102564,0.0,10.228260869565217,4.541498418788599,0.8305054373311569,0.0,0.2608695652173913,0.0,0.0,0.0,False,False,False,False,False,0.0,LOW,0,0,82800.0,0,0,0,0.0,0.0,0.0,0,0,0,0,0.0,0.0,0.0,0,0,0.0,LOW
E000351,U020,2026-03-06 14:23:00,file_access,RES-030,0,10,DEV-038,0,0,,,0,0.0,finance_officer,service_account,PG4,14.0,0.5,51.60402989737908,7.47905613666008,379.27250971376577,57.36199100247061,1.6617645672734394,DEV-038,14,2026-03-06,0.0,0.0,0.0,6.61191327367682,0.0,0.0,0.0,0.0,19,39,0.4871794871794871,0.0,10.228260869565217,4.541498418788599,0.8305054373311569,0.0,0.4945652173913043,0.0,0.0,0.0,False,False,False,False,False,0.0,LOW,0,0,1200.0,0,0,1,0.83,0.0,0.0,0,0,0,0,0.0,0.12,0.25,0,0,0.0,LOW
E000353,U020,2026-03-06 14:28:00,file_access,RES-026,0,17,DEV-038,0,0,,,0,0.0,finance_officer,service_account,PG4,14.0,0.5,51.60402989737908,7.47905613666008,379.27250971376577,57.36199100247061,1.6617645672734394,DEV-038,14,2026-03-06,0.0,0.0,0.0,6.61191327367682,0.0,0.0,0.0,0.0,19,39,0.4871794871794871,0.0,10.228260869565217,4.541498418788599,0.8305054373311569,0.0,0.4945652173913043,0.0,0.0,0.0,False,False,False,False,False,0.0,LOW,0,0,300.0,1,1,2,7.42,0.0,0.0,0,0,0,0,0.0,1.11,2.23,0,0,0.0,LOW
E000361,U020,2026-03-06 16:02:00,file_access,RES-057,0,10,DEV-038,0,0,,,0,0.0,finance_officer,service_account,PG4,14.0,0.5,51.60402989737908,7.47905613666008,379.27250971376577,57.36199100247061,1.6617645672734394,DEV-038,16,2026-03-06,2.0,4.0,0.0,6.61191327367682,0.0,0.0,0.0,0.0,19,39,0.4871794871794871,0.0,10.228260869565217,4.541498418788599,1.270888723985142,0.0,0.4945652173913043,0.0,0.0,0.0,False,False,False,False,False,0.0,LOW,0,0,5640.0,0,0,0,0.0,0.0,0.0,0,0,0,0,0.0,0.0,0.0,0,0,0.0,LOW
E000364,U020,2026-03-06 16:56:00,transaction,,0,0,DEV-038,0,0,,BEN-020,0,420.73,finance_officer,service_account,PG4,14.0,0.5,51.60402989737908,7.47905613666008,379.27250971376577,57.36199100247061,1.6617645672734394,DEV-038,16,2026-03-06,2.0,4.0,0.0,0.7227345069742899,0.0,0.0,0.0,0.0,10,39,0.2564102564102564,0.0,10.228260869565217,4.541498418788599,1.270888723985142,0.0,0.2445652173913043,0.0,0.0,0.0,False,False,False,False,True,0.0,LOW,0,0,3240.0,0,0,0,0.0,1.11,11.1,0,0,0,0,20.0,5.66,6.22,0,0,0.0,LOW
E000096,U004,2026-03-03 08:07:00,login,,0,0,DEV-003,0,0,,,0,0.0,finance_officer,employee,PG4,8.538284405268971,1.0344458903045668,27.15471935638941,8.799273006373374,1205.1422653569596,170.38450286763987,0.7935626016660392,DEV-003,8,2026-03-03,0.5382844052689713,0.5203601370686357,0.0,7.07307439980708,0.0,0.0,0.0,0.0,9,33,0.2727272727272727,0.0,10.228260869565217,4.541498418788599,0.4906444226307985,0.0,0.2608695652173913,0.0,0.0,0.0,False,False,False,False,False,0.0,LOW,0,0,71940.0,0,0,0,0.0,0.0,0.0,0,0,0,0,0.0,0.0,0.0,0,0,0.0,LOW
E000421,U020,2026-03-07 13:36:00,file_access,RES-031,0,5,DEV-038,0,0,,,0,0.0,finance_officer,service_account,PG4,14.0,0.5,51.60402989737908,7.47905613666008,379.27250971376577,57.36199100247061,1.6617645672734394,DEV-038,13,2026-03-07,1.0,2.0,0.0,6.61191327367682,0.0,0.0,0.0,0.0,19,39,0.4871794871794871,0.0,10.228260869565217,4.541498418788599,0.6103137940041643,0.0,0.4945652173913043,0.0,0.0,0.0,False,False,False,False,False,0.0,LOW,0,1,1320.0,0,0,1,0.83,0.0,0.0,0,0,0,0,0.0,0.12,0.25,0,0,0.0,LOW
E000098,U004,2026-03-03 08:29:00,file_access,RES-052,0,15,DEV-003,0,0,,,0,0.0,finance_officer,employee,PG4,8.538284405268971,1.0344458903045668,27.15471935638941,8.799273006373374,1205.1422653569596,170.38450286763987,0.7935626016660392,DEV-003,8,2026-03-03,0.5382844052689713,0.5203601370686357,0.0,7.07307439980708,0.0,0.0,0.0,0.0,16,33,0.4848484848484848,0.0,10.228260869565217,4.541498418788599,0.4906444226307985,0.0,0.4945652173913043,0.0,0.0,0.0,False,False,False,False,False,0.0,LOW,0,0,1320.0,0,0,1,0.83,0.0,0.0,0,0,0,0,0.0,0.12,0.25,0,0,0.0,LOW
E000496,U020,2026-03-08 14:48:00,login,,0,0,DEV-038,0,0,,,0,0.0,finance_officer,service_account,PG4,14.0,0.5,51.60402989737908,7.47905613666008,379.27250971376577,57.36199100247061,1.6617645672734394,DEV-038,14,2026-03-08,0.0,0.0,0.0,6.61191327367682,0.0,0.0,0.0,0.0,10,39,0.2564102564102564,0.0,10.228260869565217,4.541498418788599,0.8305054373311569,0.0,0.2608695652173913,0.0,0.0,0.0,False,False,False,False,False,0.0,LOW,0,1,82140.0,0,0,0,0.0,0.0,0.0,0,0,0,0,0.0,0.0,0.0,0,0,0.0,LOW
E000504,U020,2026-03-08 16:30:00,file_access,RES-016,0,20,DEV-038,0,0,,,0,0.0,finance_officer,service_account,PG4,14.0,0.5,51.60402989737908,7.47905613666008,379.27250971376577,57.36199100247061,1.6617645672734394,DEV-038,16,2026-03-08,2.0,4.0,0.0,6.61191327367682,0.0,0.0,0.0,0.0,19,39,0.4871794871794871,0.0,10.228260869565217,4.541498418788599,1.270888723985142,0.0,0.4945652173913043,0.0,0.0,0.0,False,False,False,False,False,0.0,LOW,0,1,6120.0,0,0,0,0.0,0.0,0.0,0,0,0,0,0.0,0.0,0.0,0,0,0.0,LOW
E000505,U020,2026-03-08 16:35:00,file_access,RES-043,0,7,DEV-038,0,0,,,0,0.0,finance_officer,service_account,PG4,14.0,0.5,51.60402989737908,7.47905613666008,379.27250971376577,57.36199100247061,1.6617645672734394,DEV-038,16,2026-03-08,2.0,4.0,0.0,6.61191327367682,0.0,0.0,0.0,0.0,19,39,0.4871794871794871,0.0,10.228260869565217,4.541498418788599,1.270888723985142,0.0,0.4945652173913043,0.0,0.0,0.0,False,False,False,False,False,0.0,LOW,0,1,300.0,1,1,1,6.58,0.0,0.0,0,0,0,0,0.0,0.99,1.97,0,0,0.0,LOW
E000506,U020,2026-03-08 16:44:00,file_access,RES-051,0,3,DEV-038,0,0,,,0,0.0,finance_officer,service_account,PG4,14.0,0.5,51.60402989737908,7.47905613666008,379.27250971376577,57.36199100247061,1.6617645672734394,DEV-038,16,2026-03-08,2.0,4.0,0.0,6.61191327367682,0.0,0.0,0.0,0.0,19,39,0.4871794871794871,0.0,10.228260869565217,4.541498418788599,1.270888723985142,0.0,0.4945652173913043,0.0,0.0,0.0,False,False,False,False,False,0.0,LOW,0,1,540.0,0,2,2,5.17,0.0,0.0,0,0,0,0,0.0,0.78,1.55,0,0,0.0,LOW
E000507,U020,2026-03-08 17:13:00,transaction,,0,0,DEV-038,0,0,,BEN-019,0,372.65,finance_officer,service_account,PG4,14.0,0.5,51.60402989737908,7.47905613666008,379.27250971376577,57.36199100247061,1.6617645672734394,DEV-038,17,2026-03-08,3.0,6.0,0.0,0.1154511828831143,0.0,0.0,0.0,0.0,10,39,0.2564102564102564,0.0,10.228260869565217,4.541498418788599,1.491080367312135,0.0,0.2445652173913043,0.0,0.0,0.0,False,False,False,False,True,0.0,LOW,0,1,1740.0,0,0,1,0.83,0.98,9.8,0,0,0,0,20.0,5.59,6.21,0,0,0.0,LOW
E000112,U004,2026-03-03 09:37:00,file_access,RES-034,0,18,DEV-003,0,0,,,0,0.0,finance_officer,employee,PG4,8.538284405268971,1.0344458903045668,27.15471935638941,8.799273006373374,1205.1422653569596,170.38450286763987,0.7935626016660392,DEV-003,9,2026-03-03,0.4617155947310287,0.4463409822190778,0.0,7.07307439980708,0.0,0.0,0.0,0.0,16,33,0.4848484848484848,0.0,10.228260869565217,4.541498418788599,0.2704527793038059,0.0,0.4945652173913043,0.0,0.0,0.0,False,False,False,False,False,0.0,LOW,0,0,4080.0,0,0,0,0.0,0.0,0.0,0,0,0,0,0.0,0.0,0.0,0,0,0.0,LOW
E000564,U020,2026-03-09 14:58:00,file_access,RES-036,0,17,DEV-038,0,0,,,0,0.0,finance_officer,service_account,PG4,14.0,0.5,51.60402989737908,7.47905613666008,379.27250971376577,57.36199100247061,1.6617645672734394,DEV-038,14,2026-03-09,0.0,0.0,0.0,6.61191327367682,0.0,0.0,0.0,0.0,19,39,0.4871794871794871,0.0,10.228260869565217,4.541498418788599,0.8305054373311569,0.0,0.4945652173913043,0.0,0.0,0.0,False,False,False,False,False,0.0,LOW,0,0,6660.0,0,0,0,0.0,0.0,0.0,0,0,0,0,0.0,0.0,0.0,0,0,0.0,LOW
E000571,U020,2026-03-09 15:34:00,transaction,,0,0,DEV-038,0,0,,BEN-017,0,409.38,finance_officer,service_account,PG4,14.0,0.5,51.60402989737908,7.47905613666008,379.27250971376577,57.36199100247061,1.6617645672734394,DEV-038,15,2026-03-09,1.0,2.0,0.0,0.524868292750464,0.0,0.0,0.0,0.0,10,39,0.2564102564102564,0.0,10.228260869565217,4.541498418788599,1.0506970806581497,0.0,0.2445652173913043,0.0,0.0,0.0,False,False,False,False,True,0.0,LOW,0,0,2160.0,0,0,0,0.0,1.08,10.8,0,0,0,0,20.0,5.62,6.16,0,0,0.0,LOW
E000646,U020,2026-03-10 14:28:00,login,,0,0,DEV-038,0,0,,,0,0.0,finance_officer,service_account,PG4,14.0,0.5,51.60402989737908,7.47905613666008,379.27250971376577,57.36199100247061,1.6617645672734394,DEV-038,14,2026-03-10,0.0,0.0,0.0,6.61191327367682,0.0,0.0,0.0,0.0,10,39,0.2564102564102564,0.0,10.228260869565217,4.541498418788599,0.8305054373311569,0.0,0.2608695652173913,0.0,0.0,0.0,False,False,False,False,False,0.0,LOW,0,0,82440.0,0,0,0,0.0,0.0,0.0,0,0,0,0,0.0,0.0,0.0,0,0,0.0,LOW
E000655,U020,2026-03-10 16:00:00,file_access,RES-014,0,19,DEV-038,0,0,,,0,0.0,finance_officer,service_account,PG4,14.0,0.5,51.60402989737908,7.47905613666008,379.27250971376577,57.36199100247061,1.6617645672734394,DEV-038,16,2026-03-10,2.0,4.0,0.0,6.61191327367682,0.0,0.0,0.0,0.0,19,39,0.4871794871794871,0.0,10.228260869565217,4.541498418788599,1.270888723985142,0.0,0.4945652173913043,0.0,0.0,0.0,False,False,False,False,False,0.0,LOW,0,0,5520.0,0,0,0,0.0,0.0,0.0,0,0,0,0,0.0,0.0,0.0,0,0,0.0,LOW
E000656,U020,2026-03-10 16:48:00,transaction,,0,0,DEV-038,0,0,,BEN-005,0,360.99,finance_officer,service_account,PG4,14.0,0.5,51.60402989737908,7.47905613666008,379.27250971376577,57.36199100247061,1.6617645672734394,DEV-038,16,2026-03-10,2.0,4.0,0.0,0.3187216725615107,0.0,0.0,0.0,0.0,10,39,0.2564102564102564,0.0,10.228260869565217,4.541498418788599,1.270888723985142,0.0,0.2445652173913043,0.0,0.0,0.0,False,False,False,False,True,0.0,LOW,0,0,2880.0,0,0,0,0.0,0.95,9.5,0,0,0,0,20.0,5.42,5.9,0,0,0.0,LOW
E000722,U020,2026-03-11 14:32:00,login,,0,0,DEV-038,0,0,,,0,0.0,finance_officer,service_account,PG4,14.0,0.5,51.60402989737908,7.47905613666008,379.27250971376577,57.36199100247061,1.6617645672734394,DEV-038,14,2026-03-11,0.0,0.0,0.0,6.61191327367682,0.0,0.0,0.0,0.0,10,39,0.2564102564102564,0.0,10.228260869565217,4.541498418788599,0.8305054373311569,0.0,0.2608695652173913,0.0,0.0,0.0,False,False,False,False,False,0.0,LOW,0,0,78240.0,0,0,0,0.0,0.0,0.0,0,0,0,0,0.0,0.0,0.0,0,0,0.0,LOW
E000730,U020,2026-03-11 15:35:00,file_access,RES-037,0,2,DEV-038,0,0,,,0,0.0,finance_officer,service_account,PG4,14.0,0.5,51.60402989737908,7.47905613666008,379.27250971376577,57.36199100247061,1.6617645672734394,DEV-038,15,2026-03-11,1.0,2.0,0.0,6.61191327367682,0.0,0.0,0.0,0.0,19,39,0.4871794871794871,0.0,10.228260869565217,4.541498418788599,1.0506970806581497,0.0,0.4945652173913043,0.0,0.0,0.0,False,False,False,False,False,0.0,LOW,0,0,3780.0,0,0,0,0.0,0.0,0.0,0,0,0,0,0.0,0.0,0.0,0,0,0.0,LOW
E000732,U020,2026-03-11 15:48:00,file_access,RES-030,0,10,DEV-038,0,0,,,0,0.0,finance_officer,service_account,PG4,14.0,0.5,51.60402989737908,7.47905613666008,379.27250971376577,57.36199100247061,1.6617645672734394,DEV-038,15,2026-03-11,1.0,2.0,0.0,6.61191327367682,0.0,0.0,0.0,0.0,19,39,0.4871794871794871,0.0,10.228260869565217,4.541498418788599,1.0506970806581497,0.0,0.4945652173913043,0.0,0.0,0.0,False,False,False,False,False,0.0,LOW,0,0,780.0,0,1,1,2.58,0.0,0.0,0,0,0,0,0.0,0.39,0.77,0,0,0.0,LOW
E000735,U020,2026-03-11 16:23:00,transaction,,0,0,DEV-038,0,0,,BEN-007,0,379.15,finance_officer,service_account,PG4,14.0,0.5,51.60402989737908,7.47905613666008,379.27250971376577,57.36199100247061,1.6617645672734394,DEV-038,16,2026-03-11,2.0,4.0,0.0,0.0021357298033904,0.0,0.0,0.0,0.0,10,39,0.2564102564102564,0.0,10.228260869565217,4.541498418788599,1.270888723985142,0.0,0.2445652173913043,0.0,0.0,0.0,False,False,False,False,True,0.0,LOW,0,0,2100.0,0,0,0,0.0,1.0,10.0,0,0,0,0,20.0,5.5,6.0,0,0,0.0,LOW
