event_id,user_id,timestamp,event_type,resource_id,sensitive_resource_flag,records_accessed,device_id,new_device_flag,permission_change_flag,new_permission_level,beneficiary_id,new_beneficiary_flag,transaction_amount,exceeds_limit_flag,session_duration_minutes,role,actor_type,peer_group_id,typical_login_hour,login_hour_spread,avg_session_minutes,avg_txn_amount,txn_amount_spread,transaction_limit,home_device,event_hour,login_hour_difference,login_risk,device_risk,transaction_risk,resource_risk,permission_risk,beneficiary_risk,session_risk,behavior_risk,sequence_risk,context_risk,final_risk,alert_level
E0015,U001,2026-03-02 08:13:00,login,,0,0,DEV-018,0,0,,,0,0.0,0,0.0,analyst,employee,PG1,9.59856699614471,0.5175075286558668,31.00117273476477,166.96322144464682,118.37654569968149,800.0,DEV-018,8,1.5985669961447098,100,0,0,0,0,0,0,15.0,0,0,10.5,LOW
E0026,U001,2026-03-02 08:52:00,file_access,RES-012,0,12,DEV-018,0,0,,,0,0.0,0,0.0,analyst,employee,PG1,9.59856699614471,0.5175075286558668,31.00117273476477,166.96322144464682,118.37654569968149,800.0,DEV-018,8,1.5985669961447098,100,0,0,0,0,0,0,15.0,0,0,10.5,LOW
E0044,U001,2026-03-02 09:39:00,transaction,,0,0,DEV-018,0,0,,BEN-011,0,138.99,0,0.0,analyst,employee,PG1,9.59856699614471,0.5175075286558668,31.00117273476477,166.96322144464682,118.37654569968149,800.0,DEV-018,9,0.5985669961447098,30,0,0,0,0,0,0,4.5,0,0,3.15,LOW
E0055,U001,2026-03-02 10:12:00,logout,,0,0,DEV-018,0,0,,,0,0.0,0,119.0,analyst,employee,PG1,9.59856699614471,0.5175075286558668,31.00117273476477,166.96322144464682,118.37654569968149,800.0,DEV-018,10,0.40143300385529024,0,0,0,0,0,0,90,4.5,0,0,3.15,LOW
E0105,U001,2026-03-03 09:14:00,login,,0,0,DEV-018,0,0,,,0,0.0,0,0.0,analyst,employee,PG1,9.59856699614471,0.5175075286558668,31.00117273476477,166.96322144464682,118.37654569968149,800.0,DEV-018,9,0.5985669961447098,30,0,0,0,0,0,0,4.5,0,0,3.15,LOW
E0109,U001,2026-03-03 09:23:00,file_access,RES-016,0,1,DEV-018,0,0,,,0,0.0,0,0.0,analyst,employee,PG1,9.59856699614471,0.5175075286558668,31.00117273476477,166.96322144464682,118.37654569968149,800.0,DEV-018,9,0.5985669961447098,30,0,0,0,0,0,0,4.5,0,0,3.15,LOW
E0117,U001,2026-03-03 09:47:00,logout,,0,0,DEV-018,0,0,,,0,0.0,0,33.0,analyst,employee,PG1,9.59856699614471,0.5175075286558668,31.00117273476477,166.96322144464682,118.37654569968149,800.0,DEV-018,9,0.5985669961447098,30,0,0,0,0,0,0,4.5,0,0,3.15,LOW
E0172,U001,2026-03-04 09:00:00,login,,0,0,DEV-018,0,0,,,0,0.0,0,0.0,analyst,employee,PG1,9.59856699614471,0.5175075286558668,31.00117273476477,166.96322144464682,118.37654569968149,800.0,DEV-018,9,0.5985669961447098,30,0,0,0,0,0,0,4.5,0,0,3.15,LOW
E0177,U001,2026-03-04 09:09:00,file_access,RES-007,0,4,DEV-018,0,0,,,0,0.0,0,0.0,analyst,employee,PG1,9.59856699614471,0.5175075286558668,31.00117273476477,166.96322144464682,118.37654569968149,800.0,DEV-018,9,0.5985669961447098,30,0,0,0,0,0,0,4.5,0,0,3.15,LOW
E0178,U001,2026-03-04 09:16:00,transaction,,0,0,DEV-018,0,0,,BEN-004,0,195.81,0,0.0,analyst,employee,PG1,9.59856699614471,0.5175075286558668,31.00117273476477,166.96322144464682,118.37654569968149,800.0,DEV-018,9,0.5985669961447098,30,0,0,0,0,0,0,4.5,0,0,3.15,LOW
E0192,U001,2026-03-04 09:43:00,logout,,0,0,DEV-018,0,0,,,0,0.0,0,43.0,analyst,employee,PG1,9.59856699614471,0.5175075286558668,31.00117273476477,166.96322144464682,118.37654569968149,800.0,DEV-018,9,0.5985669961447098,30,0,0,0,0,0,0,4.5,0,0,3.15,LOW
E0264,U001,2026-03-05 09:13:00,login,,0,0,DEV-018,0,0,,,0,0.0,0,0.0,analyst,employee,PG1,9.59856699614471,0.5175075286558668,31.00117273476477,166.96322144464682,118.37654569968149,800.0,DEV-018,9,0.5985669961447098,30,0,0,0,0,0,0,4.5,0,0,3.15,LOW
E0276,U001,2026-03-05 09:52:00,file_access,RES-010,0,12,DEV-018,0,0,,,0,0.0,0,0.0,analyst,employee,PG1,9.59856699614471,0.5175075286558668,31.00117273476477,166.96322144464682,118.37654569968149,800.0,DEV-018,9,0.5985669961447098,30,0,0,0,0,0,0,4.5,0,0,3.15,LOW
E0287,U001,2026-03-05 10:32:00,logout,,0,0,DEV-018,0,0,,,0,0.0,0,79.0,analyst,employee,PG1,9.59856699614471,0.5175075286558668,31.00117273476477,166.96322144464682,118.37654569968149,800.0,DEV-018,10,0.40143300385529024,0,0,0,0,0,0,60,3.0,0,0,2.1,LOW
E0341,U001,2026-03-06 09:06:00,login,,0,0,DEV-018,0,0,,,0,0.0,0,0.0,analyst,employee,PG1,9.59856699614471,0.5175075286558668,31.00117273476477,166.96322144464682,118.37654569968149,800.0,DEV-018,9,0.5985669961447098,30,0,0,0,0,0,0,4.5,0,0,3.15,LOW
E0345,U001,2026-03-06 09:17:00,file_access,RES-019,0,6,DEV-018,0,0,,,0,0.0,0,0.0,analyst,employee,PG1,9.59856699614471,0.5175075286558668,31.00117273476477,166.96322144464682,118.37654569968149,800.0,DEV-018,9,0.5985669961447098,30,0,0,0,0,0,0,4.5,0,0,3.15,LOW
E0361,U001,2026-03-06 09:51:00,transaction,,0,0,DEV-018,0,0,,BEN-014,0,187.42,0,0.0,analyst,employee,PG1,9.59856699614471,0.5175075286558668,31.00117273476477,166.96322144464682,118.37654569968149,800.0,DEV-018,9,0.5985669961447098,30,0,0,0,0,0,0,4.5,0,0,3.15,LOW
E0366,U001,2026-03-06 10:04:00,logout,,0,0,DEV-018,0,0,,,0,0.0,0,58.0,analyst,employee,PG1,9.59856699614471,0.5175075286558668,31.00117273476477,166.96322144464682,118.37654569968149,800.0,DEV-018,10,0.40143300385529024,0,0,0,0,0,0,30,1.5,0,0,1.05,LOW
E0409,U001,2026-03-07 09:00:00,login,,0,0,DEV-018,0,0,,,0,0.0,0,0.0,analyst,employee,PG1,9.59856699614471,0.5175075286558668,31.00117273476477,166.96322144464682,118.37654569968149,800.0,DEV-018,9,0.5985669961447098,30,0,0,0,0,0,0,4.5,0,0,3.15,LOW
E0410,U001,2026-03-07 09:08:00,file_access,RES-015,0,8,DEV-018,0,0,,,0,0.0,0,0.0,analyst,employee,PG1,9.59856699614471,0.5175075286558668,31.00117273476477,166.96322144464682,118.37654569968149,800.0,DEV-018,9,0.5985669961447098,30,0,0,0,0,0,0,4.5,0,0,3.15,LOW
E0411,U001,2026-03-07 09:16:00,transaction,,0,0,DEV-018,0,0,,BEN-002,0,166.96,0,0.0,analyst,employee,PG1,9.59856699614471,0.5175075286558668,31.00117273476477,166.96322144464682,118.37654569968149,800.0,DEV-018,9,0.5985669961447098,30,0,0,0,0,0,0,4.5,0,0,3.15,LOW
E0412,U001,2026-03-07 09:45:00,logout,,0,0,DEV-018,0,0,,,0,0.0,0,45.0,analyst,employee,PG1,9.59856699614471,0.5175075286558668,31.00117273476477,166.96322144464682,118.37654569968149,800.0,DEV-018,9,0.5985669961447098,30,0,0,0,0,0,0,4.5,0,0,3.15,LOW
E0019,U002,2026-03-02 08:25:00,login,,0,0,DEV-001,0,0,,,0,0.0,0,0.0,manager,employee,PG2,8.217347081573541,0.7953452737796893,21.191888777522813,242.1146836223422,90.6426345724035,1500.0,DEV-001,8,0.217347081573541,0,0,0,0,0,0,0,0.0,0,0,0.0,LOW
E0032,U002,2026-03-02 09:16:00,file_access,RES-016,0,13,DEV-001,0,0,,,0,0.0,0,0.0,manager,employee,PG2,8.217347081573541,0.7953452737796893,21.191888777522813,242.1146836223422,90.6426345724035,1500.0,DEV-001,9,0.782652918426459,0,0,0,0,0,0,0,0.0,0,0,0.0,LOW
E0041,U002,2026-03-02 09:33:00,logout,,0,0,DEV-001,0,0,,,0,0.0,0,68.0,manager,employee,PG2,8.217347081573541,0.7953452737796893,21.191888777522813,242.1146836223422,90.6426345724035,1500.0,DEV-001,9,0.782652918426459,0,0,0,0,0,0,90,4.5,0,0,3.15,LOW
E0097,U002,2026-03-03 08:34:00,login,,0,0,DEV-001,0,0,,,0,0.0,0,0.0,manager,employee,PG2,8.217347081573541,0.7953452737796893,21.191888777522813,242.1146836223422,90.6426345724035,1500.0,DEV-001,8,0.217347081573541,0,0,0,0,0,0,0,0.0,0,0,0.0,LOW
E0104,U002,2026-03-03 09:07:00,file_access,RES-010,0,7,DEV-001,0,0,,,0,0.0,0,0.0,manager,employee,PG2,8.217347081573541,0.7953452737796893,21.191888777522813,242.1146836223422,90.6426345724035,1500.0,DEV-001,9,0.782652918426459,0,0,0,0,0,0,0,0.0,0,0,0.0,LOW
E0114,U002,2026-03-03 09:41:00,transaction,,0,0,DEV-001,0,0,,BEN-008,0,242.36,0,0.0,manager,employee,PG2,8.217347081573541,0.7953452737796893,21.191888777522813,242.1146836223422,90.6426345724035,1500.0,DEV-001,9,0.782652918426459,0,0,0,0,0,0,0,0.0,0,0,0.0,LOW
E0126,U002,2026-03-03 10:08:00,logout,,0,0,DEV-001,0,0,,,0,0.0,0,94.0,manager,employee,PG2,8.217347081573541,0.7953452737796893,21.191888777522813,242.1146836223422,90.6426345724035,1500.0,DEV-001,10,1.782652918426459,60,0,0,0,0,0,90,13.5,0,0,9.45,LOW
E0288,U002,2026-03-05 10:34:00,login,,0,0,DEV-001,0,0,,,0,0.0,0,0.0,manager,employee,PG2,8.217347081573541,0.7953452737796893,21.191888777522813,242.1146836223422,90.6426345724035,1500.0,DEV-001,10,1.782652918426459,60,0,0,0,0,0,0,9.0,0,0,6.3,LOW
E0299,U002,2026-03-05 11:32:00,file_access,RES-006,0,2,DEV-001,0,0,,,0,0.0,0,0.0,manager,employee,PG2,8.217347081573541,0.7953452737796893,21.191888777522813,242.1146836223422,90.6426345724035,1500.0,DEV-001,11,2.782652918426459,100,0,0,0,0,0,0,15.0,0,0,10.5,LOW
E0302,U002,2026-03-05 11:49:00,logout,,0,0,DEV-001,0,0,,,0,0.0,0,75.0,manager,employee,PG2,8.217347081573541,0.7953452737796893,21.191888777522813,242.1146836223422,90.6426345724035,1500.0,DEV-001,11,2.782652918426459,100,0,0,0,0,0,90,19.5,0,0,13.65,LOW
E0316,U002,2026-03-06 07:25:00,login,,0,0,DEV-001,0,0,,,0,0.0,0,0.0,manager,employee,PG2,8.217347081573541,0.7953452737796893,21.191888777522813,242.1146836223422,90.6426345724035,1500.0,DEV-001,7,1.217347081573541,30,0,0,0,0,0,0,4.5,0,0,3.15,LOW
E0317,U002,2026-03-06 07:33:00,file_access,RES-011,0,7,DEV-001,0,0,,,0,0.0,0,0.0,manager,employee,PG2,8.217347081573541,0.7953452737796893,21.191888777522813,242.1146836223422,90.6426345724035,1500.0,DEV-001,7,1.217347081573541,30,0,0,0,0,0,0,4.5,0,0,3.15,LOW
E0321,U002,2026-03-06 08:02:00,transaction,,0,0,DEV-001,0,0,,BEN-005,0,247.78,0,0.0,manager,employee,PG2,8.217347081573541,0.7953452737796893,21.191888777522813,242.1146836223422,90.6426345724035,1500.0,DEV-001,8,0.217347081573541,0,0,0,0,0,0,0,0.0,0,0,0.0,LOW
E0325,U002,2026-03-06 08:26:00,logout,,0,0,DEV-001,0,0,,,0,0.0,0,61.0,manager,employee,PG2,8.217347081573541,0.7953452737796893,21.191888777522813,242.1146836223422,90.6426345724035,1500.0,DEV-001,8,0.217347081573541,0,0,0,0,0,0,60,3.0,0,0,2.1,LOW
E0024,U003,2026-03-02 08:50:00,login,,0,0,DEV-009,0,0,,,0,0.0,0,0.0,admin,employee,PG3,9.403112657346531,1.0012137290456824,48.05299894360944,687.3277493463222,83.90508555406242,3000.0,DEV-009,8,1.4031126573465311,30,0,0,0,0,0,0,4.5,0,0,3.15,LOW
E0040,U003,2026-03-02 09:30:00,file_access,RES-021,0,3,DEV-009,0,0,,,0,0.0,0,0.0,admin,employee,PG3,9.403112657346531,1.0012137290456824,48.05299894360944,687.3277493463222,83.90508555406242,3000.0,DEV-009,9,0.4031126573465311,0,0,0,0,0,0,0,0.0,0,0,0.0,LOW
E0047,U003,2026-03-02 09:48:00,transaction,,0,0,DEV-009,0,0,,BEN-001,0,559.03,0,0.0,admin,employee,PG3,9.403112657346531,1.0012137290456824,48.05299894360944,687.3277493463222,83.90508555406242,3000.0,DEV-009,9,0.4031126573465311,0,0,30,0,0,0,0,7.5,0,0,5.25,LOW
E0063,U003,2026-03-02 10:35:00,logout,,0,0,DEV-009,0,0,,,0,0.0,0,105.0,admin,employee,PG3,9.403112657346531,1.0012137290456824,48.05299894360944,687.3277493463222,83.90508555406242,3000.0,DEV-009,10,0.5968873426534689,0,0,0,0,0,0,60,3.0,0,0,2.1,LOW
E0123,U003,2026-03-03 10:03:00,login,,0,0,DEV-009,0,0,,,0,0.0,0,0.0,admin,employee,PG3,9.403112657346531,1.0012137290456824,48.05299894360944,687.3277493463222,83.90508555406242,3000.0,DEV-009,10,0.5968873426534689,0,0,0,0,0,0,0,0.0,0,0,0.0,LOW
E0135,U003,2026-03-03 10:45:00,file_access,RES-021,0,9,DEV-009,0,0,,,0,0.0,0,0.0,admin,employee,PG3,9.403112657346531,1.0012137290456824,48.05299894360944,687.3277493463222,83.90508555406242,3000.0,DEV-009,10,0.5968873426534689,0,0,0,0,0,0,0,0.0,0,0,0.0,LOW
E0145,U003,2026-03-03 11:28:00,logout,,0,0,DEV-009,0,0,,,0,0.0,0,85.0,admin,employee,PG3,9.403112657346531,1.0012137290456824,48.05299894360944,687.3277493463222,83.90508555406242,3000.0,DEV-009,11,1.5968873426534689,30,0,0,0,0,0,30,6.0,0,0,4.2,LOW
E0185,U003,2026-03-04 09:32:00,login,,0,0,DEV-009,0,0,,,0,0.0,0,0.0,admin,employee,PG3,9.403112657346531,1.0012137290456824,48.05299894360944,687.3277493463222,83.90508555406242,3000.0,DEV-009,9,0.4031126573465311,0,0,0,0,0,0,0,0.0,0,0,0.0,LOW
E0191,U003,2026-03-04 09:42:00,file_access,RES-011,0,2,DEV-009,0,0,,,0,0.0,0,0.0,admin,employee,PG3,9.403112657346531,1.0012137290456824,48.05299894360944,687.3277493463222,83.90508555406242,3000.0,DEV-009,9,0.4031126573465311,0,0,0,0,0,0,0,0.0,0,0,0.0,LOW
E0209,U003,2026-03-04 10:35:00,logout,,0,0,DEV-009,0,0,,,0,0.0,0,63.0,admin,employee,PG3,9.403112657346531,1.0012137290456824,48.05299894360944,687.3277493463222,83.90508555406242,3000.0,DEV-009,10,0.5968873426534689,0,0,0,0,0,0,0,0.0,0,0,0.0,LOW
E0237,U003,2026-03-05 07:36:00,login,,0,0,DEV-009,0,0,,,0,0.0,0,0.0,admin,employee,PG3,9.403112657346531,1.0012137290456824,48.05299894360944,687.3277493463222,83.90508555406242,3000.0,DEV-009,7,2.403112657346531,60,0,0,0,0,0,0,9.0,0,0,6.3,LOW
E0239,U003,2026-03-05 07:56:00,file_access,RES-024,0,10,DEV-009,0,0,,,0,0.0,0,0.0,admin,employee,PG3,9.403112657346531,1.0012137290456824,48.05299894360944,687.3277493463222,83.90508555406242,3000.0,DEV-009,7,2.403112657346531,60,0,0,0,0,0,0,9.0,0,0,6.3,LOW
E0246,U003,2026-03-05 08:06:00,transaction,,0,0,DEV-009,0,0,,BEN-007,0,801.0,0,0.0,admin,employee,PG3,9.403112657346531,1.0012137290456824,48.05299894360944,687.3277493463222,83.90508555406242,3000.0,DEV-009,8,1.4031126573465311,30,0,30,0,0,0,0,12.0,0,0,8.4,LOW
E0259,U003,2026-03-05 08:58:00,logout,,0,0,DEV-009,0,0,,,0,0.0,0,82.0,admin,employee,PG3,9.403112657346531,1.0012137290456824,48.05299894360944,687.3277493463222,83.90508555406242,3000.0,DEV-009,8,1.4031126573465311,30,0,0,0,0,0,30,6.0,0,0,4.2,LOW
E0314,U003,2026-03-06 07:13:00,login,,0,0,DEV-009,0,0,,,0,0.0,0,0.0,admin,employee,PG3,9.403112657346531,1.0012137290456824,48.05299894360944,687.3277493463222,83.90508555406242,3000.0,DEV-009,7,2.403112657346531,60,0,0,0,0,0,0,9.0,0,0,6.3,LOW
E0320,U003,2026-03-06 08:00:00,file_access,RES-016,0,4,DEV-009,0,0,,,0,0.0,0,0.0,admin,employee,PG3,9.403112657346531,1.0012137290456824,48.05299894360944,687.3277493463222,83.90508555406242,3000.0,DEV-009,8,1.4031126573465311,30,0,0,0,0,0,0,4.5,0,0,3.15,LOW
E0323,U003,2026-03-06 08:13:00,transaction,,0,0,DEV-009,0,0,,BEN-011,0,659.36,0,0.0,admin,employee,PG3,9.403112657346531,1.0012137290456824,48.05299894360944,687.3277493463222,83.90508555406242,3000.0,DEV-009,8,1.4031126573465311,30,0,0,0,0,0,0,4.5,0,0,3.15,LOW
E0339,U003,2026-03-06 09:04:00,logout,,0,0,DEV-009,0,0,,,0,0.0,0,111.0,admin,employee,PG3,9.403112657346531,1.0012137290456824,48.05299894360944,687.3277493463222,83.90508555406242,3000.0,DEV-009,9,0.4031126573465311,0,0,0,0,0,0,60,3.0,0,0,2.1,LOW
E0403,U003,2026-03-07 02:13:00,login,,0,0,DEV-004,1,0,,,0,0.0,0,0.0,admin,employee,PG3,9.403112657346531,1.0012137290456824,48.05299894360944,687.3277493463222,83.90508555406242,3000.0,DEV-009,2,7.403112657346531,100,100,0,0,0,0,0,35.0,0,0,24.5,LOW
E0404,U003,2026-03-07 02:19:00,file_access,RES-002,1,469,DEV-004,0,0,,,0,0.0,0,0.0,admin,employee,PG3,9.403112657346531,1.0012137290456824,48.05299894360944,687.3277493463222,83.90508555406242,3000.0,DEV-009,2,7.403112657346531,100,70,0,100,0,0,0,44.0,40,0,38.8,MEDIUM
E0405,U003,2026-03-07 02:25:00,permission_change,,0,0,DEV-004,0,1,elevated,,0,0.0,0,0.0,admin,employee,PG3,9.403112657346531,1.0012137290456824,48.05299894360944,687.3277493463222,83.90508555406242,3000.0,DEV-009,2,7.403112657346531,100,70,0,0,70,0,0,39.5,0,0,27.65,LOW
E0406,U003,2026-03-07 02:31:00,beneficiary_change,,0,0,DEV-004,0,0,,BEN-009,1,0.0,0,0.0,admin,employee,PG3,9.403112657346531,1.0012137290456824,48.05299894360944,687.3277493463222,83.90508555406242,3000.0,DEV-009,2,7.403112657346531,100,70,0,0,0,50,0,31.5,20,0,26.05,LOW
E0407,U003,2026-03-07 02:37:00,transaction,,0,0,DEV-004,0,0,,BEN-009,1,6799.12,1,0.0,admin,employee,PG3,9.403112657346531,1.0012137290456824,48.05299894360944,687.3277493463222,83.90508555406242,3000.0,DEV-009,2,7.403112657346531,100,70,100,0,0,80,0,58.0,60,0,52.6,HIGH
E0408,U003,2026-03-07 02:43:00,data_export,RES-002,1,3519,DEV-004,0,0,,,0,0.0,0,0.0,admin,employee,PG3,9.403112657346531,1.0012137290456824,48.05299894360944,687.3277493463222,83.90508555406242,3000.0,DEV-009,2,7.403112657346531,100,70,0,100,0,0,0,44.0,60,0,42.8,MEDIUM
E0029,U004,2026-03-02 09:04:00,login,,0,0,DEV-005,0,0,,,0,0.0,0,0.0,finance_officer,employee,PG4,10.023576141694566,0.5045491317746427,52.23277007331232,1775.5345479717444,70.83006198215902,5000.0,DEV-005,9,1.0235761416945657,60,0,0,0,0,0,0,9.0,0,0,6.3,LOW
E0031,U004,2026-03-02 09:09:00,file_access,RES-020,0,10,DEV-005,0,0,,,0,0.0,0,0.0,finance_officer,employee,PG4,10.023576141694566,0.5045491317746427,52.23277007331232,1775.5345479717444,70.83006198215902,5000.0,DEV-005,9,1.0235761416945657,60,0,0,0,0,0,0,9.0,0,0,6.3,LOW
E0038,U004,2026-03-02 09:25:00,logout,,0,0,DEV-005,0,0,,,0,0.0,0,21.0,finance_officer,employee,PG4,10.023576141694566,0.5045491317746427,52.23277007331232,1775.5345479717444,70.83006198215902,5000.0,DEV-005,9,1.0235761416945657,60,0,0,0,0,0,30,10.5,0,0,7.35,LOW
E0202,U004,2026-03-04 10:16:00,login,,0,0,DEV-005,0,0,,,0,0.0,0,0.0,finance_officer,employee,PG4,10.023576141694566,0.5045491317746427,52.23277007331232,1775.5345479717444,70.83006198215902,5000.0,DEV-005,10,0.023576141694565678,0,0,0,0,0,0,0,0.0,0,0,0.0,LOW
E0205,U004,2026-03-04 10:29:00,file_access,RES-017,0,15,DEV-005,0,0,,,0,0.0,0,0.0,finance_officer,employee,PG4,10.023576141694566,0.5045491317746427,52.23277007331232,1775.5345479717444,70.83006198215902,5000.0,DEV-005,10,0.023576141694565678,0,0,0,0,0,0,0,0.0,0,0,0.0,LOW
E0211,U004,2026-03-04 10:49:00,transaction,,0,0,DEV-005,0,0,,BEN-014,0,1747.21,0,0.0,finance_officer,employee,PG4,10.023576141694566,0.5045491317746427,52.23277007331232,1775.5345479717444,70.83006198215902,5000.0,DEV-005,10,0.023576141694565678,0,0,0,0,0,0,0,0.0,0,0,0.0,LOW
E0222,U004,2026-03-04 11:33:00,logout,,0,0,DEV-005,0,0,,,0,0.0,0,77.0,finance_officer,employee,PG4,10.023576141694566,0.5045491317746427,52.23277007331232,1775.5345479717444,70.83006198215902,5000.0,DEV-005,11,0.9764238583054343,30,0,0,0,0,0,0,4.5,0,0,3.15,LOW
E0291,U004,2026-03-05 10:39:00,login,,0,0,DEV-005,0,0,,,0,0.0,0,0.0,finance_officer,employee,PG4,10.023576141694566,0.5045491317746427,52.23277007331232,1775.5345479717444,70.83006198215902,5000.0,DEV-005,10,0.023576141694565678,0,0,0,0,0,0,0,0.0,0,0,0.0,LOW
E0300,U004,2026-03-05 11:35:00,file_access,RES-022,0,1,DEV-005,0,0,,,0,0.0,0,0.0,finance_officer,employee,PG4,10.023576141694566,0.5045491317746427,52.23277007331232,1775.5345479717444,70.83006198215902,5000.0,DEV-005,11,0.9764238583054343,30,0,0,0,0,0,0,4.5,0,0,3.15,LOW
E0304,U004,2026-03-05 12:20:00,logout,,0,0,DEV-005,0,0,,,0,0.0,0,101.0,finance_officer,employee,PG4,10.023576141694566,0.5045491317746427,52.23277007331232,1775.5345479717444,70.83006198215902,5000.0,DEV-005,12,1.9764238583054343,100,0,0,0,0,0,30,16.5,0,0,11.55,LOW
E0342,U004,2026-03-06 09:08:00,login,,0,0,DEV-005,0,0,,,0,0.0,0,0.0,finance_officer,employee,PG4,10.023576141694566,0.5045491317746427,52.23277007331232,1775.5345479717444,70.83006198215902,5000.0,DEV-005,9,1.0235761416945657,60,0,0,0,0,0,0,9.0,0,0,6.3,LOW
E0350,U004,2026-03-06 09:29:00,file_access,RES-009,0,15,DEV-005,0,0,,,0,0.0,0,0.0,finance_officer,employee,PG4,10.023576141694566,0.5045491317746427,52.23277007331232,1775.5345479717444,70.83006198215902,5000.0,DEV-005,9,1.0235761416945657,60,0,0,0,0,0,0,9.0,0,0,6.3,LOW
E0367,U004,2026-03-06 10:09:00,transaction,,0,0,DEV-005,0,0,,BEN-003,0,1632.24,0,0.0,finance_officer,employee,PG4,10.023576141694566,0.5045491317746427,52.23277007331232,1775.5345479717444,70.83006198215902,5000.0,DEV-005,10,0.023576141694565678,0,0,60,0,0,0,0,15.0,0,0,10.5,LOW
E0377,U004,2026-03-06 10:36:00,logout,,0,0,DEV-005,0,0,,,0,0.0,0,88.0,finance_officer,employee,PG4,10.023576141694566,0.5045491317746427,52.23277007331232,1775.5345479717444,70.83006198215902,5000.0,DEV-005,10,0.023576141694565678,0,0,0,0,0,0,30,1.5,0,0,1.05,LOW
E0401,U004,2026-03-07 01:45:00,login,,0,0,DEV-019,1,0,,,0,0.0,0,0.0,finance_officer,employee,PG4,10.023576141694566,0.5045491317746427,52.23277007331232,1775.5345479717444,70.83006198215902,5000.0,DEV-005,1,9.023576141694566,100,100,0,0,0,0,0,35.0,0,0,24.5,LOW
E0402,U004,2026-03-07 01:52:00,file_access,RES-004,1,500,DEV-019,0,0,,,0,0.0,0,0.0,finance_officer,employee,PG4,10.023576141694566,0.5045491317746427,52.23277007331232,1775.5345479717444,70.83006198215902,5000.0,DEV-005,1,9.023576141694566,100,70,0,100,0,0,0,44.0,40,0,38.8,MEDIUM
E0022,U005,2026-03-02 08:43:00,login,,0,0,DEV-012,0,0,,,0,0.0,0,0.0,analyst,employee,PG5,8.538284405268971,1.0344458903045668,24.08841106079395,213.9781901912012,73.07752565815541,800.0,DEV-012,8,0.5382844052689713,0,0,0,0,0,0,0,0.0,0,0,0.0,LOW
E0039,U005,2026-03-02 09:28:00,file_access,RES-014,0,9,DEV-012,0,0,,,0,0.0,0,0.0,analyst,employee,PG5,8.538284405268971,1.0344458903045668,24.08841106079395,213.9781901912012,73.07752565815541,800.0,DEV-012,9,0.46171559473102874,0,0,0,0,0,0,0,0.0,0,0,0.0,LOW
E0059,U005,2026-03-02 10:27:00,transaction,,0,0,DEV-012,0,0,,BEN-001,0,278.91,0,0.0,analyst,employee,PG5,8.538284405268971,1.0344458903045668,24.08841106079395,213.9781901912012,73.07752565815541,800.0,DEV-012,10,1.4617155947310287,30,0,0,0,0,0,0,4.5,0,0,3.15,LOW
E0064,U005,2026-03-02 10:39:00,logout,,0,0,DEV-012,0,0,,,0,0.0,0,116.0,analyst,employee,PG5,8.538284405268971,1.0344458903045668,24.08841106079395,213.9781901912012,73.07752565815541,800.0,DEV-012,10,1.4617155947310287,30,0,0,0,0,0,90,9.0,0,0,6.3,LOW
E0096,U005,2026-03-03 08:21:00,login,,0,0,DEV-012,0,0,,,0,0.0,0,0.0,analyst,employee,PG5,8.538284405268971,1.0344458903045668,24.08841106079395,213.9781901912012,73.07752565815541,800.0,DEV-012,8,0.5382844052689713,0,0,0,0,0,0,0,0.0,0,0,0.0,LOW
E0106,U005,2026-03-03 09:15:00,file_access,RES-010,0,11,DEV-012,0,0,,,0,0.0,0,0.0,analyst,employee,PG5,8.538284405268971,1.0344458903045668,24.08841106079395,213.9781901912012,73.07752565815541,800.0,DEV-012,9,0.46171559473102874,0,0,0,0,0,0,0,0.0,0,0,0.0,LOW
E0111,U005,2026-03-03 09:30:00,logout,,0,0,DEV-012,0,0,,,0,0.0,0,69.0,analyst,employee,PG5,8.538284405268971,1.0344458903045668,24.08841106079395,213.9781901912012,73.07752565815541,800.0,DEV-012,9,0.46171559473102874,0,0,0,0,0,0,60,3.0,0,0,2.1,LOW
E0166,U005,2026-03-04 08:35:00,login,,0,0,DEV-012,0,0,,,0,0.0,0,0.0,analyst,employee,PG5,8.538284405268971,1.0344458903045668,24.08841106079395,213.9781901912012,73.07752565815541,800.0,DEV-012,8,0.5382844052689713,0,0,0,0,0,0,0,0.0,0,0,0.0,LOW
E0181,U005,2026-03-04 09:25:00,file_access,RES-019,0,9,DEV-012,0,0,,,0,0.0,0,0.0,analyst,employee,PG5,8.538284405268971,1.0344458903045668,24.08841106079395,213.9781901912012,73.07752565815541,800.0,DEV-012,9,0.46171559473102874,0,0,0,0,0,0,0,0.0,0,0,0.0,LOW
E0189,U005,2026-03-04 09:34:00,transaction,,0,0,DEV-012,0,0,,BEN-003,0,319.37,0,0.0,analyst,employee,PG5,8.538284405268971,1.0344458903045668,24.08841106079395,213.9781901912012,73.07752565815541,800.0,DEV-012,9,0.46171559473102874,0,0,30,0,0,0,0,7.5,0,0,5.25,LOW
E0198,U005,2026-03-04 10:01:00,logout,,0,0,DEV-012,0,0,,,0,0.0,0,86.0,analyst,employee,PG5,8.538284405268971,1.0344458903045668,24.08841106079395,213.9781901912012,73.07752565815541,800.0,DEV-012,10,1.4617155947310287,30,0,0,0,0,0,90,9.0,0,0,6.3,LOW
E0328,U005,2026-03-06 08:35:00,login,,0,0,DEV-012,0,0,,,0,0.0,0,0.0,analyst,employee,PG5,8.538284405268971,1.0344458903045668,24.08841106079395,213.9781901912012,73.07752565815541,800.0,DEV-012,8,0.5382844052689713,0,0,0,0,0,0,0,0.0,0,0,0.0,LOW
E0332,U005,2026-03-06 08:49:00,file_access,RES-019,0,3,DEV-012,0,0,,,0,0.0,0,0.0,analyst,employee,PG5,8.538284405268971,1.0344458903045668,24.08841106079395,213.9781901912012,73.07752565815541,800.0,DEV-012,8,0.5382844052689713,0,0,0,0,0,0,0,0.0,0,0,0.0,LOW
E0346,U005,2026-03-06 09:17:00,transaction,,0,0,DEV-012,0,0,,BEN-014,0,318.92,0,0.0,analyst,employee,PG5,8.538284405268971,1.0344458903045668,24.08841106079395,213.9781901912012,73.07752565815541,800.0,DEV-012,9,0.46171559473102874,0,0,30,0,0,0,0,7.5,0,0,5.25,LOW
E0349,U005,2026-03-06 09:28:00,logout,,0,0,DEV-012,0,0,,,0,0.0,0,53.0,analyst,employee,PG5,8.538284405268971,1.0344458903045668,24.08841106079395,213.9781901912012,73.07752565815541,800.0,DEV-012,9,0.46171559473102874,0,0,0,0,0,0,60,3.0,0,0,2.1,LOW
E0016,U006,2026-03-02 08:13:00,login,,0,0,DEV-013,0,0,,,0,0.0,0,0.0,manager,employee,PG6,9.509315078417227,1.064989791292066,49.18927146775272,448.54825944555546,146.7738916775245,1500.0,DEV-013,8,1.5093150784172273,30,0,0,0,0,0,0,4.5,0,0,3.15,LOW
E0028,U006,2026-03-02 09:01:00,file_access,RES-013,0,11,DEV-013,0,0,,,0,0.0,0,0.0,manager,employee,PG6,9.509315078417227,1.064989791292066,49.18927146775272,448.54825944555546,146.7738916775245,1500.0,DEV-013,9,0.5093150784172273,0,0,0,0,0,0,0,0.0,0,0,0.0,LOW
E0051,U006,2026-03-02 09:55:00,transaction,,0,0,DEV-013,0,0,,BEN-010,0,170.32,0,0.0,manager,employee,PG6,9.509315078417227,1.064989791292066,49.18927146775272,448.54825944555546,146.7738916775245,1500.0,DEV-013,9,0.5093150784172273,0,0,30,0,0,0,0,7.5,0,0,5.25,LOW
E0067,U006,2026-03-02 10:52:00,logout,,0,0,DEV-013,0,0,,,0,0.0,0,159.0,manager,employee,PG6,9.509315078417227,1.064989791292066,49.18927146775272,448.54825944555546,146.7738916775245,1500.0,DEV-013,10,0.49068492158277266,0,0,0,0,0,0,90,4.5,0,0,3.15,LOW
E0101,U006,2026-03-03 08:59:00,login,,0,0,DEV-013,0,0,,,0,0.0,0,0.0,manager,employee,PG6,9.509315078417227,1.064989791292066,49.18927146775272,448.54825944555546,146.7738916775245,1500.0,DEV-013,8,1.5093150784172273,30,0,0,0,0,0,0,4.5,0,0,3.15,LOW
E0107,U006,2026-03-03 09:19:00,file_access,RES-011,0,13,DEV-013,0,0,,,0,0.0,0,0.0,manager,employee,PG6,9.509315078417227,1.064989791292066,49.18927146775272,448.54825944555546,146.7738916775245,1500.0,DEV-013,9,0.5093150784172273,0,0,0,0,0,0,0,0.0,0,0,0.0,LOW
E0122,U006,2026-03-03 09:55:00,logout,,0,0,DEV-013,0,0,,,0,0.0,0,56.0,manager,employee,PG6,9.509315078417227,1.064989791292066,49.18927146775272,448.54825944555546,146.7738916775245,1500.0,DEV-013,9,0.5093150784172273,0,0,0,0,0,0,0,0.0,0,0,0.0,LOW
E0257,U006,2026-03-05 08:51:00,login,,0,0,DEV-013,0,0,,,0,0.0,0,0.0,manager,employee,PG6,9.509315078417227,1.064989791292066,49.18927146775272,448.54825944555546,146.7738916775245,1500.0,DEV-013,8,1.5093150784172273,30,0,0,0,0,0,0,4.5,0,0,3.15,LOW
E0271,U006,2026-03-05 09:38:00,file_access,RES-013,0,5,DEV-013,0,0,,,0,0.0,0,0.0,manager,employee,PG6,9.509315078417227,1.064989791292066,49.18927146775272,448.54825944555546,146.7738916775245,1500.0,DEV-013,9,0.5093150784172273,0,0,0,0,0,0,0,0.0,0,0,0.0,LOW
E0285,U006,2026-03-05 10:27:00,transaction,,0,0,DEV-013,0,0,,BEN-002,0,743.55,0,0.0,manager,employee,PG6,9.509315078417227,1.064989791292066,49.18927146775272,448.54825944555546,146.7738916775245,1500.0,DEV-013,10,0.49068492158277266,0,0,60,0,0,0,0,15.0,0,0,10.5,LOW
E0297,U006,2026-03-05 11:01:00,logout,,0,0,DEV-013,0,0,,,0,0.0,0,130.0,manager,employee,PG6,9.509315078417227,1.064989791292066,49.18927146775272,448.54825944555546,146.7738916775245,1500.0,DEV-013,11,1.4906849215827727,30,0,0,0,0,0,60,7.5,0,0,5.25,LOW
E0362,U006,2026-03-06 09:52:00,login,,0,0,DEV-013,0,0,,,0,0.0,0,0.0,manager,employee,PG6,9.509315078417227,1.064989791292066,49.18927146775272,448.54825944555546,146.7738916775245,1500.0,DEV-013,9,0.5093150784172273,0,0,0,0,0,0,0,0.0,0,0,0.0,LOW
E0373,U006,2026-03-06 10:26:00,file_access,RES-017,0,5,DEV-013,0,0,,,0,0.0,0,0.0,manager,employee,PG6,9.509315078417227,1.064989791292066,49.18927146775272,448.54825944555546,146.7738916775245,1500.0,DEV-013,10,0.49068492158277266,0,0,0,0,0,0,0,0.0,0,0,0.0,LOW
E0380,U006,2026-03-06 10:50:00,logout,,0,0,DEV-013,0,0,,,0,0.0,0,58.0,manager,employee,PG6,9.509315078417227,1.064989791292066,49.18927146775272,448.54825944555546,146.7738916775245,1500.0,DEV-013,10,0.49068492158277266,0,0,0,0,0,0,0,0.0,0,0,0.0,LOW
E0009,U007,2026-03-02 07:42:00,login,,0,0,DEV-007,0,0,,,0,0.0,0,0.0,admin,employee,PG1,8.197000495196145,0.705224796984965,45.14559197977773,1339.6324471115297,73.39620314003719,3000.0,DEV-007,7,1.1970004951961446,30,0,0,0,0,0,0,4.5,0,0,3.15,LOW
E0011,U007,2026-03-02 07:59:00,file_access,RES-018,0,6,DEV-007,0,0,,,0,0.0,0,0.0,admin,employee,PG1,8.197000495196145,0.705224796984965,45.14559197977773,1339.6324471115297,73.39620314003719,3000.0,DEV-007,7,1.1970004951961446,30,0,0,0,0,0,0,4.5,0,0,3.15,LOW
E0014,U007,2026-03-02 08:08:00,transaction,,0,0,DEV-007,0,0,,BEN-011,0,1397.73,0,0.0,admin,employee,PG1,8.197000495196145,0.705224796984965,45.14559197977773,1339.6324471115297,73.39620314003719,3000.0,DEV-007,8,0.1970004951961446,0,0,0,0,0,0,0,0.0,0,0,0.0,LOW
E0025,U007,2026-03-02 08:50:00,logout,,0,0,DEV-007,0,0,,,0,0.0,0,68.0,admin,employee,PG1,8.197000495196145,0.705224796984965,45.14559197977773,1339.6324471115297,73.39620314003719,3000.0,DEV-007,8,0.1970004951961446,0,0,0,0,0,0,30,1.5,0,0,1.05,LOW
E0100,U007,2026-03-03 08:53:00,login,,0,0,DEV-007,0,0,,,0,0.0,0,0.0,admin,employee,PG1,8.197000495196145,0.705224796984965,45.14559197977773,1339.6324471115297,73.39620314003719,3000.0,DEV-007,8,0.1970004951961446,0,0,0,0,0,0,0,0.0,0,0,0.0,LOW
E0113,U007,2026-03-03 09:32:00,file_access,RES-016,0,1,DEV-007,0,0,,,0,0.0,0,0.0,admin,employee,PG1,8.197000495196145,0.705224796984965,45.14559197977773,1339.6324471115297,73.39620314003719,3000.0,DEV-007,9,0.8029995048038554,30,0,0,0,0,0,0,4.5,0,0,3.15,LOW
E0120,U007,2026-03-03 09:53:00,transaction,,0,0,DEV-007,0,0,,BEN-005,0,1421.25,0,0.0,admin,employee,PG1,8.197000495196145,0.705224796984965,45.14559197977773,1339.6324471115297,73.39620314003719,3000.0,DEV-007,9,0.8029995048038554,30,0,30,0,0,0,0,12.0,0,0,8.4,LOW
E0124,U007,2026-03-03 10:05:00,logout,,0,0,DEV-007,0,0,,,0,0.0,0,72.0,admin,employee,PG1,8.197000495196145,0.705224796984965,45.14559197977773,1339.6324471115297,73.39620314003719,3000.0,DEV-007,10,1.8029995048038554,60,0,0,0,0,0,30,10.5,0,0,7.35,LOW
E0182,U007,2026-03-04 09:27:00,login,,0,0,DEV-007,0,0,,,0,0.0,0,0.0,admin,employee,PG1,8.197000495196145,0.705224796984965,45.14559197977773,1339.6324471115297,73.39620314003719,3000.0,DEV-007,9,0.8029995048038554,30,0,0,0,0,0,0,4.5,0,0,3.15,LOW
E0195,U007,2026-03-04 09:54:00,file_access,RES-016,0,7,DEV-007,0,0,,,0,0.0,0,0.0,admin,employee,PG1,8.197000495196145,0.705224796984965,45.14559197977773,1339.6324471115297,73.39620314003719,3000.0,DEV-007,9,0.8029995048038554,30,0,0,0,0,0,0,4.5,0,0,3.15,LOW
E0210,U007,2026-03-04 10:36:00,logout,,0,0,DEV-007,0,0,,,0,0.0,0,69.0,admin,employee,PG1,8.197000495196145,0.705224796984965,45.14559197977773,1339.6324471115297,73.39620314003719,3000.0,DEV-007,10,1.8029995048038554,60,0,0,0,0,0,30,10.5,0,0,7.35,LOW
E0244,U007,2026-03-05 08:02:00,login,,0,0,DEV-007,0,0,,,0,0.0,0,0.0,admin,employee,PG1,8.197000495196145,0.705224796984965,45.14559197977773,1339.6324471115297,73.39620314003719,3000.0,DEV-007,8,0.1970004951961446,0,0,0,0,0,0,0,0.0,0,0,0.0,LOW
E0258,U007,2026-03-05 08:52:00,file_access,RES-019,0,1,DEV-007,0,0,,,0,0.0,0,0.0,admin,employee,PG1,8.197000495196145,0.705224796984965,45.14559197977773,1339.6324471115297,73.39620314003719,3000.0,DEV-007,8,0.1970004951961446,0,0,0,0,0,0,0,0.0,0,0,0.0,LOW
E0270,U007,2026-03-05 09:36:00,logout,,0,0,DEV-007,0,0,,,0,0.0,0,94.0,admin,employee,PG1,8.197000495196145,0.705224796984965,45.14559197977773,1339.6324471115297,73.39620314003719,3000.0,DEV-007,9,0.8029995048038554,30,0,0,0,0,0,60,7.5,0,0,5.25,LOW
E0319,U007,2026-03-06 07:47:00,login,,0,0,DEV-007,0,0,,,0,0.0,0,0.0,admin,employee,PG1,8.197000495196145,0.705224796984965,45.14559197977773,1339.6324471115297,73.39620314003719,3000.0,DEV-007,7,1.1970004951961446,30,0,0,0,0,0,0,4.5,0,0,3.15,LOW
E0330,U007,2026-03-06 08:39:00,file_access,RES-012,0,6,DEV-007,0,0,,,0,0.0,0,0.0,admin,employee,PG1,8.197000495196145,0.705224796984965,45.14559197977773,1339.6324471115297,73.39620314003719,3000.0,DEV-007,8,0.1970004951961446,0,0,0,0,0,0,0,0.0,0,0,0.0,LOW
E0348,U007,2026-03-06 09:26:00,transaction,,0,0,DEV-007,0,0,,BEN-011,0,1429.73,0,0.0,admin,employee,PG1,8.197000495196145,0.705224796984965,45.14559197977773,1339.6324471115297,73.39620314003719,3000.0,DEV-007,9,0.8029995048038554,30,0,30,0,0,0,0,12.0,0,0,8.4,LOW
E0357,U007,2026-03-06 09:43:00,logout,,0,0,DEV-007,0,0,,,0,0.0,0,116.0,admin,employee,PG1,8.197000495196145,0.705224796984965,45.14559197977773,1339.6324471115297,73.39620314003719,3000.0,DEV-007,9,0.8029995048038554,30,0,0,0,0,0,60,7.5,0,0,5.25,LOW
E0034,U008,2026-03-02 09:19:00,login,,0,0,DEV-008,0,0,,,0,0.0,0,0.0,finance_officer,employee,PG2,9.76142959053731,0.5320770685589635,29.115931026061872,794.5311126450572,39.5750372308353,5000.0,DEV-008,9,0.7614295905373094,30,0,0,0,0,0,0,4.5,0,0,3.15,LOW
E0052,U008,2026-03-02 09:56:00,file_access,RES-015,0,11,DEV-008,0,0,,,0,0.0,0,0.0,finance_officer,employee,PG2,9.76142959053731,0.5320770685589635,29.115931026061872,794.5311126450572,39.5750372308353,5000.0,DEV-008,9,0.7614295905373094,30,0,0,0,0,0,0,4.5,0,0,3.15,LOW
E0057,U008,2026-03-02 10:26:00,transaction,,0,0,DEV-008,0,0,,BEN-004,0,778.14,0,0.0,finance_officer,employee,PG2,9.76142959053731,0.5320770685589635,29.115931026061872,794.5311126450572,39.5750372308353,5000.0,DEV-008,10,0.2385704094626906,0,0,0,0,0,0,0,0.0,0,0,0.0,LOW
E0066,U008,2026-03-02 10:49:00,logout,,0,0,DEV-008,0,0,,,0,0.0,0,90.0,finance_officer,employee,PG2,9.76142959053731,0.5320770685589635,29.115931026061872,794.5311126450572,39.5750372308353,5000.0,DEV-008,10,0.2385704094626906,0,0,0,0,0,0,90,4.5,0,0,3.15,LOW
E0110,U008,2026-03-03 09:24:00,login,,0,0,DEV-008,0,0,,,0,0.0,0,0.0,finance_officer,employee,PG2,9.76142959053731,0.5320770685589635,29.115931026061872,794.5311126450572,39.5750372308353,5000.0,DEV-008,9,0.7614295905373094,30,0,0,0,0,0,0,4.5,0,0,3.15,LOW
E0128,U008,2026-03-03 10:12:00,file_access,RES-011,0,10,DEV-008,0,0,,,0,0.0,0,0.0,finance_officer,employee,PG2,9.76142959053731,0.5320770685589635,29.115931026061872,794.5311126450572,39.5750372308353,5000.0,DEV-008,10,0.2385704094626906,0,0,0,0,0,0,0,0.0,0,0,0.0,LOW
E0134,U008,2026-03-03 10:34:00,logout,,0,0,DEV-008,0,0,,,0,0.0,0,70.0,finance_officer,employee,PG2,9.76142959053731,0.5320770685589635,29.115931026061872,794.5311126450572,39.5750372308353,5000.0,DEV-008,10,0.2385704094626906,0,0,0,0,0,0,60,3.0,0,0,2.1,LOW
E0204,U008,2026-03-04 10:27:00,login,,0,0,DEV-008,0,0,,,0,0.0,0,0.0,finance_officer,employee,PG2,9.76142959053731,0.5320770685589635,29.115931026061872,794.5311126450572,39.5750372308353,5000.0,DEV-008,10,0.2385704094626906,0,0,0,0,0,0,0,0.0,0,0,0.0,LOW
E0220,U008,2026-03-04 11:22:00,file_access,RES-024,0,10,DEV-008,0,0,,,0,0.0,0,0.0,finance_officer,employee,PG2,9.76142959053731,0.5320770685589635,29.115931026061872,794.5311126450572,39.5750372308353,5000.0,DEV-008,11,1.2385704094626906,60,0,0,0,0,0,0,9.0,0,0,6.3,LOW
E0224,U008,2026-03-04 11:46:00,logout,,0,0,DEV-008,0,0,,,0,0.0,0,79.0,finance_officer,employee,PG2,9.76142959053731,0.5320770685589635,29.115931026061872,794.5311126450572,39.5750372308353,5000.0,DEV-008,11,1.2385704094626906,60,0,0,0,0,0,60,12.0,0,0,8.4,LOW
E0272,U008,2026-03-05 09:43:00,login,,0,0,DEV-008,0,0,,,0,0.0,0,0.0,finance_officer,employee,PG2,9.76142959053731,0.5320770685589635,29.115931026061872,794.5311126450572,39.5750372308353,5000.0,DEV-008,9,0.7614295905373094,30,0,0,0,0,0,0,4.5,0,0,3.15,LOW
E0279,U008,2026-03-05 10:01:00,file_access,RES-022,0,8,DEV-008,0,0,,,0,0.0,0,0.0,finance_officer,employee,PG2,9.76142959053731,0.5320770685589635,29.115931026061872,794.5311126450572,39.5750372308353,5000.0,DEV-008,10,0.2385704094626906,0,0,0,0,0,0,0,0.0,0,0,0.0,LOW
E0289,U008,2026-03-05 10:36:00,logout,,0,0,DEV-008,0,0,,,0,0.0,0,53.0,finance_officer,employee,PG2,9.76142959053731,0.5320770685589635,29.115931026061872,794.5311126450572,39.5750372308353,5000.0,DEV-008,10,0.2385704094626906,0,0,0,0,0,0,30,1.5,0,0,1.05,LOW
E0355,U008,2026-03-06 09:42:00,login,,0,0,DEV-008,0,0,,,0,0.0,0,0.0,finance_officer,employee,PG2,9.76142959053731,0.5320770685589635,29.115931026061872,794.5311126450572,39.5750372308353,5000.0,DEV-008,9,0.7614295905373094,30,0,0,0,0,0,0,4.5,0,0,3.15,LOW
E0374,U008,2026-03-06 10:27:00,file_access,RES-016,0,2,DEV-008,0,0,,,0,0.0,0,0.0,finance_officer,employee,PG2,9.76142959053731,0.5320770685589635,29.115931026061872,794.5311126450572,39.5750372308353,5000.0,DEV-008,10,0.2385704094626906,0,0,0,0,0,0,0,0.0,0,0,0.0,LOW
E0382,U008,2026-03-06 11:01:00,logout,,0,0,DEV-008,0,0,,,0,0.0,0,79.0,finance_officer,employee,PG2,9.76142959053731,0.5320770685589635,29.115931026061872,794.5311126450572,39.5750372308353,5000.0,DEV-008,11,1.2385704094626906,60,0,0,0,0,0,60,12.0,0,0,8.4,LOW
E0035,U009,2026-03-02 09:19:00,login,,0,0,DEV-012,0,0,,,0,0.0,0,0.0,analyst,employee,PG3,10.166209166888176,0.7660883575274162,38.13641209473742,350.2331279922251,49.51849165873018,800.0,DEV-012,9,1.1662091668881764,30,0,0,0,0,0,0,4.5,0,0,3.15,LOW
E0043,U009,2026-03-02 09:38:00,file_access,RES-012,0,3,DEV-012,0,0,,,0,0.0,0,0.0,analyst,employee,PG3,10.166209166888176,0.7660883575274162,38.13641209473742,350.2331279922251,49.51849165873018,800.0,DEV-012,9,1.1662091668881764,30,0,0,0,0,0,0,4.5,0,0,3.15,LOW
E0053,U009,2026-03-02 09:58:00,transaction,,0,0,DEV-012,0,0,,BEN-013,0,417.96,0,0.0,analyst,employee,PG3,10.166209166888176,0.7660883575274162,38.13641209473742,350.2331279922251,49.51849165873018,800.0,DEV-012,9,1.1662091668881764,30,0,30,0,0,0,0,12.0,0,0,8.4,LOW
E0056,U009,2026-03-02 10:12:00,logout,,0,0,DEV-012,0,0,,,0,0.0,0,53.0,analyst,employee,PG3,10.166209166888176,0.7660883575274162,38.13641209473742,350.2331279922251,49.51849165873018,800.0,DEV-012,10,0.16620916688817644,0,0,0,0,0,0,0,0.0,0,0,0.0,LOW
E0137,U009,2026-03-03 10:56:00,login,,0,0,DEV-012,0,0,,,0,0.0,0,0.0,analyst,employee,PG3,10.166209166888176,0.7660883575274162,38.13641209473742,350.2331279922251,49.51849165873018,800.0,DEV-012,10,0.16620916688817644,0,0,0,0,0,0,0,0.0,0,0,0.0,LOW
E0147,U009,2026-03-03 11:41:00,file_access,RES-024,0,4,DEV-012,0,0,,,0,0.0,0,0.0,analyst,employee,PG3,10.166209166888176,0.7660883575274162,38.13641209473742,350.2331279922251,49.51849165873018,800.0,DEV-012,11,0.8337908331118236,30,0,0,0,0,0,0,4.5,0,0,3.15,LOW
E0148,U009,2026-03-03 12:15:00,logout,,0,0,DEV-012,0,0,,,0,0.0,0,79.0,analyst,employee,PG3,10.166209166888176,0.7660883575274162,38.13641209473742,350.2331279922251,49.51849165873018,800.0,DEV-012,12,1.8337908331118236,60,0,0,0,0,0,60,12.0,0,0,8.4,LOW
E0197,U009,2026-03-04 10:00:00,login,,0,0,DEV-012,0,0,,,0,0.0,0,0.0,analyst,employee,PG3,10.166209166888176,0.7660883575274162,38.13641209473742,350.2331279922251,49.51849165873018,800.0,DEV-012,10,0.16620916688817644,0,0,0,0,0,0,0,0.0,0,0,0.0,LOW
E0215,U009,2026-03-04 10:53:00,file_access,RES-009,0,13,DEV-012,0,0,,,0,0.0,0,0.0,analyst,employee,PG3,10.166209166888176,0.7660883575274162,38.13641209473742,350.2331279922251,49.51849165873018,800.0,DEV-012,10,0.16620916688817644,0,0,0,0,0,0,0,0.0,0,0,0.0,LOW
E0216,U009,2026-03-04 11:09:00,transaction,,0,0,DEV-012,0,0,,BEN-013,0,422.53,0,0.0,analyst,employee,PG3,10.166209166888176,0.7660883575274162,38.13641209473742,350.2331279922251,49.51849165873018,800.0,DEV-012,11,0.8337908331118236,30,0,30,0,0,0,0,12.0,0,0,8.4,LOW
E0226,U009,2026-03-04 11:52:00,logout,,0,0,DEV-012,0,0,,,0,0.0,0,112.0,analyst,employee,PG3,10.166209166888176,0.7660883575274162,38.13641209473742,350.2331279922251,49.51849165873018,800.0,DEV-012,11,0.8337908331118236,30,0,0,0,0,0,60,7.5,0,0,5.25,LOW
E0247,U009,2026-03-05 08:07:00,login,,0,0,DEV-012,0,0,,,0,0.0,0,0.0,analyst,employee,PG3,10.166209166888176,0.7660883575274162,38.13641209473742,350.2331279922251,49.51849165873018,800.0,DEV-012,8,2.1662091668881764,60,0,0,0,0,0,0,9.0,0,0,6.3,LOW
E0254,U009,2026-03-05 08:41:00,file_access,RES-010,0,13,DEV-012,0,0,,,0,0.0,0,0.0,analyst,employee,PG3,10.166209166888176,0.7660883575274162,38.13641209473742,350.2331279922251,49.51849165873018,800.0,DEV-012,8,2.1662091668881764,60,0,0,0,0,0,0,9.0,0,0,6.3,LOW
E0266,U009,2026-03-05 09:19:00,transaction,,0,0,DEV-012,0,0,,BEN-009,0,311.2,0,0.0,analyst,employee,PG3,10.166209166888176,0.7660883575274162,38.13641209473742,350.2331279922251,49.51849165873018,800.0,DEV-012,9,1.1662091668881764,30,0,0,0,0,0,0,4.5,0,0,3.15,LOW
E0281,U009,2026-03-05 10:07:00,logout,,0,0,DEV-012,0,0,,,0,0.0,0,120.0,analyst,employee,PG3,10.166209166888176,0.7660883575274162,38.13641209473742,350.2331279922251,49.51849165873018,800.0,DEV-012,10,0.16620916688817644,0,0,0,0,0,0,90,4.5,0,0,3.15,LOW
E0381,U009,2026-03-06 10:52:00,login,,0,0,DEV-012,0,0,,,0,0.0,0,0.0,analyst,employee,PG3,10.166209166888176,0.7660883575274162,38.13641209473742,350.2331279922251,49.51849165873018,800.0,DEV-012,10,0.16620916688817644,0,0,0,0,0,0,0,0.0,0,0,0.0,LOW
E0390,U009,2026-03-06 11:43:00,file_access,RES-022,0,7,DEV-012,0,0,,,0,0.0,0,0.0,analyst,employee,PG3,10.166209166888176,0.7660883575274162,38.13641209473742,350.2331279922251,49.51849165873018,800.0,DEV-012,11,0.8337908331118236,30,0,0,0,0,0,0,4.5,0,0,3.15,LOW
E0393,U009,2026-03-06 12:28:00,logout,,0,0,DEV-012,0,0,,,0,0.0,0,96.0,analyst,employee,PG3,10.166209166888176,0.7660883575274162,38.13641209473742,350.2331279922251,49.51849165873018,800.0,DEV-012,12,1.8337908331118236,60,0,0,0,0,0,60,12.0,0,0,8.4,LOW
E0006,U010,2026-03-02 07:10:00,login,,0,0,DEV-006,0,0,,,0,0.0,0,0.0,manager,employee,PG4,8.52376757692872,0.6868844754343794,57.46618350849976,521.2230004102857,103.09572068003858,1500.0,DEV-006,7,1.5237675769287193,60,0,0,0,0,0,0,9.0,0,0,6.3,LOW
E0013,U010,2026-03-02 08:02:00,file_access,RES-021,0,8,DEV-006,0,0,,,0,0.0,0,0.0,manager,employee,PG4,8.52376757692872,0.6868844754343794,57.46618350849976,521.2230004102857,103.09572068003858,1500.0,DEV-006,8,0.5237675769287193,0,0,0,0,0,0,0,0.0,0,0,0.0,LOW
E0017,U010,2026-03-02 08:22:00,transaction,,0,0,DEV-006,0,0,,BEN-013,0,565.68,0,0.0,manager,employee,PG4,8.52376757692872,0.6868844754343794,57.46618350849976,521.2230004102857,103.09572068003858,1500.0,DEV-006,8,0.5237675769287193,0,0,0,0,0,0,0,0.0,0,0,0.0,LOW
E0030,U010,2026-03-02 09:05:00,logout,,0,0,DEV-006,0,0,,,0,0.0,0,115.0,manager,employee,PG4,8.52376757692872,0.6868844754343794,57.46618350849976,521.2230004102857,103.09572068003858,1500.0,DEV-006,9,0.47623242307128066,0,0,0,0,0,0,60,3.0,0,0,2.1,LOW
E0094,U010,2026-03-03 08:15:00,login,,0,0,DEV-006,0,0,,,0,0.0,0,0.0,manager,employee,PG4,8.52376757692872,0.6868844754343794,57.46618350849976,521.2230004102857,103.09572068003858,1500.0,DEV-006,8,0.5237675769287193,0,0,0,0,0,0,0,0.0,0,0,0.0,LOW
E0099,U010,2026-03-03 08:37:00,file_access,RES-020,0,2,DEV-006,0,0,,,0,0.0,0,0.0,manager,employee,PG4,8.52376757692872,0.6868844754343794,57.46618350849976,521.2230004102857,103.09572068003858,1500.0,DEV-006,8,0.5237675769287193,0,0,0,0,0,0,0,0.0,0,0,0.0,LOW
E0103,U010,2026-03-03 09:02:00,logout,,0,0,DEV-006,0,0,,,0,0.0,0,47.0,manager,employee,PG4,8.52376757692872,0.6868844754343794,57.46618350849976,521.2230004102857,103.09572068003858,1500.0,DEV-006,9,0.47623242307128066,0,0,0,0,0,0,0,0.0,0,0,0.0,LOW
E0160,U010,2026-03-04 08:08:00,login,,0,0,DEV-006,0,0,,,0,0.0,0,0.0,manager,employee,PG4,8.52376757692872,0.6868844754343794,57.46618350849976,521.2230004102857,103.09572068003858,1500.0,DEV-006,8,0.5237675769287193,0,0,0,0,0,0,0,0.0,0,0,0.0,LOW
E0164,U010,2026-03-04 08:22:00,file_access,RES-013,0,7,DEV-006,0,0,,,0,0.0,0,0.0,manager,employee,PG4,8.52376757692872,0.6868844754343794,57.46618350849976,521.2230004102857,103.09572068003858,1500.0,DEV-006,8,0.5237675769287193,0,0,0,0,0,0,0,0.0,0,0,0.0,LOW
E0179,U010,2026-03-04 09:17:00,logout,,0,0,DEV-006,0,0,,,0,0.0,0,69.0,manager,employee,PG4,8.52376757692872,0.6868844754343794,57.46618350849976,521.2230004102857,103.09572068003858,1500.0,DEV-006,9,0.47623242307128066,0,0,0,0,0,0,0,0.0,0,0,0.0,LOW
E0267,U010,2026-03-05 09:26:00,login,,0,0,DEV-006,0,0,,,0,0.0,0,0.0,manager,employee,PG4,8.52376757692872,0.6868844754343794,57.46618350849976,521.2230004102857,103.09572068003858,1500.0,DEV-006,9,0.47623242307128066,0,0,0,0,0,0,0,0.0,0,0,0.0,LOW
E0277,U010,2026-03-05 09:57:00,file_access,RES-016,0,9,DEV-006,0,0,,,0,0.0,0,0.0,manager,employee,PG4,8.52376757692872,0.6868844754343794,57.46618350849976,521.2230004102857,103.09572068003858,1500.0,DEV-006,9,0.47623242307128066,0,0,0,0,0,0,0,0.0,0,0,0.0,LOW
E0280,U010,2026-03-05 10:05:00,transaction,,0,0,DEV-006,0,0,,BEN-013,0,550.06,0,0.0,manager,employee,PG4,8.52376757692872,0.6868844754343794,57.46618350849976,521.2230004102857,103.09572068003858,1500.0,DEV-006,10,1.4762324230712807,60,0,0,0,0,0,0,9.0,0,0,6.3,LOW
E0294,U010,2026-03-05 10:52:00,logout,,0,0,DEV-006,0,0,,,0,0.0,0,86.0,manager,employee,PG4,8.52376757692872,0.6868844754343794,57.46618350849976,521.2230004102857,103.09572068003858,1500.0,DEV-006,10,1.4762324230712807,60,0,0,0,0,0,0,9.0,0,0,6.3,LOW
E0337,U010,2026-03-06 09:01:00,login,,0,0,DEV-006,0,0,,,0,0.0,0,0.0,manager,employee,PG4,8.52376757692872,0.6868844754343794,57.46618350849976,521.2230004102857,103.09572068003858,1500.0,DEV-006,9,0.47623242307128066,0,0,0,0,0,0,0,0.0,0,0,0.0,LOW
E0365,U010,2026-03-06 10:00:00,file_access,RES-024,0,7,DEV-006,0,0,,,0,0.0,0,0.0,manager,employee,PG4,8.52376757692872,0.6868844754343794,57.46618350849976,521.2230004102857,103.09572068003858,1500.0,DEV-006,10,1.4762324230712807,60,0,0,0,0,0,0,9.0,0,0,6.3,LOW
E0375,U010,2026-03-06 10:27:00,transaction,,0,0,DEV-006,0,0,,BEN-014,0,490.4,0,0.0,manager,employee,PG4,8.52376757692872,0.6868844754343794,57.46618350849976,521.2230004102857,103.09572068003858,1500.0,DEV-006,10,1.4762324230712807,60,0,0,0,0,0,0,9.0,0,0,6.3,LOW
E0383,U010,2026-03-06 11:03:00,logout,,0,0,DEV-006,0,0,,,0,0.0,0,122.0,manager,employee,PG4,8.52376757692872,0.6868844754343794,57.46618350849976,521.2230004102857,103.09572068003858,1500.0,DEV-006,11,2.4762324230712807,100,0,0,0,0,0,60,18.0,0,0,12.6,LOW
E0046,U011,2026-03-02 09:47:00,login,,0,0,DEV-018,0,0,,,0,0.0,0,0.0,admin,employee,PG5,9.33534969257427,0.6713676476059983,38.49040847404463,477.9269574979892,141.04694155454612,3000.0,DEV-018,9,0.3353496925742707,0,0,0,0,0,0,0,0.0,0,0,0.0,LOW
E0058,U011,2026-03-02 10:26:00,file_access,RES-013,0,8,DEV-018,0,0,,,0,0.0,0,0.0,admin,employee,PG5,9.33534969257427,0.6713676476059983,38.49040847404463,477.9269574979892,141.04694155454612,3000.0,DEV-018,10,0.6646503074257293,0,0,0,0,0,0,0,0.0,0,0,0.0,LOW
E0071,U011,2026-03-02 10:58:00,transaction,,0,0,DEV-018,0,0,,BEN-011,0,338.52,0,0.0,admin,employee,PG5,9.33534969257427,0.6713676476059983,38.49040847404463,477.9269574979892,141.04694155454612,3000.0,DEV-018,10,0.6646503074257293,0,0,0,0,0,0,0,0.0,0,0,0.0,LOW
E0077,U011,2026-03-02 11:33:00,logout,,0,0,DEV-018,0,0,,,0,0.0,0,106.0,admin,employee,PG5,9.33534969257427,0.6713676476059983,38.49040847404463,477.9269574979892,141.04694155454612,3000.0,DEV-018,11,1.6646503074257293,60,0,0,0,0,0,60,12.0,0,0,8.4,LOW
E0121,U011,2026-03-03 09:53:00,login,,0,0,DEV-018,0,0,,,0,0.0,0,0.0,admin,employee,PG5,9.33534969257427,0.6713676476059983,38.49040847404463,477.9269574979892,141.04694155454612,3000.0,DEV-018,9,0.3353496925742707,0,0,0,0,0,0,0,0.0,0,0,0.0,LOW
E0131,U011,2026-03-03 10:27:00,file_access,RES-010,0,10,DEV-018,0,0,,,0,0.0,0,0.0,admin,employee,PG5,9.33534969257427,0.6713676476059983,38.49040847404463,477.9269574979892,141.04694155454612,3000.0,DEV-018,10,0.6646503074257293,0,0,0,0,0,0,0,0.0,0,0,0.0,LOW
E0140,U011,2026-03-03 11:02:00,logout,,0,0,DEV-018,0,0,,,0,0.0,0,69.0,admin,employee,PG5,9.33534969257427,0.6713676476059983,38.49040847404463,477.9269574979892,141.04694155454612,3000.0,DEV-018,11,1.6646503074257293,60,0,0,0,0,0,30,10.5,0,0,7.35,LOW
E0183,U011,2026-03-04 09:27:00,login,,0,0,DEV-018,0,0,,,0,0.0,0,0.0,admin,employee,PG5,9.33534969257427,0.6713676476059983,38.49040847404463,477.9269574979892,141.04694155454612,3000.0,DEV-018,9,0.3353496925742707,0,0,0,0,0,0,0,0.0,0,0,0.0,LOW
E0190,U011,2026-03-04 09:40:00,file_access,RES-020,0,3,DEV-018,0,0,,,0,0.0,0,0.0,admin,employee,PG5,9.33534969257427,0.6713676476059983,38.49040847404463,477.9269574979892,141.04694155454612,3000.0,DEV-018,9,0.3353496925742707,0,0,0,0,0,0,0,0.0,0,0,0.0,LOW
E0200,U011,2026-03-04 10:09:00,transaction,,0,0,DEV-018,0,0,,BEN-006,0,427.47,0,0.0,admin,employee,PG5,9.33534969257427,0.6713676476059983,38.49040847404463,477.9269574979892,141.04694155454612,3000.0,DEV-018,10,0.6646503074257293,0,0,0,0,0,0,0,0.0,0,0,0.0,LOW
E0207,U011,2026-03-04 10:32:00,logout,,0,0,DEV-018,0,0,,,0,0.0,0,65.0,admin,employee,PG5,9.33534969257427,0.6713676476059983,38.49040847404463,477.9269574979892,141.04694155454612,3000.0,DEV-018,10,0.6646503074257293,0,0,0,0,0,0,30,1.5,0,0,1.05,LOW
E0249,U011,2026-03-05 08:17:00,login,,0,0,DEV-018,0,0,,,0,0.0,0,0.0,admin,employee,PG5,9.33534969257427,0.6713676476059983,38.49040847404463,477.9269574979892,141.04694155454612,3000.0,DEV-018,8,1.3353496925742707,30,0,0,0,0,0,0,4.5,0,0,3.15,LOW
E0263,U011,2026-03-05 09:10:00,file_access,RES-019,0,5,DEV-018,0,0,,,0,0.0,0,0.0,admin,employee,PG5,9.33534969257427,0.6713676476059983,38.49040847404463,477.9269574979892,141.04694155454612,3000.0,DEV-018,9,0.3353496925742707,0,0,0,0,0,0,0,0.0,0,0,0.0,LOW
E0274,U011,2026-03-05 09:50:00,logout,,0,0,DEV-018,0,0,,,0,0.0,0,93.0,admin,employee,PG5,9.33534969257427,0.6713676476059983,38.49040847404463,477.9269574979892,141.04694155454612,3000.0,DEV-018,9,0.3353496925742707,0,0,0,0,0,0,60,3.0,0,0,2.1,LOW
E0036,U012,2026-03-02 09:22:00,login,,0,0,DEV-011,0,0,,,0,0.0,0,0.0,finance_officer,employee,PG6,8.549037934925673,0.7269979140907252,50.73254310369489,234.25107411828145,128.616311280817,5000.0,DEV-011,9,0.4509620650743269,0,0,0,0,0,0,0,0.0,0,0,0.0,LOW
E0045,U012,2026-03-02 09:41:00,file_access,RES-008,0,13,DEV-011,0,0,,,0,0.0,0,0.0,finance_officer,employee,PG6,8.549037934925673,0.7269979140907252,50.73254310369489,234.25107411828145,128.616311280817,5000.0,DEV-011,9,0.4509620650743269,0,0,0,0,0,0,0,0.0,0,0,0.0,LOW
E0049,U012,2026-03-02 09:53:00,logout,,0,0,DEV-011,0,0,,,0,0.0,0,31.0,finance_officer,employee,PG6,8.549037934925673,0.7269979140907252,50.73254310369489,234.25107411828145,128.616311280817,5000.0,DEV-011,9,0.4509620650743269,0,0,0,0,0,0,0,0.0,0,0,0.0,LOW
E0102,U012,2026-03-03 09:01:00,login,,0,0,DEV-011,0,0,,,0,0.0,0,0.0,finance_officer,employee,PG6,8.549037934925673,0.7269979140907252,50.73254310369489,234.25107411828145,128.616311280817,5000.0,DEV-011,9,0.4509620650743269,0,0,0,0,0,0,0,0.0,0,0,0.0,LOW
E0116,U012,2026-03-03 09:45:00,file_access,RES-010,0,4,DEV-011,0,0,,,0,0.0,0,0.0,finance_officer,employee,PG6,8.549037934925673,0.7269979140907252,50.73254310369489,234.25107411828145,128.616311280817,5000.0,DEV-011,9,0.4509620650743269,0,0,0,0,0,0,0,0.0,0,0,0.0,LOW
E0133,U012,2026-03-03 10:32:00,transaction,,0,0,DEV-011,0,0,,BEN-002,0,207.55,0,0.0,finance_officer,employee,PG6,8.549037934925673,0.7269979140907252,50.73254310369489,234.25107411828145,128.616311280817,5000.0,DEV-011,10,1.450962065074327,30,0,0,0,0,0,0,4.5,0,0,3.15,LOW
E0143,U012,2026-03-03 11:18:00,logout,,0,0,DEV-011,0,0,,,0,0.0,0,137.0,finance_officer,employee,PG6,8.549037934925673,0.7269979140907252,50.73254310369489,234.25107411828145,128.616311280817,5000.0,DEV-011,11,2.450962065074327,100,0,0,0,0,0,60,18.0,0,0,12.6,LOW
E0165,U012,2026-03-04 08:23:00,login,,0,0,DEV-011,0,0,,,0,0.0,0,0.0,finance_officer,employee,PG6,8.549037934925673,0.7269979140907252,50.73254310369489,234.25107411828145,128.616311280817,5000.0,DEV-011,8,0.5490379349256731,0,0,0,0,0,0,0,0.0,0,0,0.0,LOW
E0168,U012,2026-03-04 08:38:00,file_access,RES-009,0,13,DEV-011,0,0,,,0,0.0,0,0.0,finance_officer,employee,PG6,8.549037934925673,0.7269979140907252,50.73254310369489,234.25107411828145,128.616311280817,5000.0,DEV-011,8,0.5490379349256731,0,0,0,0,0,0,0,0.0,0,0,0.0,LOW
E0174,U012,2026-03-04 09:07:00,logout,,0,0,DEV-011,0,0,,,0,0.0,0,44.0,finance_officer,employee,PG6,8.549037934925673,0.7269979140907252,50.73254310369489,234.25107411828145,128.616311280817,5000.0,DEV-011,9,0.4509620650743269,0,0,0,0,0,0,0,0.0,0,0,0.0,LOW
E0243,U012,2026-03-05 08:01:00,login,,0,0,DEV-011,0,0,,,0,0.0,0,0.0,finance_officer,employee,PG6,8.549037934925673,0.7269979140907252,50.73254310369489,234.25107411828145,128.616311280817,5000.0,DEV-011,8,0.5490379349256731,0,0,0,0,0,0,0,0.0,0,0,0.0,LOW
E0250,U012,2026-03-05 08:25:00,file_access,RES-024,0,11,DEV-011,0,0,,,0,0.0,0,0.0,finance_officer,employee,PG6,8.549037934925673,0.7269979140907252,50.73254310369489,234.25107411828145,128.616311280817,5000.0,DEV-011,8,0.5490379349256731,0,0,0,0,0,0,0,0.0,0,0,0.0,LOW
E0260,U012,2026-03-05 08:59:00,logout,,0,0,DEV-011,0,0,,,0,0.0,0,58.0,finance_officer,employee,PG6,8.549037934925673,0.7269979140907252,50.73254310369489,234.25107411828145,128.616311280817,5000.0,DEV-011,8,0.5490379349256731,0,0,0,0,0,0,0,0.0,0,0,0.0,LOW
E0331,U012,2026-03-06 08:44:00,login,,0,0,DEV-011,0,0,,,0,0.0,0,0.0,finance_officer,employee,PG6,8.549037934925673,0.7269979140907252,50.73254310369489,234.25107411828145,128.616311280817,5000.0,DEV-011,8,0.5490379349256731,0,0,0,0,0,0,0,0.0,0,0,0.0,LOW
E0356,U012,2026-03-06 09:42:00,file_access,RES-013,0,2,DEV-011,0,0,,,0,0.0,0,0.0,finance_officer,employee,PG6,8.549037934925673,0.7269979140907252,50.73254310369489,234.25107411828145,128.616311280817,5000.0,DEV-011,9,0.4509620650743269,0,0,0,0,0,0,0,0.0,0,0,0.0,LOW
E0369,U012,2026-03-06 10:11:00,logout,,0,0,DEV-011,0,0,,,0,0.0,0,87.0,finance_officer,employee,PG6,8.549037934925673,0.7269979140907252,50.73254310369489,234.25107411828145,128.616311280817,5000.0,DEV-011,10,1.450962065074327,30,0,0,0,0,0,30,6.0,0,0,4.2,LOW
E0021,U013,2026-03-02 08:38:00,login,,0,0,DEV-007,0,0,,,0,0.0,0,0.0,analyst,employee,PG1,9.002911967555821,0.5463320236480831,56.5254449674218,270.1540154435507,116.14971248627712,800.0,DEV-007,8,1.0029119675558213,30,0,0,0,0,0,0,4.5,0,0,3.15,LOW
E0042,U013,2026-03-02 09:34:00,file_access,RES-009,0,13,DEV-007,0,0,,,0,0.0,0,0.0,analyst,employee,PG1,9.002911967555821,0.5463320236480831,56.5254449674218,270.1540154435507,116.14971248627712,800.0,DEV-007,9,0.0029119675558213487,0,0,0,0,0,0,0,0.0,0,0,0.0,LOW
E0061,U013,2026-03-02 10:34:00,logout,,0,0,DEV-007,0,0,,,0,0.0,0,116.0,analyst,employee,PG1,9.002911967555821,0.5463320236480831,56.5254449674218,270.1540154435507,116.14971248627712,800.0,DEV-007,10,0.9970880324441787,30,0,0,0,0,0,60,7.5,0,0,5.25,LOW
E0169,U013,2026-03-04 08:41:00,login,,0,0,DEV-007,0,0,,,0,0.0,0,0.0,analyst,employee,PG1,9.002911967555821,0.5463320236480831,56.5254449674218,270.1540154435507,116.14971248627712,800.0,DEV-007,8,1.0029119675558213,30,0,0,0,0,0,0,4.5,0,0,3.15,LOW
E0175,U013,2026-03-04 09:07:00,file_access,RES-006,0,14,DEV-007,0,0,,,0,0.0,0,0.0,analyst,employee,PG1,9.002911967555821,0.5463320236480831,56.5254449674218,270.1540154435507,116.14971248627712,800.0,DEV-007,9,0.0029119675558213487,0,0,0,0,0,0,0,0.0,0,0,0.0,LOW
E0193,U013,2026-03-04 09:43:00,transaction,,0,0,DEV-007,0,0,,BEN-002,0,232.86,0,0.0,analyst,employee,PG1,9.002911967555821,0.5463320236480831,56.5254449674218,270.1540154435507,116.14971248627712,800.0,DEV-007,9,0.0029119675558213487,0,0,0,0,0,0,0,0.0,0,0,0.0,LOW
E0203,U013,2026-03-04 10:20:00,logout,,0,0,DEV-007,0,0,,,0,0.0,0,99.0,analyst,employee,PG1,9.002911967555821,0.5463320236480831,56.5254449674218,270.1540154435507,116.14971248627712,800.0,DEV-007,10,0.9970880324441787,30,0,0,0,0,0,30,6.0,0,0,4.2,LOW
E0255,U013,2026-03-05 08:45:00,login,,0,0,DEV-007,0,0,,,0,0.0,0,0.0,analyst,employee,PG1,9.002911967555821,0.5463320236480831,56.5254449674218,270.1540154435507,116.14971248627712,800.0,DEV-007,8,1.0029119675558213,30,0,0,0,0,0,0,4.5,0,0,3.15,LOW
E0261,U013,2026-03-05 08:59:00,file_access,RES-019,0,3,DEV-007,0,0,,,0,0.0,0,0.0,analyst,employee,PG1,9.002911967555821,0.5463320236480831,56.5254449674218,270.1540154435507,116.14971248627712,800.0,DEV-007,8,1.0029119675558213,30,0,0,0,0,0,0,4.5,0,0,3.15,LOW
E0275,U013,2026-03-05 09:50:00,logout,,0,0,DEV-007,0,0,,,0,0.0,0,65.0,analyst,employee,PG1,9.002911967555821,0.5463320236480831,56.5254449674218,270.1540154435507,116.14971248627712,800.0,DEV-007,9,0.0029119675558213487,0,0,0,0,0,0,0,0.0,0,0,0.0,LOW
E0335,U013,2026-03-06 08:51:00,login,,0,0,DEV-007,0,0,,,0,0.0,0,0.0,analyst,employee,PG1,9.002911967555821,0.5463320236480831,56.5254449674218,270.1540154435507,116.14971248627712,800.0,DEV-007,8,1.0029119675558213,30,0,0,0,0,0,0,4.5,0,0,3.15,LOW
E0351,U013,2026-03-06 09:30:00,file_access,RES-021,0,8,DEV-007,0,0,,,0,0.0,0,0.0,analyst,employee,PG1,9.002911967555821,0.5463320236480831,56.5254449674218,270.1540154435507,116.14971248627712,800.0,DEV-007,9,0.0029119675558213487,0,0,0,0,0,0,0,0.0,0,0,0.0,LOW
E0370,U013,2026-03-06 10:21:00,transaction,,0,0,DEV-007,0,0,,BEN-004,0,184.51,0,0.0,analyst,employee,PG1,9.002911967555821,0.5463320236480831,56.5254449674218,270.1540154435507,116.14971248627712,800.0,DEV-007,10,0.9970880324441787,30,0,0,0,0,0,0,4.5,0,0,3.15,LOW
E0388,U013,2026-03-06 11:24:00,logout,,0,0,DEV-007,0,0,,,0,0.0,0,153.0,analyst,employee,PG1,9.002911967555821,0.5463320236480831,56.5254449674218,270.1540154435507,116.14971248627712,800.0,DEV-007,11,1.9970880324441787,100,0,0,0,0,0,60,18.0,0,0,12.6,LOW
E0033,U014,2026-03-02 09:17:00,login,,0,0,DEV-008,0,0,,,0,0.0,0,0.0,manager,employee,PG2,9.6385966632372,0.776942330742465,56.58190358962174,398.2537041818092,61.785619979766295,1500.0,DEV-008,9,0.6385966632372,0,0,0,0,0,0,0,0.0,0,0,0.0,LOW
E0048,U014,2026-03-02 09:50:00,file_access,RES-013,0,13,DEV-008,0,0,,,0,0.0,0,0.0,manager,employee,PG2,9.6385966632372,0.776942330742465,56.58190358962174,398.2537041818092,61.785619979766295,1500.0,DEV-008,9,0.6385966632372,0,0,0,0,0,0,0,0.0,0,0,0.0,LOW
E0062,U014,2026-03-02 10:34:00,transaction,,0,0,DEV-008,0,0,,BEN-008,0,370.74,0,0.0,manager,employee,PG2,9.6385966632372,0.776942330742465,56.58190358962174,398.2537041818092,61.785619979766295,1500.0,DEV-008,10,0.3614033367628,0,0,0,0,0,0,0,0.0,0,0,0.0,LOW
E0078,U014,2026-03-02 11:38:00,logout,,0,0,DEV-008,0,0,,,0,0.0,0,141.0,manager,employee,PG2,9.6385966632372,0.776942330742465,56.58190358962174,398.2537041818092,61.785619979766295,1500.0,DEV-008,11,1.3614033367628,30,0,0,0,0,0,60,7.5,0,0,5.25,LOW
E0112,U014,2026-03-03 09:31:00,login,,0,0,DEV-008,0,0,,,0,0.0,0,0.0,manager,employee,PG2,9.6385966632372,0.776942330742465,56.58190358962174,398.2537041818092,61.785619979766295,1500.0,DEV-008,9,0.6385966632372,0,0,0,0,0,0,0,0.0,0,0,0.0,LOW
E0118,U014,2026-03-03 09:49:00,file_access,RES-017,0,13,DEV-008,0,0,,,0,0.0,0,0.0,manager,employee,PG2,9.6385966632372,0.776942330742465,56.58190358962174,398.2537041818092,61.785619979766295,1500.0,DEV-008,9,0.6385966632372,0,0,0,0,0,0,0,0.0,0,0,0.0,LOW
E0127,U014,2026-03-03 10:11:00,transaction,,0,0,DEV-008,0,0,,BEN-005,0,468.39,0,0.0,manager,employee,PG2,9.6385966632372,0.776942330742465,56.58190358962174,398.2537041818092,61.785619979766295,1500.0,DEV-008,10,0.3614033367628,0,0,30,0,0,0,0,7.5,0,0,5.25,LOW
E0138,U014,2026-03-03 10:56:00,logout,,0,0,DEV-008,0,0,,,0,0.0,0,85.0,manager,employee,PG2,9.6385966632372,0.776942330742465,56.58190358962174,398.2537041818092,61.785619979766295,1500.0,DEV-008,10,0.3614033367628,0,0,0,0,0,0,30,1.5,0,0,1.05,LOW
E0245,U014,2026-03-05 08:05:00,login,,0,0,DEV-008,0,0,,,0,0.0,0,0.0,manager,employee,PG2,9.6385966632372,0.776942330742465,56.58190358962174,398.2537041818092,61.785619979766295,1500.0,DEV-008,8,1.6385966632372,60,0,0,0,0,0,0,9.0,0,0,6.3,LOW
E0251,U014,2026-03-05 08:25:00,file_access,RES-019,0,8,DEV-008,0,0,,,0,0.0,0,0.0,manager,employee,PG2,9.6385966632372,0.776942330742465,56.58190358962174,398.2537041818092,61.785619979766295,1500.0,DEV-008,8,1.6385966632372,60,0,0,0,0,0,0,9.0,0,0,6.3,LOW
E0256,U014,2026-03-05 08:50:00,logout,,0,0,DEV-008,0,0,,,0,0.0,0,45.0,manager,employee,PG2,9.6385966632372,0.776942330742465,56.58190358962174,398.2537041818092,61.785619979766295,1500.0,DEV-008,8,1.6385966632372,60,0,0,0,0,0,0,9.0,0,0,6.3,LOW
E0360,U014,2026-03-06 09:50:00,login,,0,0,DEV-008,0,0,,,0,0.0,0,0.0,manager,employee,PG2,9.6385966632372,0.776942330742465,56.58190358962174,398.2537041818092,61.785619979766295,1500.0,DEV-008,9,0.6385966632372,0,0,0,0,0,0,0,0.0,0,0,0.0,LOW
E0364,U014,2026-03-06 09:56:00,file_access,RES-008,0,5,DEV-008,0,0,,,0,0.0,0,0.0,manager,employee,PG2,9.6385966632372,0.776942330742465,56.58190358962174,398.2537041818092,61.785619979766295,1500.0,DEV-008,9,0.6385966632372,0,0,0,0,0,0,0,0.0,0,0,0.0,LOW
E0379,U014,2026-03-06 10:45:00,transaction,,0,0,DEV-008,0,0,,BEN-004,0,341.28,0,0.0,manager,employee,PG2,9.6385966632372,0.776942330742465,56.58190358962174,398.2537041818092,61.785619979766295,1500.0,DEV-008,10,0.3614033367628,0,0,0,0,0,0,0,0.0,0,0,0.0,LOW
E0385,U014,2026-03-06 11:14:00,logout,,0,0,DEV-008,0,0,,,0,0.0,0,84.0,manager,employee,PG2,9.6385966632372,0.776942330742465,56.58190358962174,398.2537041818092,61.785619979766295,1500.0,DEV-008,11,1.3614033367628,30,0,0,0,0,0,0,4.5,0,0,3.15,LOW
E0037,U015,2026-03-02 09:22:00,login,,0,0,DEV-012,0,0,,,0,0.0,0,0.0,admin,employee,PG3,9.862472455229016,0.8772841027671032,49.88055246609032,699.8073582124116,100.02395099347876,3000.0,DEV-012,9,0.8624724552290157,0,0,0,0,0,0,0,0.0,0,0,0.0,LOW
E0050,U015,2026-03-02 09:54:00,file_access,RES-023,0,6,DEV-012,0,0,,,0,0.0,0,0.0,admin,employee,PG3,9.862472455229016,0.8772841027671032,49.88055246609032,699.8073582124116,100.02395099347876,3000.0,DEV-012,9,0.8624724552290157,0,0,0,0,0,0,0,0.0,0,0,0.0,LOW
E0060,U015,2026-03-02 10:28:00,transaction,,0,0,DEV-012,0,0,,BEN-005,0,792.93,0,0.0,admin,employee,PG3,9.862472455229016,0.8772841027671032,49.88055246609032,699.8073582124116,100.02395099347876,3000.0,DEV-012,10,0.13752754477098428,0,0,0,0,0,0,0,0.0,0,0,0.0,LOW
E0070,U015,2026-03-02 10:57:00,logout,,0,0,DEV-012,0,0,,,0,0.0,0,95.0,admin,employee,PG3,9.862472455229016,0.8772841027671032,49.88055246609032,699.8073582124116,100.02395099347876,3000.0,DEV-012,10,0.13752754477098428,0,0,0,0,0,0,30,1.5,0,0,1.05,LOW
E0125,U015,2026-03-03 10:07:00,login,,0,0,DEV-012,0,0,,,0,0.0,0,0.0,admin,employee,PG3,9.862472455229016,0.8772841027671032,49.88055246609032,699.8073582124116,100.02395099347876,3000.0,DEV-012,10,0.13752754477098428,0,0,0,0,0,0,0,0.0,0,0,0.0,LOW
E0139,U015,2026-03-03 10:59:00,file_access,RES-023,0,13,DEV-012,0,0,,,0,0.0,0,0.0,admin,employee,PG3,9.862472455229016,0.8772841027671032,49.88055246609032,699.8073582124116,100.02395099347876,3000.0,DEV-012,10,0.13752754477098428,0,0,0,0,0,0,0,0.0,0,0,0.0,LOW
E0144,U015,2026-03-03 11:21:00,logout,,0,0,DEV-012,0,0,,,0,0.0,0,74.0,admin,employee,PG3,9.862472455229016,0.8772841027671032,49.88055246609032,699.8073582124116,100.02395099347876,3000.0,DEV-012,11,1.1375275447709843,30,0,0,0,0,0,0,4.5,0,0,3.15,LOW
E0206,U015,2026-03-04 10:30:00,login,,0,0,DEV-012,0,0,,,0,0.0,0,0.0,admin,employee,PG3,9.862472455229016,0.8772841027671032,49.88055246609032,699.8073582124116,100.02395099347876,3000.0,DEV-012,10,0.13752754477098428,0,0,0,0,0,0,0,0.0,0,0,0.0,LOW
E0214,U015,2026-03-04 10:52:00,file_access,RES-024,0,13,DEV-012,0,0,,,0,0.0,0,0.0,admin,employee,PG3,9.862472455229016,0.8772841027671032,49.88055246609032,699.8073582124116,100.02395099347876,3000.0,DEV-012,10,0.13752754477098428,0,0,0,0,0,0,0,0.0,0,0,0.0,LOW
E0219,U015,2026-03-04 11:20:00,logout,,0,0,DEV-012,0,0,,,0,0.0,0,50.0,admin,employee,PG3,9.862472455229016,0.8772841027671032,49.88055246609032,699.8073582124116,100.02395099347876,3000.0,DEV-012,11,1.1375275447709843,30,0,0,0,0,0,0,4.5,0,0,3.15,LOW
E0282,U015,2026-03-05 10:23:00,login,,0,0,DEV-012,0,0,,,0,0.0,0,0.0,admin,employee,PG3,9.862472455229016,0.8772841027671032,49.88055246609032,699.8073582124116,100.02395099347876,3000.0,DEV-012,10,0.13752754477098428,0,0,0,0,0,0,0,0.0,0,0,0.0,LOW
E0292,U015,2026-03-05 10:39:00,file_access,RES-015,0,1,DEV-012,0,0,,,0,0.0,0,0.0,admin,employee,PG3,9.862472455229016,0.8772841027671032,49.88055246609032,699.8073582124116,100.02395099347876,3000.0,DEV-012,10,0.13752754477098428,0,0,0,0,0,0,0,0.0,0,0,0.0,LOW
E0296,U015,2026-03-05 10:57:00,logout,,0,0,DEV-012,0,0,,,0,0.0,0,34.0,admin,employee,PG3,9.862472455229016,0.8772841027671032,49.88055246609032,699.8073582124116,100.02395099347876,3000.0,DEV-012,10,0.13752754477098428,0,0,0,0,0,0,0,0.0,0,0,0.0,LOW
E0338,U015,2026-03-06 09:03:00,login,,0,0,DEV-012,0,0,,,0,0.0,0,0.0,admin,employee,PG3,9.862472455229016,0.8772841027671032,49.88055246609032,699.8073582124116,100.02395099347876,3000.0,DEV-012,9,0.8624724552290157,0,0,0,0,0,0,0,0.0,0,0,0.0,LOW
E0358,U015,2026-03-06 09:43:00,file_access,RES-015,0,12,DEV-012,0,0,,,0,0.0,0,0.0,admin,employee,PG3,9.862472455229016,0.8772841027671032,49.88055246609032,699.8073582124116,100.02395099347876,3000.0,DEV-012,9,0.8624724552290157,0,0,0,0,0,0,0,0.0,0,0,0.0,LOW
E0376,U015,2026-03-06 10:33:00,logout,,0,0,DEV-012,0,0,,,0,0.0,0,90.0,admin,employee,PG3,9.862472455229016,0.8772841027671032,49.88055246609032,699.8073582124116,100.02395099347876,3000.0,DEV-012,10,0.13752754477098428,0,0,0,0,0,0,30,1.5,0,0,1.05,LOW
E0003,U016,2026-03-02 06:36:00,login,,0,0,DEV-004,0,0,,,0,0.0,0,0.0,finance_officer,employee,PG4,8.548301897893209,1.198276324546577,40.38105174705858,318.1825892171054,35.65396505096815,5000.0,DEV-004,6,2.548301897893209,60,0,0,0,0,0,0,9.0,0,0,6.3,LOW
E0005,U016,2026-03-02 06:59:00,file_access,RES-021,0,8,DEV-004,0,0,,,0,0.0,0,0.0,finance_officer,employee,PG4,8.548301897893209,1.198276324546577,40.38105174705858,318.1825892171054,35.65396505096815,5000.0,DEV-004,6,2.548301897893209,60,0,0,0,0,0,0,9.0,0,0,6.3,LOW
E0007,U016,2026-03-02 07:15:00,transaction,,0,0,DEV-004,0,0,,BEN-001,0,322.33,0,0.0,finance_officer,employee,PG4,8.548301897893209,1.198276324546577,40.38105174705858,318.1825892171054,35.65396505096815,5000.0,DEV-004,7,1.548301897893209,30,0,0,0,0,0,0,4.5,0,0,3.15,LOW
E0008,U016,2026-03-02 07:41:00,logout,,0,0,DEV-004,0,0,,,0,0.0,0,65.0,finance_officer,employee,PG4,8.548301897893209,1.198276324546577,40.38105174705858,318.1825892171054,35.65396505096815,5000.0,DEV-004,7,1.548301897893209,30,0,0,0,0,0,30,6.0,0,0,4.2,LOW
E0090,U016,2026-03-03 06:25:00,login,,0,0,DEV-004,0,0,,,0,0.0,0,0.0,finance_officer,employee,PG4,8.548301897893209,1.198276324546577,40.38105174705858,318.1825892171054,35.65396505096815,5000.0,DEV-004,6,2.548301897893209,60,0,0,0,0,0,0,9.0,0,0,6.3,LOW
E0091,U016,2026-03-03 07:01:00,file_access,RES-008,0,10,DEV-004,0,0,,,0,0.0,0,0.0,finance_officer,employee,PG4,8.548301897893209,1.198276324546577,40.38105174705858,318.1825892171054,35.65396505096815,5000.0,DEV-004,7,1.548301897893209,30,0,0,0,0,0,0,4.5,0,0,3.15,LOW
E0092,U016,2026-03-03 07:14:00,logout,,0,0,DEV-004,0,0,,,0,0.0,0,49.0,finance_officer,employee,PG4,8.548301897893209,1.198276324546577,40.38105174705858,318.1825892171054,35.65396505096815,5000.0,DEV-004,7,1.548301897893209,30,0,0,0,0,0,0,4.5,0,0,3.15,LOW
E0171,U016,2026-03-04 08:51:00,login,,0,0,DEV-004,0,0,,,0,0.0,0,0.0,finance_officer,employee,PG4,8.548301897893209,1.198276324546577,40.38105174705858,318.1825892171054,35.65396505096815,5000.0,DEV-004,8,0.548301897893209,0,0,0,0,0,0,0,0.0,0,0,0.0,LOW
E0186,U016,2026-03-04 09:32:00,file_access,RES-015,0,2,DEV-004,0,0,,,0,0.0,0,0.0,finance_officer,employee,PG4,8.548301897893209,1.198276324546577,40.38105174705858,318.1825892171054,35.65396505096815,5000.0,DEV-004,9,0.45169810210679096,0,0,0,0,0,0,0,0.0,0,0,0.0,LOW
E0194,U016,2026-03-04 09:49:00,logout,,0,0,DEV-004,0,0,,,0,0.0,0,58.0,finance_officer,employee,PG4,8.548301897893209,1.198276324546577,40.38105174705858,318.1825892171054,35.65396505096815,5000.0,DEV-004,9,0.45169810210679096,0,0,0,0,0,0,0,0.0,0,0,0.0,LOW
E0238,U016,2026-03-05 07:39:00,login,,0,0,DEV-004,0,0,,,0,0.0,0,0.0,finance_officer,employee,PG4,8.548301897893209,1.198276324546577,40.38105174705858,318.1825892171054,35.65396505096815,5000.0,DEV-004,7,1.548301897893209,30,0,0,0,0,0,0,4.5,0,0,3.15,LOW
E0240,U016,2026-03-05 07:58:00,file_access,RES-022,0,7,DEV-004,0,0,,,0,0.0,0,0.0,finance_officer,employee,PG4,8.548301897893209,1.198276324546577,40.38105174705858,318.1825892171054,35.65396505096815,5000.0,DEV-004,7,1.548301897893209,30,0,0,0,0,0,0,4.5,0,0,3.15,LOW
E0252,U016,2026-03-05 08:31:00,transaction,,0,0,DEV-004,0,0,,BEN-005,0,342.32,0,0.0,finance_officer,employee,PG4,8.548301897893209,1.198276324546577,40.38105174705858,318.1825892171054,35.65396505096815,5000.0,DEV-004,8,0.548301897893209,0,0,0,0,0,0,0,0.0,0,0,0.0,LOW
E0265,U016,2026-03-05 09:18:00,logout,,0,0,DEV-004,0,0,,,0,0.0,0,99.0,finance_officer,employee,PG4,8.548301897893209,1.198276324546577,40.38105174705858,318.1825892171054,35.65396505096815,5000.0,DEV-004,9,0.45169810210679096,0,0,0,0,0,0,60,3.0,0,0,2.1,LOW
E0318,U016,2026-03-06 07:39:00,login,,0,0,DEV-004,0,0,,,0,0.0,0,0.0,finance_officer,employee,PG4,8.548301897893209,1.198276324546577,40.38105174705858,318.1825892171054,35.65396505096815,5000.0,DEV-004,7,1.548301897893209,30,0,0,0,0,0,0,4.5,0,0,3.15,LOW
E0327,U016,2026-03-06 08:31:00,file_access,RES-009,0,13,DEV-004,0,0,,,0,0.0,0,0.0,finance_officer,employee,PG4,8.548301897893209,1.198276324546577,40.38105174705858,318.1825892171054,35.65396505096815,5000.0,DEV-004,8,0.548301897893209,0,0,0,0,0,0,0,0.0,0,0,0.0,LOW
E0333,U016,2026-03-06 08:49:00,transaction,,0,0,DEV-004,0,0,,BEN-005,0,364.87,0,0.0,finance_officer,employee,PG4,8.548301897893209,1.198276324546577,40.38105174705858,318.1825892171054,35.65396505096815,5000.0,DEV-004,8,0.548301897893209,0,0,30,0,0,0,0,7.5,0,0,5.25,LOW
E0340,U016,2026-03-06 09:04:00,logout,,0,0,DEV-004,0,0,,,0,0.0,0,85.0,finance_officer,employee,PG4,8.548301897893209,1.198276324546577,40.38105174705858,318.1825892171054,35.65396505096815,5000.0,DEV-004,9,0.45169810210679096,0,0,0,0,0,0,60,3.0,0,0,2.1,LOW
E0012,U017,2026-03-02 08:00:00,login,,0,0,DEV-015,0,0,,,0,0.0,0,0.0,analyst,employee,PG5,8.382103298370653,0.6119874012057152,47.21924853985308,278.9227092195921,76.17207740094001,800.0,DEV-015,8,0.3821032983706534,0,0,0,0,0,0,0,0.0,0,0,0.0,LOW
E0020,U017,2026-03-02 08:31:00,file_access,RES-020,0,12,DEV-015,0,0,,,0,0.0,0,0.0,analyst,employee,PG5,8.382103298370653,0.6119874012057152,47.21924853985308,278.9227092195921,76.17207740094001,800.0,DEV-015,8,0.3821032983706534,0,0,0,0,0,0,0,0.0,0,0,0.0,LOW
E0027,U017,2026-03-02 08:59:00,logout,,0,0,DEV-015,0,0,,,0,0.0,0,59.0,analyst,employee,PG5,8.382103298370653,0.6119874012057152,47.21924853985308,278.9227092195921,76.17207740094001,800.0,DEV-015,8,0.3821032983706534,0,0,0,0,0,0,0,0.0,0,0,0.0,LOW
E0163,U017,2026-03-04 08:18:00,login,,0,0,DEV-015,0,0,,,0,0.0,0,0.0,analyst,employee,PG5,8.382103298370653,0.6119874012057152,47.21924853985308,278.9227092195921,76.17207740094001,800.0,DEV-015,8,0.3821032983706534,0,0,0,0,0,0,0,0.0,0,0,0.0,LOW
E0176,U017,2026-03-04 09:07:00,file_access,RES-020,0,2,DEV-015,0,0,,,0,0.0,0,0.0,analyst,employee,PG5,8.382103298370653,0.6119874012057152,47.21924853985308,278.9227092195921,76.17207740094001,800.0,DEV-015,9,0.6178967016293466,30,0,0,0,0,0,0,4.5,0,0,3.15,LOW
E0188,U017,2026-03-04 09:33:00,logout,,0,0,DEV-015,0,0,,,0,0.0,0,75.0,analyst,employee,PG5,8.382103298370653,0.6119874012057152,47.21924853985308,278.9227092195921,76.17207740094001,800.0,DEV-015,9,0.6178967016293466,30,0,0,0,0,0,30,6.0,0,0,4.2,LOW
E0242,U017,2026-03-05 07:59:00,login,,0,0,DEV-015,0,0,,,0,0.0,0,0.0,analyst,employee,PG5,8.382103298370653,0.6119874012057152,47.21924853985308,278.9227092195921,76.17207740094001,800.0,DEV-015,7,1.3821032983706534,60,0,0,0,0,0,0,9.0,0,0,6.3,LOW
E0248,U017,2026-03-05 08:16:00,file_access,RES-019,0,2,DEV-015,0,0,,,0,0.0,0,0.0,analyst,employee,PG5,8.382103298370653,0.6119874012057152,47.21924853985308,278.9227092195921,76.17207740094001,800.0,DEV-015,8,0.3821032983706534,0,0,0,0,0,0,0,0.0,0,0,0.0,LOW
E0262,U017,2026-03-05 09:07:00,logout,,0,0,DEV-015,0,0,,,0,0.0,0,68.0,analyst,employee,PG5,8.382103298370653,0.6119874012057152,47.21924853985308,278.9227092195921,76.17207740094001,800.0,DEV-015,9,0.6178967016293466,30,0,0,0,0,0,0,4.5,0,0,3.15,LOW
E0315,U017,2026-03-06 07:17:00,login,,0,0,DEV-015,0,0,,,0,0.0,0,0.0,analyst,employee,PG5,8.382103298370653,0.6119874012057152,47.21924853985308,278.9227092195921,76.17207740094001,800.0,DEV-015,7,1.3821032983706534,60,0,0,0,0,0,0,9.0,0,0,6.3,LOW
E0324,U017,2026-03-06 08:14:00,file_access,RES-010,0,2,DEV-015,0,0,,,0,0.0,0,0.0,analyst,employee,PG5,8.382103298370653,0.6119874012057152,47.21924853985308,278.9227092195921,76.17207740094001,800.0,DEV-015,8,0.3821032983706534,0,0,0,0,0,0,0,0.0,0,0,0.0,LOW
E0343,U017,2026-03-06 09:09:00,transaction,,0,0,DEV-015,0,0,,BEN-010,0,234.07,0,0.0,analyst,employee,PG5,8.382103298370653,0.6119874012057152,47.21924853985308,278.9227092195921,76.17207740094001,800.0,DEV-015,9,0.6178967016293466,30,0,0,0,0,0,0,4.5,0,0,3.15,LOW
E0352,U017,2026-03-06 09:37:00,logout,,0,0,DEV-015,0,0,,,0,0.0,0,140.0,analyst,employee,PG5,8.382103298370653,0.6119874012057152,47.21924853985308,278.9227092195921,76.17207740094001,800.0,DEV-015,9,0.6178967016293466,30,0,0,0,0,0,60,7.5,0,0,5.25,LOW
E0075,U018,2026-03-02 11:29:00,login,,0,0,DEV-018,0,0,,,0,0.0,0,0.0,manager,employee,PG6,9.322785862747844,1.1797548643295328,54.43118808937992,107.46266426283276,116.48661832322335,1500.0,DEV-018,11,1.6772141372521556,30,0,0,0,0,0,0,4.5,0,0,3.15,LOW
E0080,U018,2026-03-02 12:18:00,file_access,RES-015,0,12,DEV-018,0,0,,,0,0.0,0,0.0,manager,employee,PG6,9.322785862747844,1.1797548643295328,54.43118808937992,107.46266426283276,116.48661832322335,1500.0,DEV-018,12,2.6772141372521556,60,0,0,0,0,0,0,9.0,0,0,6.3,LOW
E0081,U018,2026-03-02 12:40:00,transaction,,0,0,DEV-018,0,0,,BEN-002,0,0.0,0,0.0,manager,employee,PG6,9.322785862747844,1.1797548643295328,54.43118808937992,107.46266426283276,116.48661832322335,1500.0,DEV-018,12,2.6772141372521556,60,0,0,0,0,0,0,9.0,0,0,6.3,LOW
E0083,U018,2026-03-02 13:28:00,logout,,0,0,DEV-018,0,0,,,0,0.0,0,119.0,manager,employee,PG6,9.322785862747844,1.1797548643295328,54.43118808937992,107.46266426283276,116.48661832322335,1500.0,DEV-018,13,3.6772141372521556,100,0,0,0,0,0,60,18.0,0,0,12.6,LOW
E0180,U018,2026-03-04 09:20:00,login,,0,0,DEV-018,0,0,,,0,0.0,0,0.0,manager,employee,PG6,9.322785862747844,1.1797548643295328,54.43118808937992,107.46266426283276,116.48661832322335,1500.0,DEV-018,9,0.3227858627478444,0,0,0,0,0,0,0,0.0,0,0,0.0,LOW
E0199,U018,2026-03-04 10:03:00,file_access,RES-014,0,1,DEV-018,0,0,,,0,0.0,0,0.0,manager,employee,PG6,9.322785862747844,1.1797548643295328,54.43118808937992,107.46266426283276,116.48661832322335,1500.0,DEV-018,10,0.6772141372521556,0,0,0,0,0,0,0,0.0,0,0,0.0,LOW
E0213,U018,2026-03-04 10:51:00,transaction,,0,0,DEV-018,0,0,,BEN-001,0,185.84,0,0.0,manager,employee,PG6,9.322785862747844,1.1797548643295328,54.43118808937992,107.46266426283276,116.48661832322335,1500.0,DEV-018,10,0.6772141372521556,0,0,0,0,0,0,0,0.0,0,0,0.0,LOW
E0225,U018,2026-03-04 11:49:00,logout,,0,0,DEV-018,0,0,,,0,0.0,0,149.0,manager,employee,PG6,9.322785862747844,1.1797548643295328,54.43118808937992,107.46266426283276,116.48661832322335,1500.0,DEV-018,11,1.6772141372521556,30,0,0,0,0,0,60,7.5,0,0,5.25,LOW
E0236,U018,2026-03-05 07:17:00,login,,0,0,DEV-018,0,0,,,0,0.0,0,0.0,manager,employee,PG6,9.322785862747844,1.1797548643295328,54.43118808937992,107.46266426283276,116.48661832322335,1500.0,DEV-018,7,2.3227858627478444,30,0,0,0,0,0,0,4.5,0,0,3.15,LOW
E0241,U018,2026-03-05 07:58:00,file_access,RES-007,0,13,DEV-018,0,0,,,0,0.0,0,0.0,manager,employee,PG6,9.322785862747844,1.1797548643295328,54.43118808937992,107.46266426283276,116.48661832322335,1500.0,DEV-018,7,2.3227858627478444,30,0,0,0,0,0,0,4.5,0,0,3.15,LOW
E0253,U018,2026-03-05 08:38:00,logout,,0,0,DEV-018,0,0,,,0,0.0,0,81.0,manager,employee,PG6,9.322785862747844,1.1797548643295328,54.43118808937992,107.46266426283276,116.48661832322335,1500.0,DEV-018,8,1.3227858627478444,30,0,0,0,0,0,0,4.5,0,0,3.15,LOW
E0329,U018,2026-03-06 08:37:00,login,,0,0,DEV-018,0,0,,,0,0.0,0,0.0,manager,employee,PG6,9.322785862747844,1.1797548643295328,54.43118808937992,107.46266426283276,116.48661832322335,1500.0,DEV-018,8,1.3227858627478444,30,0,0,0,0,0,0,4.5,0,0,3.15,LOW
E0344,U018,2026-03-06 09:09:00,file_access,RES-021,0,2,DEV-018,0,0,,,0,0.0,0,0.0,manager,employee,PG6,9.322785862747844,1.1797548643295328,54.43118808937992,107.46266426283276,116.48661832322335,1500.0,DEV-018,9,0.3227858627478444,0,0,0,0,0,0,0,0.0,0,0,0.0,LOW
E0353,U018,2026-03-06 09:40:00,transaction,,0,0,DEV-018,0,0,,BEN-006,0,140.86,0,0.0,manager,employee,PG6,9.322785862747844,1.1797548643295328,54.43118808937992,107.46266426283276,116.48661832322335,1500.0,DEV-018,9,0.3227858627478444,0,0,0,0,0,0,0,0.0,0,0,0.0,LOW
E0368,U018,2026-03-06 10:10:00,logout,,0,0,DEV-018,0,0,,,0,0.0,0,93.0,manager,employee,PG6,9.322785862747844,1.1797548643295328,54.43118808937992,107.46266426283276,116.48661832322335,1500.0,DEV-018,10,0.6772141372521556,0,0,0,0,0,0,30,1.5,0,0,1.05,LOW
E0065,U019,2026-03-02 10:44:00,login,,0,0,DEV-001,0,0,,,0,0.0,0,0.0,admin,employee,PG1,9.877194498979025,1.038019112860212,33.60701892124181,510.9001801063966,48.97893052136037,3000.0,DEV-001,10,0.12280550102097543,0,0,0,0,0,0,0,0.0,0,0,0.0,LOW
E0074,U019,2026-03-02 11:20:00,file_access,RES-015,0,11,DEV-001,0,0,,,0,0.0,0,0.0,admin,employee,PG1,9.877194498979025,1.038019112860212,33.60701892124181,510.9001801063966,48.97893052136037,3000.0,DEV-001,11,1.1228055010209754,30,0,0,0,0,0,0,4.5,0,0,3.15,LOW
E0076,U019,2026-03-02 11:32:00,logout,,0,0,DEV-001,0,0,,,0,0.0,0,48.0,admin,employee,PG1,9.877194498979025,1.038019112860212,33.60701892124181,510.9001801063966,48.97893052136037,3000.0,DEV-001,11,1.1228055010209754,30,0,0,0,0,0,0,4.5,0,0,3.15,LOW
E0108,U019,2026-03-03 09:20:00,login,,0,0,DEV-001,0,0,,,0,0.0,0,0.0,admin,employee,PG1,9.877194498979025,1.038019112860212,33.60701892124181,510.9001801063966,48.97893052136037,3000.0,DEV-001,9,0.8771944989790246,0,0,0,0,0,0,0,0.0,0,0,0.0,LOW
E0115,U019,2026-03-03 09:41:00,file_access,RES-016,0,2,DEV-001,0,0,,,0,0.0,0,0.0,admin,employee,PG1,9.877194498979025,1.038019112860212,33.60701892124181,510.9001801063966,48.97893052136037,3000.0,DEV-001,9,0.8771944989790246,0,0,0,0,0,0,0,0.0,0,0,0.0,LOW
E0129,U019,2026-03-03 10:16:00,logout,,0,0,DEV-001,0,0,,,0,0.0,0,56.0,admin,employee,PG1,9.877194498979025,1.038019112860212,33.60701892124181,510.9001801063966,48.97893052136037,3000.0,DEV-001,10,0.12280550102097543,0,0,0,0,0,0,30,1.5,0,0,1.05,LOW
E0196,U019,2026-03-04 09:55:00,login,,0,0,DEV-001,0,0,,,0,0.0,0,0.0,admin,employee,PG1,9.877194498979025,1.038019112860212,33.60701892124181,510.9001801063966,48.97893052136037,3000.0,DEV-001,9,0.8771944989790246,0,0,0,0,0,0,0,0.0,0,0,0.0,LOW
E0208,U019,2026-03-04 10:34:00,file_access,RES-020,0,7,DEV-001,0,0,,,0,0.0,0,0.0,admin,employee,PG1,9.877194498979025,1.038019112860212,33.60701892124181,510.9001801063966,48.97893052136037,3000.0,DEV-001,10,0.12280550102097543,0,0,0,0,0,0,0,0.0,0,0,0.0,LOW
E0217,U019,2026-03-04 11:12:00,transaction,,0,0,DEV-001,0,0,,BEN-006,0,508.81,0,0.0,admin,employee,PG1,9.877194498979025,1.038019112860212,33.60701892124181,510.9001801063966,48.97893052136037,3000.0,DEV-001,11,1.1228055010209754,30,0,0,0,0,0,0,4.5,0,0,3.15,LOW
E0227,U019,2026-03-04 11:53:00,logout,,0,0,DEV-001,0,0,,,0,0.0,0,118.0,admin,employee,PG1,9.877194498979025,1.038019112860212,33.60701892124181,510.9001801063966,48.97893052136037,3000.0,DEV-001,11,1.1228055010209754,30,0,0,0,0,0,90,9.0,0,0,6.3,LOW
E0269,U019,2026-03-05 09:35:00,login,,0,0,DEV-001,0,0,,,0,0.0,0,0.0,admin,employee,PG1,9.877194498979025,1.038019112860212,33.60701892124181,510.9001801063966,48.97893052136037,3000.0,DEV-001,9,0.8771944989790246,0,0,0,0,0,0,0,0.0,0,0,0.0,LOW
E0273,U019,2026-03-05 09:48:00,file_access,RES-015,0,8,DEV-001,0,0,,,0,0.0,0,0.0,admin,employee,PG1,9.877194498979025,1.038019112860212,33.60701892124181,510.9001801063966,48.97893052136037,3000.0,DEV-001,9,0.8771944989790246,0,0,0,0,0,0,0,0.0,0,0,0.0,LOW
E0286,U019,2026-03-05 10:29:00,logout,,0,0,DEV-001,0,0,,,0,0.0,0,54.0,admin,employee,PG1,9.877194498979025,1.038019112860212,33.60701892124181,510.9001801063966,48.97893052136037,3000.0,DEV-001,10,0.12280550102097543,0,0,0,0,0,0,30,1.5,0,0,1.05,LOW
E0354,U019,2026-03-06 09:40:00,login,,0,0,DEV-001,0,0,,,0,0.0,0,0.0,admin,employee,PG1,9.877194498979025,1.038019112860212,33.60701892124181,510.9001801063966,48.97893052136037,3000.0,DEV-001,9,0.8771944989790246,0,0,0,0,0,0,0,0.0,0,0,0.0,LOW
E0371,U019,2026-03-06 10:23:00,file_access,RES-013,0,12,DEV-001,0,0,,,0,0.0,0,0.0,admin,employee,PG1,9.877194498979025,1.038019112860212,33.60701892124181,510.9001801063966,48.97893052136037,3000.0,DEV-001,10,0.12280550102097543,0,0,0,0,0,0,0,0.0,0,0,0.0,LOW
E0384,U019,2026-03-06 11:03:00,transaction,,0,0,DEV-001,0,0,,BEN-004,0,560.87,0,0.0,admin,employee,PG1,9.877194498979025,1.038019112860212,33.60701892124181,510.9001801063966,48.97893052136037,3000.0,DEV-001,11,1.1228055010209754,30,0,30,0,0,0,0,12.0,0,0,8.4,LOW
E0386,U019,2026-03-06 11:20:00,logout,,0,0,DEV-001,0,0,,,0,0.0,0,100.0,admin,employee,PG1,9.877194498979025,1.038019112860212,33.60701892124181,510.9001801063966,48.97893052136037,3000.0,DEV-001,11,1.1228055010209754,30,0,0,0,0,0,60,7.5,0,0,5.25,LOW
E0054,U020,2026-03-02 10:07:00,login,,0,0,DEV-004,0,0,,,0,0.0,0,0.0,finance_officer,employee,PG2,10.3845398188027,1.113097058264736,30.53556203004363,1301.406671320716,51.43822566361577,5000.0,DEV-004,10,0.3845398188027005,0,0,0,0,0,0,0,0.0,0,0,0.0,LOW
E0068,U020,2026-03-02 10:53:00,file_access,RES-010,0,8,DEV-004,0,0,,,0,0.0,0,0.0,finance_officer,employee,PG2,10.3845398188027,1.113097058264736,30.53556203004363,1301.406671320716,51.43822566361577,5000.0,DEV-004,10,0.3845398188027005,0,0,0,0,0,0,0,0.0,0,0,0.0,LOW
E0072,U020,2026-03-02 11:12:00,logout,,0,0,DEV-004,0,0,,,0,0.0,0,65.0,finance_officer,employee,PG2,10.3845398188027,1.113097058264736,30.53556203004363,1301.406671320716,51.43822566361577,5000.0,DEV-004,11,0.6154601811972995,0,0,0,0,0,0,60,3.0,0,0,2.1,LOW
E0132,U020,2026-03-03 10:30:00,login,,0,0,DEV-004,0,0,,,0,0.0,0,0.0,finance_officer,employee,PG2,10.3845398188027,1.113097058264736,30.53556203004363,1301.406671320716,51.43822566361577,5000.0,DEV-004,10,0.3845398188027005,0,0,0,0,0,0,0,0.0,0,0,0.0,LOW
E0136,U020,2026-03-03 10:50:00,file_access,RES-020,0,9,DEV-004,0,0,,,0,0.0,0,0.0,finance_officer,employee,PG2,10.3845398188027,1.113097058264736,30.53556203004363,1301.406671320716,51.43822566361577,5000.0,DEV-004,10,0.3845398188027005,0,0,0,0,0,0,0,0.0,0,0,0.0,LOW
E0141,U020,2026-03-03 11:07:00,transaction,,0,0,DEV-004,0,0,,BEN-010,0,1397.95,0,0.0,finance_officer,employee,PG2,10.3845398188027,1.113097058264736,30.53556203004363,1301.406671320716,51.43822566361577,5000.0,DEV-004,11,0.6154601811972995,0,0,30,0,0,0,0,7.5,0,0,5.25,LOW
E0146,U020,2026-03-03 11:33:00,logout,,0,0,DEV-004,0,0,,,0,0.0,0,63.0,finance_officer,employee,PG2,10.3845398188027,1.113097058264736,30.53556203004363,1301.406671320716,51.43822566361577,5000.0,DEV-004,11,0.6154601811972995,0,0,0,0,0,0,60,3.0,0,0,2.1,LOW
E0212,U020,2026-03-04 10:49:00,login,,0,0,DEV-004,0,0,,,0,0.0,0,0.0,finance_officer,employee,PG2,10.3845398188027,1.113097058264736,30.53556203004363,1301.406671320716,51.43822566361577,5000.0,DEV-004,10,0.3845398188027005,0,0,0,0,0,0,0,0.0,0,0,0.0,LOW
E0223,U020,2026-03-04 11:44:00,file_access,RES-019,0,6,DEV-004,0,0,,,0,0.0,0,0.0,finance_officer,employee,PG2,10.3845398188027,1.113097058264736,30.53556203004363,1301.406671320716,51.43822566361577,5000.0,DEV-004,11,0.6154601811972995,0,0,0,0,0,0,0,0.0,0,0,0.0,LOW
E0228,U020,2026-03-04 12:10:00,logout,,0,0,DEV-004,0,0,,,0,0.0,0,81.0,finance_officer,employee,PG2,10.3845398188027,1.113097058264736,30.53556203004363,1301.406671320716,51.43822566361577,5000.0,DEV-004,12,1.6154601811972995,30,0,0,0,0,0,60,7.5,0,0,5.25,LOW
E0278,U020,2026-03-05 10:00:00,login,,0,0,DEV-004,0,0,,,0,0.0,0,0.0,finance_officer,employee,PG2,10.3845398188027,1.113097058264736,30.53556203004363,1301.406671320716,51.43822566361577,5000.0,DEV-004,10,0.3845398188027005,0,0,0,0,0,0,0,0.0,0,0,0.0,LOW
E0283,U020,2026-03-05 10:23:00,file_access,RES-015,0,14,DEV-004,0,0,,,0,0.0,0,0.0,finance_officer,employee,PG2,10.3845398188027,1.113097058264736,30.53556203004363,1301.406671320716,51.43822566361577,5000.0,DEV-004,10,0.3845398188027005,0,0,0,0,0,0,0,0.0,0,0,0.0,LOW
E0295,U020,2026-03-05 10:54:00,logout,,0,0,DEV-004,0,0,,,0,0.0,0,54.0,finance_officer,employee,PG2,10.3845398188027,1.113097058264736,30.53556203004363,1301.406671320716,51.43822566361577,5000.0,DEV-004,10,0.3845398188027005,0,0,0,0,0,0,30,1.5,0,0,1.05,LOW
E0387,U020,2026-03-06 11:22:00,login,,0,0,DEV-004,0,0,,,0,0.0,0,0.0,finance_officer,employee,PG2,10.3845398188027,1.113097058264736,30.53556203004363,1301.406671320716,51.43822566361577,5000.0,DEV-004,11,0.6154601811972995,0,0,0,0,0,0,0,0.0,0,0,0.0,LOW
E0391,U020,2026-03-06 11:48:00,file_access,RES-023,0,13,DEV-004,0,0,,,0,0.0,0,0.0,finance_officer,employee,PG2,10.3845398188027,1.113097058264736,30.53556203004363,1301.406671320716,51.43822566361577,5000.0,DEV-004,11,0.6154601811972995,0,0,0,0,0,0,0,0.0,0,0,0.0,LOW
E0392,U020,2026-03-06 12:12:00,logout,,0,0,DEV-004,0,0,,,0,0.0,0,50.0,finance_officer,employee,PG2,10.3845398188027,1.113097058264736,30.53556203004363,1301.406671320716,51.43822566361577,5000.0,DEV-004,12,1.6154601811972995,30,0,0,0,0,0,30,6.0,0,0,4.2,LOW
E0069,U021,2026-03-02 10:55:00,login,,0,0,DEV-006,0,0,,,0,0.0,0,0.0,analyst,employee,PG3,10.176296424591918,0.708911354014043,45.55797979464021,282.69106343145165,48.34071222595618,800.0,DEV-006,10,0.17629642459191786,0,0,0,0,0,0,0,0.0,0,0,0.0,LOW
E0073,U021,2026-03-02 11:12:00,file_access,RES-013,0,10,DEV-006,0,0,,,0,0.0,0,0.0,analyst,employee,PG3,10.176296424591918,0.708911354014043,45.55797979464021,282.69106343145165,48.34071222595618,800.0,DEV-006,11,0.8237035754080821,30,0,0,0,0,0,0,4.5,0,0,3.15,LOW
E0079,U021,2026-03-02 12:11:00,transaction,,0,0,DEV-006,0,0,,BEN-012,0,285.0,0,0.0,analyst,employee,PG3,10.176296424591918,0.708911354014043,45.55797979464021,282.69106343145165,48.34071222595618,800.0,DEV-006,12,1.8237035754080821,60,0,0,0,0,0,0,9.0,0,0,6.3,LOW
E0082,U021,2026-03-02 12:51:00,logout,,0,0,DEV-006,0,0,,,0,0.0,0,116.0,analyst,employee,PG3,10.176296424591918,0.708911354014043,45.55797979464021,282.69106343145165,48.34071222595618,800.0,DEV-006,12,1.8237035754080821,60,0,0,0,0,0,60,12.0,0,0,8.4,LOW
E0119,U021,2026-03-03 09:51:00,login,,0,0,DEV-006,0,0,,,0,0.0,0,0.0,analyst,employee,PG3,10.176296424591918,0.708911354014043,45.55797979464021,282.69106343145165,48.34071222595618,800.0,DEV-006,9,1.1762964245919179,30,0,0,0,0,0,0,4.5,0,0,3.15,LOW
E0130,U021,2026-03-03 10:20:00,file_access,RES-018,0,11,DEV-006,0,0,,,0,0.0,0,0.0,analyst,employee,PG3,10.176296424591918,0.708911354014043,45.55797979464021,282.69106343145165,48.34071222595618,800.0,DEV-006,10,0.17629642459191786,0,0,0,0,0,0,0,0.0,0,0,0.0,LOW
E0142,U021,2026-03-03 11:11:00,logout,,0,0,DEV-006,0,0,,,0,0.0,0,80.0,analyst,employee,PG3,10.176296424591918,0.708911354014043,45.55797979464021,282.69106343145165,48.34071222595618,800.0,DEV-006,11,0.8237035754080821,30,0,0,0,0,0,30,6.0,0,0,4.2,LOW
E0187,U021,2026-03-04 09:32:00,login,,0,0,DEV-006,0,0,,,0,0.0,0,0.0,analyst,employee,PG3,10.176296424591918,0.708911354014043,45.55797979464021,282.69106343145165,48.34071222595618,800.0,DEV-006,9,1.1762964245919179,30,0,0,0,0,0,0,4.5,0,0,3.15,LOW
E0201,U021,2026-03-04 10:14:00,file_access,RES-016,0,14,DEV-006,0,0,,,0,0.0,0,0.0,analyst,employee,PG3,10.176296424591918,0.708911354014043,45.55797979464021,282.69106343145165,48.34071222595618,800.0,DEV-006,10,0.17629642459191786,0,0,0,0,0,0,0,0.0,0,0,0.0,LOW
E0218,U021,2026-03-04 11:13:00,transaction,,0,0,DEV-006,0,0,,BEN-008,0,283.08,0,0.0,analyst,employee,PG3,10.176296424591918,0.708911354014043,45.55797979464021,282.69106343145165,48.34071222595618,800.0,DEV-006,11,0.8237035754080821,30,0,0,0,0,0,0,4.5,0,0,3.15,LOW
E0221,U021,2026-03-04 11:29:00,logout,,0,0,DEV-006,0,0,,,0,0.0,0,117.0,analyst,employee,PG3,10.176296424591918,0.708911354014043,45.55797979464021,282.69106343145165,48.34071222595618,800.0,DEV-006,11,0.8237035754080821,30,0,0,0,0,0,60,7.5,0,0,5.25,LOW
E0268,U021,2026-03-05 09:26:00,login,,0,0,DEV-006,0,0,,,0,0.0,0,0.0,analyst,employee,PG3,10.176296424591918,0.708911354014043,45.55797979464021,282.69106343145165,48.34071222595618,800.0,DEV-006,9,1.1762964245919179,30,0,0,0,0,0,0,4.5,0,0,3.15,LOW
E0284,U021,2026-03-05 10:26:00,file_access,RES-010,0,2,DEV-006,0,0,,,0,0.0,0,0.0,analyst,employee,PG3,10.176296424591918,0.708911354014043,45.55797979464021,282.69106343145165,48.34071222595618,800.0,DEV-006,10,0.17629642459191786,0,0,0,0,0,0,0,0.0,0,0,0.0,LOW
E0293,U021,2026-03-05 10:47:00,transaction,,0,0,DEV-006,0,0,,BEN-006,0,303.38,0,0.0,analyst,employee,PG3,10.176296424591918,0.708911354014043,45.55797979464021,282.69106343145165,48.34071222595618,800.0,DEV-006,10,0.17629642459191786,0,0,0,0,0,0,0,0.0,0,0,0.0,LOW
E0301,U021,2026-03-05 11:36:00,logout,,0,0,DEV-006,0,0,,,0,0.0,0,130.0,analyst,employee,PG3,10.176296424591918,0.708911354014043,45.55797979464021,282.69106343145165,48.34071222595618,800.0,DEV-006,11,0.8237035754080821,30,0,0,0,0,0,60,7.5,0,0,5.25,LOW
E0363,U021,2026-03-06 09:54:00,login,,0,0,DEV-006,0,0,,,0,0.0,0,0.0,analyst,employee,PG3,10.176296424591918,0.708911354014043,45.55797979464021,282.69106343145165,48.34071222595618,800.0,DEV-006,9,1.1762964245919179,30,0,0,0,0,0,0,4.5,0,0,3.15,LOW
E0378,U021,2026-03-06 10:42:00,file_access,RES-023,0,7,DEV-006,0,0,,,0,0.0,0,0.0,analyst,employee,PG3,10.176296424591918,0.708911354014043,45.55797979464021,282.69106343145165,48.34071222595618,800.0,DEV-006,10,0.17629642459191786,0,0,0,0,0,0,0,0.0,0,0,0.0,LOW
E0389,U021,2026-03-06 11:32:00,logout,,0,0,DEV-006,0,0,,,0,0.0,0,98.0,analyst,employee,PG3,10.176296424591918,0.708911354014043,45.55797979464021,282.69106343145165,48.34071222595618,800.0,DEV-006,11,0.8237035754080821,30,0,0,0,0,0,60,7.5,0,0,5.25,LOW
E0010,U022,2026-03-02 07:48:00,login,,0,0,DEV-001,0,0,,,0,0.0,0,0.0,manager,employee,PG4,9.348447575299064,1.0450385350413909,41.214146887807104,100.37173248316329,68.89872684056077,1500.0,DEV-001,7,2.3484475752990637,60,0,0,0,0,0,0,9.0,0,0,6.3,LOW
E0018,U022,2026-03-02 08:24:00,file_access,RES-023,0,1,DEV-001,0,0,,,0,0.0,0,0.0,manager,employee,PG4,9.348447575299064,1.0450385350413909,41.214146887807104,100.37173248316329,68.89872684056077,1500.0,DEV-001,8,1.3484475752990637,30,0,0,0,0,0,0,4.5,0,0,3.15,LOW
E0023,U022,2026-03-02 08:49:00,logout,,0,0,DEV-001,0,0,,,0,0.0,0,61.0,manager,employee,PG4,9.348447575299064,1.0450385350413909,41.214146887807104,100.37173248316329,68.89872684056077,1500.0,DEV-001,8,1.3484475752990637,30,0,0,0,0,0,0,4.5,0,0,3.15,LOW
E0149,U022,2026-03-03 12:47:00,login,,0,0,DEV-001,0,0,,,0,0.0,0,0.0,manager,employee,PG4,9.348447575299064,1.0450385350413909,41.214146887807104,100.37173248316329,68.89872684056077,1500.0,DEV-001,12,2.6515524247009363,60,0,0,0,0,0,0,9.0,0,0,6.3,LOW
E0150,U022,2026-03-03 12:57:00,file_access,RES-019,0,2,DEV-001,0,0,,,0,0.0,0,0.0,manager,employee,PG4,9.348447575299064,1.0450385350413909,41.214146887807104,100.37173248316329,68.89872684056077,1500.0,DEV-001,12,2.6515524247009363,60,0,0,0,0,0,0,9.0,0,0,6.3,LOW
E0151,U022,2026-03-03 13:13:00,logout,,0,0,DEV-001,0,0,,,0,0.0,0,26.0,manager,employee,PG4,9.348447575299064,1.0450385350413909,41.214146887807104,100.37173248316329,68.89872684056077,1500.0,DEV-001,13,3.6515524247009363,100,0,0,0,0,0,0,15.0,0,0,10.5,LOW
E0159,U022,2026-03-04 07:44:00,login,,0,0,DEV-001,0,0,,,0,0.0,0,0.0,manager,employee,PG4,9.348447575299064,1.0450385350413909,41.214146887807104,100.37173248316329,68.89872684056077,1500.0,DEV-001,7,2.3484475752990637,60,0,0,0,0,0,0,9.0,0,0,6.3,LOW
E0161,U022,2026-03-04 08:08:00,file_access,RES-006,0,1,DEV-001,0,0,,,0,0.0,0,0.0,manager,employee,PG4,9.348447575299064,1.0450385350413909,41.214146887807104,100.37173248316329,68.89872684056077,1500.0,DEV-001,8,1.3484475752990637,30,0,0,0,0,0,0,4.5,0,0,3.15,LOW
E0162,U022,2026-03-04 08:16:00,transaction,,0,0,DEV-001,0,0,,BEN-003,0,82.4,0,0.0,manager,employee,PG4,9.348447575299064,1.0450385350413909,41.214146887807104,100.37173248316329,68.89872684056077,1500.0,DEV-001,8,1.3484475752990637,30,0,0,0,0,0,0,4.5,0,0,3.15,LOW
E0170,U022,2026-03-04 08:41:00,logout,,0,0,DEV-001,0,0,,,0,0.0,0,57.0,manager,employee,PG4,9.348447575299064,1.0450385350413909,41.214146887807104,100.37173248316329,68.89872684056077,1500.0,DEV-001,8,1.3484475752990637,30,0,0,0,0,0,0,4.5,0,0,3.15,LOW
E0290,U022,2026-03-05 10:36:00,login,,0,0,DEV-001,0,0,,,0,0.0,0,0.0,manager,employee,PG4,9.348447575299064,1.0450385350413909,41.214146887807104,100.37173248316329,68.89872684056077,1500.0,DEV-001,10,0.6515524247009363,0,0,0,0,0,0,0,0.0,0,0,0.0,LOW
E0298,U022,2026-03-05 11:24:00,file_access,RES-011,0,3,DEV-001,0,0,,,0,0.0,0,0.0,manager,employee,PG4,9.348447575299064,1.0450385350413909,41.214146887807104,100.37173248316329,68.89872684056077,1500.0,DEV-001,11,1.6515524247009363,30,0,0,0,0,0,0,4.5,0,0,3.15,LOW
E0303,U022,2026-03-05 12:08:00,transaction,,0,0,DEV-001,0,0,,BEN-004,0,166.32,0,0.0,manager,employee,PG4,9.348447575299064,1.0450385350413909,41.214146887807104,100.37173248316329,68.89872684056077,1500.0,DEV-001,12,2.6515524247009363,60,0,0,0,0,0,0,9.0,0,0,6.3,LOW
E0305,U022,2026-03-05 12:49:00,logout,,0,0,DEV-001,0,0,,,0,0.0,0,133.0,manager,employee,PG4,9.348447575299064,1.0450385350413909,41.214146887807104,100.37173248316329,68.89872684056077,1500.0,DEV-001,12,2.6515524247009363,60,0,0,0,0,0,90,13.5,0,0,9.45,LOW
E0322,U022,2026-03-06 08:09:00,login,,0,0,DEV-001,0,0,,,0,0.0,0,0.0,manager,employee,PG4,9.348447575299064,1.0450385350413909,41.214146887807104,100.37173248316329,68.89872684056077,1500.0,DEV-001,8,1.3484475752990637,30,0,0,0,0,0,0,4.5,0,0,3.15,LOW
E0326,U022,2026-03-06 08:28:00,file_access,RES-020,0,11,DEV-001,0,0,,,0,0.0,0,0.0,manager,employee,PG4,9.348447575299064,1.0450385350413909,41.214146887807104,100.37173248316329,68.89872684056077,1500.0,DEV-001,8,1.3484475752990637,30,0,0,0,0,0,0,4.5,0,0,3.15,LOW
E0334,U022,2026-03-06 08:49:00,transaction,,0,0,DEV-001,0,0,,BEN-008,0,26.76,0,0.0,manager,employee,PG4,9.348447575299064,1.0450385350413909,41.214146887807104,100.37173248316329,68.89872684056077,1500.0,DEV-001,8,1.3484475752990637,30,0,30,0,0,0,0,12.0,0,0,8.4,LOW
E0347,U022,2026-03-06 09:17:00,logout,,0,0,DEV-001,0,0,,,0,0.0,0,68.0,manager,employee,PG4,9.348447575299064,1.0450385350413909,41.214146887807104,100.37173248316329,68.89872684056077,1500.0,DEV-001,9,0.34844757529906367,0,0,0,0,0,0,30,1.5,0,0,1.05,LOW
E0001,U023,2026-03-02 06:10:00,login,,0,0,DEV-008,0,0,,,0,0.0,0,0.0,admin,employee,PG5,8.279669313302238,0.7540865370266534,59.41285515775249,1229.4847267159803,58.73427724056705,3000.0,DEV-008,6,2.2796693133022377,100,0,0,0,0,0,0,15.0,0,0,10.5,LOW
E0002,U023,2026-03-02 06:19:00,file_access,RES-020,0,6,DEV-008,0,0,,,0,0.0,0,0.0,admin,employee,PG5,8.279669313302238,0.7540865370266534,59.41285515775249,1229.4847267159803,58.73427724056705,3000.0,DEV-008,6,2.2796693133022377,100,0,0,0,0,0,0,15.0,0,0,10.5,LOW
E0004,U023,2026-03-02 06:48:00,logout,,0,0,DEV-008,0,0,,,0,0.0,0,38.0,admin,employee,PG5,8.279669313302238,0.7540865370266534,59.41285515775249,1229.4847267159803,58.73427724056705,3000.0,DEV-008,6,2.2796693133022377,100,0,0,0,0,0,0,15.0,0,0,10.5,LOW
E0093,U023,2026-03-03 07:54:00,login,,0,0,DEV-008,0,0,,,0,0.0,0,0.0,admin,employee,PG5,8.279669313302238,0.7540865370266534,59.41285515775249,1229.4847267159803,58.73427724056705,3000.0,DEV-008,7,1.2796693133022377,30,0,0,0,0,0,0,4.5,0,0,3.15,LOW
E0095,U023,2026-03-03 08:18:00,file_access,RES-012,0,7,DEV-008,0,0,,,0,0.0,0,0.0,admin,employee,PG5,8.279669313302238,0.7540865370266534,59.41285515775249,1229.4847267159803,58.73427724056705,3000.0,DEV-008,8,0.27966931330223765,0,0,0,0,0,0,0,0.0,0,0,0.0,LOW
E0098,U023,2026-03-03 08:34:00,logout,,0,0,DEV-008,0,0,,,0,0.0,0,40.0,admin,employee,PG5,8.279669313302238,0.7540865370266534,59.41285515775249,1229.4847267159803,58.73427724056705,3000.0,DEV-008,8,0.27966931330223765,0,0,0,0,0,0,0,0.0,0,0,0.0,LOW
E0167,U023,2026-03-04 08:36:00,login,,0,0,DEV-008,0,0,,,0,0.0,0,0.0,admin,employee,PG5,8.279669313302238,0.7540865370266534,59.41285515775249,1229.4847267159803,58.73427724056705,3000.0,DEV-008,8,0.27966931330223765,0,0,0,0,0,0,0,0.0,0,0,0.0,LOW
E0173,U023,2026-03-04 09:03:00,file_access,RES-024,0,5,DEV-008,0,0,,,0,0.0,0,0.0,admin,employee,PG5,8.279669313302238,0.7540865370266534,59.41285515775249,1229.4847267159803,58.73427724056705,3000.0,DEV-008,9,0.7203306866977623,0,0,0,0,0,0,0,0.0,0,0,0.0,LOW
E0184,U023,2026-03-04 09:31:00,logout,,0,0,DEV-008,0,0,,,0,0.0,0,55.0,admin,employee,PG5,8.279669313302238,0.7540865370266534,59.41285515775249,1229.4847267159803,58.73427724056705,3000.0,DEV-008,9,0.7203306866977623,0,0,0,0,0,0,0,0.0,0,0,0.0,LOW
E0336,U023,2026-03-06 08:55:00,login,,0,0,DEV-008,0,0,,,0,0.0,0,0.0,admin,employee,PG5,8.279669313302238,0.7540865370266534,59.41285515775249,1229.4847267159803,58.73427724056705,3000.0,DEV-008,8,0.27966931330223765,0,0,0,0,0,0,0,0.0,0,0,0.0,LOW
E0359,U023,2026-03-06 09:43:00,file_access,RES-007,0,15,DEV-008,0,0,,,0,0.0,0,0.0,admin,employee,PG5,8.279669313302238,0.7540865370266534,59.41285515775249,1229.4847267159803,58.73427724056705,3000.0,DEV-008,9,0.7203306866977623,0,0,0,0,0,0,0,0.0,0,0,0.0,LOW
E0372,U023,2026-03-06 10:24:00,logout,,0,0,DEV-008,0,0,,,0,0.0,0,89.0,admin,employee,PG5,8.279669313302238,0.7540865370266534,59.41285515775249,1229.4847267159803,58.73427724056705,3000.0,DEV-008,10,1.7203306866977623,60,0,0,0,0,0,0,9.0,0,0,6.3,LOW
E0084,U024,2026-03-02 14:53:00,login,,0,0,DEV-003,0,0,,,0,0.0,0,0.0,finance_officer,service_account,PG6,14.0,0.5,57.87797781191976,305.56828496290905,88.31885559799366,5000.0,DEV-003,14,0.0,0,0,0,0,0,0,0,0.0,0,0,0.0,LOW
E0086,U024,2026-03-02 15:16:00,file_access,RES-013,0,10,DEV-003,0,0,,,0,0.0,0,0.0,finance_officer,service_account,PG6,14.0,0.5,57.87797781191976,305.56828496290905,88.31885559799366,5000.0,DEV-003,15,1.0,30,0,0,0,0,0,0,4.5,0,0,3.15,LOW
E0088,U024,2026-03-02 15:40:00,logout,,0,0,DEV-003,0,0,,,0,0.0,0,47.0,finance_officer,service_account,PG6,14.0,0.5,57.87797781191976,305.56828496290905,88.31885559799366,5000.0,DEV-003,15,1.0,30,0,0,0,0,0,0,4.5,0,0,3.15,LOW
E0152,U024,2026-03-03 13:43:00,login,,0,0,DEV-003,0,0,,,0,0.0,0,0.0,finance_officer,service_account,PG6,14.0,0.5,57.87797781191976,305.56828496290905,88.31885559799366,5000.0,DEV-003,13,1.0,30,0,0,0,0,0,0,4.5,0,0,3.15,LOW
E0155,U024,2026-03-03 14:36:00,file_access,RES-010,0,11,DEV-003,0,0,,,0,0.0,0,0.0,finance_officer,service_account,PG6,14.0,0.5,57.87797781191976,305.56828496290905,88.31885559799366,5000.0,DEV-003,14,0.0,0,0,0,0,0,0,0,0.0,0,0,0.0,LOW
E0157,U024,2026-03-03 15:21:00,transaction,,0,0,DEV-003,0,0,,BEN-011,0,212.48,0,0.0,finance_officer,service_account,PG6,14.0,0.5,57.87797781191976,305.56828496290905,88.31885559799366,5000.0,DEV-003,15,1.0,30,0,30,0,0,0,0,12.0,0,0,8.4,LOW
E0158,U024,2026-03-03 15:33:00,logout,,0,0,DEV-003,0,0,,,0,0.0,0,110.0,finance_officer,service_account,PG6,14.0,0.5,57.87797781191976,305.56828496290905,88.31885559799366,5000.0,DEV-003,15,1.0,30,0,0,0,0,0,30,6.0,0,0,4.2,LOW
E0229,U024,2026-03-04 13:37:00,login,,0,0,DEV-003,0,0,,,0,0.0,0,0.0,finance_officer,service_account,PG6,14.0,0.5,57.87797781191976,305.56828496290905,88.31885559799366,5000.0,DEV-003,13,1.0,30,0,0,0,0,0,0,4.5,0,0,3.15,LOW
E0230,U024,2026-03-04 14:05:00,file_access,RES-010,0,2,DEV-003,0,0,,,0,0.0,0,0.0,finance_officer,service_account,PG6,14.0,0.5,57.87797781191976,305.56828496290905,88.31885559799366,5000.0,DEV-003,14,0.0,0,0,0,0,0,0,0,0.0,0,0,0.0,LOW
E0232,U024,2026-03-04 14:35:00,logout,,0,0,DEV-003,0,0,,,0,0.0,0,58.0,finance_officer,service_account,PG6,14.0,0.5,57.87797781191976,305.56828496290905,88.31885559799366,5000.0,DEV-003,14,0.0,0,0,0,0,0,0,0,0.0,0,0,0.0,LOW
E0309,U024,2026-03-05 14:47:00,login,,0,0,DEV-003,0,0,,,0,0.0,0,0.0,finance_officer,service_account,PG6,14.0,0.5,57.87797781191976,305.56828496290905,88.31885559799366,5000.0,DEV-003,14,0.0,0,0,0,0,0,0,0,0.0,0,0,0.0,LOW
E0311,U024,2026-03-05 15:18:00,file_access,RES-011,0,4,DEV-003,0,0,,,0,0.0,0,0.0,finance_officer,service_account,PG6,14.0,0.5,57.87797781191976,305.56828496290905,88.31885559799366,5000.0,DEV-003,15,1.0,30,0,0,0,0,0,0,4.5,0,0,3.15,LOW
E0312,U024,2026-03-05 15:57:00,transaction,,0,0,DEV-003,0,0,,BEN-009,0,365.72,0,0.0,finance_officer,service_account,PG6,14.0,0.5,57.87797781191976,305.56828496290905,88.31885559799366,5000.0,DEV-003,15,1.0,30,0,0,0,0,0,0,4.5,0,0,3.15,LOW
E0313,U024,2026-03-05 16:24:00,logout,,0,0,DEV-003,0,0,,,0,0.0,0,97.0,finance_officer,service_account,PG6,14.0,0.5,57.87797781191976,305.56828496290905,88.31885559799366,5000.0,DEV-003,16,2.0,100,0,0,0,0,0,30,16.5,0,0,11.55,LOW
E0394,U024,2026-03-06 13:53:00,login,,0,0,DEV-003,0,0,,,0,0.0,0,0.0,finance_officer,service_account,PG6,14.0,0.5,57.87797781191976,305.56828496290905,88.31885559799366,5000.0,DEV-003,13,1.0,30,0,0,0,0,0,0,4.5,0,0,3.15,LOW
E0395,U024,2026-03-06 14:08:00,file_access,RES-014,0,15,DEV-003,0,0,,,0,0.0,0,0.0,finance_officer,service_account,PG6,14.0,0.5,57.87797781191976,305.56828496290905,88.31885559799366,5000.0,DEV-003,14,0.0,0,0,0,0,0,0,0,0.0,0,0,0.0,LOW
E0396,U024,2026-03-06 14:48:00,logout,,0,0,DEV-003,0,0,,,0,0.0,0,55.0,finance_officer,service_account,PG6,14.0,0.5,57.87797781191976,305.56828496290905,88.31885559799366,5000.0,DEV-003,14,0.0,0,0,0,0,0,0,0,0.0,0,0,0.0,LOW
E0085,U025,2026-03-02 14:55:00,login,,0,0,DEV-018,0,0,,,0,0.0,0,0.0,analyst,automated_system,PG1,14.0,0.5,50.63337717227951,138.51743934992885,87.03388537184776,800.0,DEV-018,14,0.0,0,0,0,0,0,0,0,0.0,0,0,0.0,LOW
E0087,U025,2026-03-02 15:21:00,file_access,RES-009,0,8,DEV-018,0,0,,,0,0.0,0,0.0,analyst,automated_system,PG1,14.0,0.5,50.63337717227951,138.51743934992885,87.03388537184776,800.0,DEV-018,15,1.0,30,0,0,0,0,0,0,4.5,0,0,3.15,LOW
E0089,U025,2026-03-02 15:40:00,logout,,0,0,DEV-018,0,0,,,0,0.0,0,45.0,analyst,automated_system,PG1,14.0,0.5,50.63337717227951,138.51743934992885,87.03388537184776,800.0,DEV-018,15,1.0,30,0,0,0,0,0,0,4.5,0,0,3.15,LOW
E0153,U025,2026-03-03 13:48:00,login,,0,0,DEV-018,0,0,,,0,0.0,0,0.0,analyst,automated_system,PG1,14.0,0.5,50.63337717227951,138.51743934992885,87.03388537184776,800.0,DEV-018,13,1.0,30,0,0,0,0,0,0,4.5,0,0,3.15,LOW
E0154,U025,2026-03-03 14:07:00,file_access,RES-018,0,14,DEV-018,0,0,,,0,0.0,0,0.0,analyst,automated_system,PG1,14.0,0.5,50.63337717227951,138.51743934992885,87.03388537184776,800.0,DEV-018,14,0.0,0,0,0,0,0,0,0,0.0,0,0,0.0,LOW
E0156,U025,2026-03-03 14:40:00,logout,,0,0,DEV-018,0,0,,,0,0.0,0,52.0,analyst,automated_system,PG1,14.0,0.5,50.63337717227951,138.51743934992885,87.03388537184776,800.0,DEV-018,14,0.0,0,0,0,0,0,0,0,0.0,0,0,0.0,LOW
E0231,U025,2026-03-04 14:16:00,login,,0,0,DEV-018,0,0,,,0,0.0,0,0.0,analyst,automated_system,PG1,14.0,0.5,50.63337717227951,138.51743934992885,87.03388537184776,800.0,DEV-018,14,0.0,0,0,0,0,0,0,0,0.0,0,0,0.0,LOW
E0233,U025,2026-03-04 14:55:00,file_access,RES-009,0,8,DEV-018,0,0,,,0,0.0,0,0.0,analyst,automated_system,PG1,14.0,0.5,50.63337717227951,138.51743934992885,87.03388537184776,800.0,DEV-018,14,0.0,0,0,0,0,0,0,0,0.0,0,0,0.0,LOW
E0234,U025,2026-03-04 15:47:00,transaction,,0,0,DEV-018,0,0,,BEN-011,0,185.38,0,0.0,analyst,automated_system,PG1,14.0,0.5,50.63337717227951,138.51743934992885,87.03388537184776,800.0,DEV-018,15,1.0,30,0,0,0,0,0,0,4.5,0,0,3.15,LOW
E0235,U025,2026-03-04 16:13:00,logout,,0,0,DEV-018,0,0,,,0,0.0,0,117.0,analyst,automated_system,PG1,14.0,0.5,50.63337717227951,138.51743934992885,87.03388537184776,800.0,DEV-018,16,2.0,100,0,0,0,0,0,60,18.0,0,0,12.6,LOW
E0306,U025,2026-03-05 13:23:00,login,,0,0,DEV-018,0,0,,,0,0.0,0,0.0,analyst,automated_system,PG1,14.0,0.5,50.63337717227951,138.51743934992885,87.03388537184776,800.0,DEV-018,13,1.0,30,0,0,0,0,0,0,4.5,0,0,3.15,LOW
E0307,U025,2026-03-05 13:34:00,file_access,RES-013,0,8,DEV-018,0,0,,,0,0.0,0,0.0,analyst,automated_system,PG1,14.0,0.5,50.63337717227951,138.51743934992885,87.03388537184776,800.0,DEV-018,13,1.0,30,0,0,0,0,0,0,4.5,0,0,3.15,LOW
E0308,U025,2026-03-05 14:14:00,transaction,,0,0,DEV-018,0,0,,BEN-006,0,56.53,0,0.0,analyst,automated_system,PG1,14.0,0.5,50.63337717227951,138.51743934992885,87.03388537184776,800.0,DEV-018,14,0.0,0,0,0,0,0,0,0,0.0,0,0,0.0,LOW
E0310,U025,2026-03-05 15:03:00,logout,,0,0,DEV-018,0,0,,,0,0.0,0,100.0,analyst,automated_system,PG1,14.0,0.5,50.63337717227951,138.51743934992885,87.03388537184776,800.0,DEV-018,15,1.0,30,0,0,0,0,0,30,6.0,0,0,4.2,LOW
E0397,U025,2026-03-06 14:52:00,login,,0,0,DEV-018,0,0,,,0,0.0,0,0.0,analyst,automated_system,PG1,14.0,0.5,50.63337717227951,138.51743934992885,87.03388537184776,800.0,DEV-018,14,0.0,0,0,0,0,0,0,0,0.0,0,0,0.0,LOW
E0398,U025,2026-03-06 15:26:00,file_access,RES-015,0,11,DEV-018,0,0,,,0,0.0,0,0.0,analyst,automated_system,PG1,14.0,0.5,50.63337717227951,138.51743934992885,87.03388537184776,800.0,DEV-018,15,1.0,30,0,0,0,0,0,0,4.5,0,0,3.15,LOW
E0399,U025,2026-03-06 15:39:00,transaction,,0,0,DEV-018,0,0,,BEN-001,0,169.46,0,0.0,analyst,automated_system,PG1,14.0,0.5,50.63337717227951,138.51743934992885,87.03388537184776,800.0,DEV-018,15,1.0,30,0,0,0,0,0,0,4.5,0,0,3.15,LOW
E0400,U025,2026-03-06 15:51:00,logout,,0,0,DEV-018,0,0,,,0,0.0,0,59.0,analyst,automated_system,PG1,14.0,0.5,50.63337717227951,138.51743934992885,87.03388537184776,800.0,DEV-018,15,1.0,30,0,0,0,0,0,0,4.5,0,0,3.15,LOW
